date,ror,res,ps_gen,ps_pump,load,solar,wind,hydro,price_mean,price_spread,year,doy
2017-06-01,48.572199999999995,56.3089,15.336799999999998,0.0,176.6674,8.4295,0.1022,120.2179,37.974583333333335,16.23,2017,152
2017-06-02,50.8609,52.131099999999996,16.5362,0.0,169.1862,8.4696,0.0853,119.5282,35.68083333333333,15.240000000000002,2017,153
2017-06-03,53.095099999999995,47.7224,8.1646,0.0,157.083,7.9351,0.1384,108.9821,29.925416666666667,12.069999999999997,2017,154
2017-06-04,53.8943,49.200199999999995,3.5423,0.0,157.2731,6.5462,0.3478,106.6368,22.018333333333334,28.520000000000003,2017,155
2017-06-05,53.5205,49.423199999999994,4.6803,0.0,161.86229999999998,4.3712,0.0631,107.624,26.902916666666666,16.85,2017,156
2017-06-06,52.0479,58.6818,8.598600000000001,0.0,193.5284,4.3064,0.8238,119.32830000000001,28.533749999999998,17.969999999999995,2017,157
2017-06-07,52.2697,51.6641,8.4538,0.0,185.4168,7.618,0.5383,112.38759999999999,24.529583333333335,25.75,2017,158
2017-06-08,50.8331,52.4243,15.263200000000001,0.0,169.7457,10.960300000000002,0.0986,118.5206,30.43166666666667,33.97,2017,159
2017-06-09,47.4706,52.1019,17.970299999999998,0.0,166.0341,5.6562,0.39380000000000004,117.54279999999999,31.264583333333334,18.19,2017,160
2017-06-10,43.4961,34.290699999999994,11.625,0.0,144.092,9.284600000000001,0.1099,89.4118,29.5925,12.93,2017,161
2017-06-11,42.3985,34.4895,4.3533,0.0,153.1773,9.095,0.1449,81.24130000000001,22.797916666666666,24.82,2017,162
2017-06-12,41.0396,49.6365,15.6275,0.0,176.9295,7.4241,0.34690000000000004,106.30359999999999,30.250833333333333,21.970000000000002,2017,163
2017-06-13,40.8666,61.991,20.941,0.0,175.0935,9.7872,0.1183,123.7986,32.94041666666667,24.74,2017,164
2017-06-14,40.497699999999995,61.6326,21.4112,0.0,174.5725,7.4876000000000005,0.127,123.54149999999998,37.739583333333336,16.369999999999997,2017,165
2017-06-15,40.2593,47.1487,9.0009,0.0,169.0794,9.4668,0.21480000000000002,96.4089,34.01208333333333,11.780000000000001,2017,166
2017-06-16,43.5441,47.796699999999994,8.4092,0.0,178.1064,9.1206,0.4854,99.75,31.98125,15.470000000000002,2017,167
2017-06-17,42.9084,46.987199999999994,8.547799999999999,0.0,156.3286,10.775799999999998,0.5026,98.4434,26.883750000000003,17.42,2017,168
2017-06-18,41.469199999999994,43.4422,6.4888,0.0,149.206,10.7425,0.5195,91.40019999999998,26.93041666666667,20.400000000000002,2017,169
2017-06-19,41.535599999999995,66.4798,18.9267,0.0,169.68429999999998,10.443100000000001,0.21930000000000002,126.9421,38.66041666666667,22.200000000000003,2017,170
2017-06-20,40.9675,59.273900000000005,16.5549,0.0,177.0305,10.153,0.15769999999999998,116.7963,36.90708333333333,14.120000000000001,2017,171
2017-06-21,41.3605,67.521,19.156,0.0,177.7489,9.3944,0.1258,128.0375,39.595416666666665,16.979999999999997,2017,172
2017-06-22,40.8762,51.4762,14.8885,0.0,179.6686,9.105799999999999,0.18519999999999998,107.24089999999998,37.22291666666667,14.490000000000002,2017,173
2017-06-23,39.78,56.4144,12.862200000000001,0.0,179.0103,8.3395,0.4102,109.0566,35.47208333333334,12.670000000000002,2017,174
2017-06-24,38.658,38.9418,4.8028,0.0,169.44529999999997,5.5969,0.288,82.4026,28.55541666666667,10.360000000000003,2017,175
2017-06-25,37.9089,38.1479,5.1688,0.0,160.5794,7.2663,0.2522,81.22560000000001,23.27416666666667,21.54,2017,176
2017-06-26,43.2602,63.779900000000005,18.9659,0.0,173.20510000000002,9.7274,0.182,126.006,37.17166666666667,14.689999999999998,2017,177
2017-06-27,46.7299,87.485,22.492900000000002,0.0,176.6069,7.0866999999999996,0.1569,156.7078,39.98083333333333,19.22,2017,178
2017-06-28,45.9086,84.9754,17.3428,0.0,178.16979999999998,7.0455,0.2233,148.2268,36.29833333333333,16.6,2017,179
2017-06-29,48.957300000000004,77.818,16.7127,0.0,170.8628,7.1084,0.11810000000000001,143.488,37.44875,19.060000000000002,2017,180
2017-06-30,50.2562,57.128099999999996,12.9661,0.0,168.62189999999998,9.4162,0.1152,120.3504,32.75208333333333,13.079999999999998,2017,181
2017-07-01,50.0637,35.0435,5.208699999999999,0.0,153.8329,6.7265,0.1817,90.3159,29.609583333333333,9.149999999999999,2017,182
2017-07-02,49.529,30.1938,5.740600000000001,0.0,150.1874,3.1273,0.3063,85.46340000000001,25.436666666666667,25.490000000000002,2017,183
2017-07-03,49.294599999999996,48.691300000000005,14.1506,0.0,165.60520000000002,8.4486,0.1754,112.1365,35.07875,11.900000000000002,2017,184
2017-07-04,48.2404,57.2344,14.6164,0.0,168.823,10.3232,0.1162,120.0912,37.18,15.970000000000002,2017,185
2017-07-05,45.8805,61.8921,17.8684,0.0,171.25029999999998,10.48,0.148,125.64099999999999,38.66833333333333,12.799999999999997,2017,186
2017-07-06,44.2013,62.839800000000004,19.313299999999998,0.0,172.1122,10.5795,0.1022,126.3544,39.615833333333335,16.01,2017,187
2017-07-07,43.5387,64.8324,18.6136,0.0,174.2799,8.4065,0.10060000000000001,126.98470000000002,38.70791666666667,17.76,2017,188
2017-07-08,41.6751,39.2659,5.6944,0.0,163.5791,7.6093,0.0693,86.6354,35.364583333333336,10.18,2017,189
2017-07-09,43.9826,39.4379,4.5809,0.0,160.47529999999998,4.7598,0.1406,88.0014,33.897083333333335,11.86,2017,190
2017-07-10,46.0435,81.5571,22.2015,0.0,174.0062,5.9666999999999994,0.5202,149.80210000000002,39.300000000000004,14.399999999999999,2017,191
2017-07-11,48.1345,66.122,13.519200000000001,0.0,171.5526,6.5779,0.2895,127.7757,38.878750000000004,15.700000000000003,2017,192
2017-07-12,45.0974,66.4685,12.473600000000001,0.0,170.9749,7.2693,0.6652,124.0395,36.783750000000005,13.840000000000003,2017,193
2017-07-13,42.5765,62.9522,11.9997,0.0,171.3702,8.053600000000001,0.2238,117.5284,36.51083333333333,17.59,2017,194
2017-07-14,41.558,43.786,10.2591,0.0,167.7552,6.9862,0.5448999999999999,95.6031,35.59583333333333,10.579999999999998,2017,195
2017-07-15,41.9216,28.9554,3.4749,0.0,153.10979999999998,7.646100000000001,0.4044,74.3519,34.32208333333333,11.190000000000001,2017,196
2017-07-16,40.2367,17.597,3.2763,0.0,150.5136,9.7174,0.225,61.11,30.680833333333336,12.71,2017,197
2017-07-17,39.781800000000004,72.7872,15.3784,0.0,159.0299,10.228399999999999,0.2081,127.9474,37.76375,13.64,2017,198
2017-07-18,38.3783,74.775,15.5319,0.0,165.06879999999998,9.0793,0.14959999999999998,128.6852,39.097500000000004,13.120000000000001,2017,199
2017-07-19,39.878699999999995,70.66239999999999,13.5799,0.0,170.214,8.9249,0.32630000000000003,124.12099999999998,37.49333333333333,14.010000000000002,2017,200
2017-07-20,41.267300000000006,63.6447,11.1229,0.0,167.7445,7.4465,0.488,116.03490000000001,38.558749999999996,16.1,2017,201
2017-07-21,42.308,63.398,8.0707,0.0,168.92520000000002,7.4002,0.1928,113.7767,36.72708333333333,13.580000000000002,2017,202
2017-07-22,40.5514,41.5171,4.6286000000000005,0.0,151.8355,8.134,0.348,86.6971,33.130833333333335,8.490000000000002,2017,203
2017-07-23,39.594699999999996,37.068,3.8349,0.0,155.7335,5.4526,0.4928,80.4976,28.530416666666667,18.049999999999997,2017,204
2017-07-24,38.5021,77.2357,13.3559,0.0,153.52329999999998,4.2962,0.6876,129.09369999999998,37.59791666666667,16.09,2017,205
2017-07-25,42.770300000000006,46.0921,5.8515,0.0,163.8581,5.0543000000000005,0.6117,94.71390000000001,36.170833333333334,13.5,2017,206
2017-07-26,50.644,57.7902,9.5349,0.0,163.09279999999998,5.397399999999999,0.6304,117.9691,34.389583333333334,15.850000000000001,2017,207
2017-07-27,51.2663,55.0709,11.2618,0.0,159.74720000000002,5.6229,0.4186,117.59899999999999,33.68625,14.260000000000002,2017,208
2017-07-28,50.839,44.7915,6.626900000000001,0.0,156.6198,6.2238,0.4397,102.2574,31.118750000000002,9.610000000000003,2017,209
2017-07-29,51.1524,24.944,2.6725,0.0,159.1229,9.1063,0.2374,78.7689,25.510416666666668,16.47,2017,210
2017-07-30,50.2043,29.408900000000003,3.7673,0.0,155.9425,8.055399999999999,0.4011,83.38050000000001,14.282916666666667,29.770000000000003,2017,211
2017-07-31,50.1674,66.3337,13.6255,0.0,149.1084,6.6503000000000005,0.3362,130.1266,32.525,12.939999999999998,2017,212
2017-08-01,48.593300000000006,71.25619999999999,13.3844,0.0,133.995,8.0813,0.28659999999999997,133.2339,34.722500000000004,11.009999999999998,2017,213
2017-08-02,49.2434,70.0034,14.591700000000001,0.0,160.0087,8.5425,0.15469999999999998,133.8385,33.93625,14.470000000000002,2017,214
2017-08-03,48.4379,65.8669,10.324200000000001,0.0,163.9456,7.5524,0.427,124.629,28.059166666666666,10.669999999999998,2017,215
2017-08-04,47.6211,73.177,14.6769,0.0,166.1371,6.9516,0.333,135.475,29.220416666666665,14.879999999999999,2017,216
2017-08-05,47.0938,47.927800000000005,6.033600000000001,0.0,149.61329999999998,7.5276000000000005,0.348,101.05520000000001,29.772499999999997,11.899999999999995,2017,217
2017-08-06,45.5191,44.164199999999994,4.815300000000001,0.0,159.9033,5.3839,0.2368,94.49860000000001,24.452916666666667,20.740000000000002,2017,218
2017-08-07,44.498400000000004,63.119800000000005,11.8696,0.0,158.8918,9.926200000000001,0.3751,119.48780000000001,31.372083333333336,12.900000000000002,2017,219
2017-08-08,44.340300000000006,73.859,13.543700000000001,0.0,169.0556,2.4874,0.4791,131.743,32.41708333333333,13.420000000000002,2017,220
2017-08-09,45.708,89.4692,17.864099999999997,0.0,171.99120000000002,5.5587,0.16069999999999998,153.0413,30.879583333333333,17.229999999999997,2017,221
2017-08-10,48.3765,92.4435,22.1958,0.0,168.9345,2.2336,0.18059999999999998,163.01579999999998,34.315,13.969999999999999,2017,222
2017-08-11,51.4741,84.975,16.8729,0.0,168.6267,2.5673000000000004,0.2265,153.322,34.924166666666665,16.119999999999997,2017,223
2017-08-12,51.566300000000005,28.9019,1.4662,0.0,161.30020000000002,5.4876,0.254,81.93440000000001,24.947916666666668,10.75,2017,224
2017-08-13,51.0304,36.086800000000004,2.8299000000000003,0.0,146.5402,8.5442,0.135,89.94709999999999,20.505416666666665,23.020000000000003,2017,225
2017-08-14,50.6773,52.1361,11.0306,0.0,156.6471,9.192200000000001,0.18059999999999998,113.844,31.355416666666667,10.759999999999998,2017,226
2017-08-15,49.973699999999994,51.0985,7.7184,0.0,166.3946,7.7428,0.3431,108.7906,27.7075,16.080000000000002,2017,227
2017-08-16,48.655300000000004,83.3876,17.2382,0.0,165.081,7.4479,0.16040000000000001,149.2811,34.44041666666667,16.81,2017,228
2017-08-17,48.055,66.7337,11.0531,0.0,168.3158,8.2667,0.12940000000000002,125.8418,34.11083333333333,10.939999999999998,2017,229
2017-08-18,48.0221,78.958,13.7146,0.0,167.85170000000002,7.3153999999999995,0.3664,140.69469999999998,33.73041666666666,11.879999999999995,2017,230
2017-08-19,48.361200000000004,25.504,2.2043000000000004,0.0,173.49460000000002,5.7482,0.3897,76.0695,20.555416666666666,13.600000000000001,2017,231
2017-08-20,46.2873,24.5731,2.3225,0.0,155.87879999999998,7.3106,0.2084,73.1829,13.131666666666666,28.479999999999997,2017,232
2017-08-21,45.858,56.8258,11.1951,0.0,167.4585,6.217899999999999,0.09559999999999999,113.87889999999999,32.602916666666665,22.16,2017,233
2017-08-22,45.153400000000005,54.6174,13.6315,0.0,166.59879999999998,8.2637,0.0947,113.40230000000001,35.87083333333333,17.18,2017,234
2017-08-23,43.628699999999995,57.2459,13.0043,0.0,172.42829999999998,8.1445,0.15419999999999998,113.87889999999999,37.135,17.28,2017,235
2017-08-24,43.9844,62.4065,14.6144,0.0,175.5563,4.2645,0.3138,121.0053,36.62625,16.61,2017,236
2017-08-25,42.7474,68.87819999999999,13.9695,0.0,171.80829999999997,7.7113000000000005,0.3065,125.59509999999999,38.41916666666666,17.720000000000002,2017,237
2017-08-26,40.9467,73.1424,7.1733,0.0,154.09810000000002,7.5463000000000005,0.2854,121.2624,34.21,12.23,2017,238
2017-08-27,38.5156,41.483599999999996,4.4589,0.0,155.88629999999998,5.1508,0.2216,84.4581,31.248333333333335,16.49,2017,239
2017-08-28,38.729,61.670300000000005,15.1061,0.0,173.7798,6.8088999999999995,0.0407,115.50540000000001,41.209583333333335,21.310000000000002,2017,240
2017-08-29,37.0601,61.714800000000004,14.495299999999999,0.0,173.9207,8.35,0.0963,113.2702,40.800000000000004,19.67,2017,241
2017-08-30,39.3046,57.547,11.1639,0.0,178.022,6.6989,0.3634,108.01549999999999,40.25958333333333,15.559999999999999,2017,242
2017-08-31,42.1746,61.3195,9.030700000000001,0.0,184.75820000000002,1.3839000000000001,0.4975,112.5248,40.18833333333333,17.51,2017,243
2018-06-01,71.24860000000001,62.4351,15.9882,0.0,169.85070000000002,11.768799999999999,0.2621,149.67190000000002,47.97625,20.89,2018,152
2018-06-02,71.2065,46.2629,7.824,0.0,151.67170000000002,13.4675,0.16319999999999998,125.2934,40.1025,13.409999999999997,2018,153
2018-06-03,70.6839,42.9224,6.3026,0.0,152.5044,4.9909,0.09390000000000001,119.9089,33.91791666666666,21.26,2018,154
2018-06-04,68.42139999999999,83.0599,18.8332,0.0,173.3229,7.6245,0.2013,170.31449999999998,47.00375,24.709999999999994,2018,155
2018-06-05,70.7939,83.8341,21.1569,0.0,169.5544,5.890899999999999,0.1298,175.7849,50.33083333333334,26.5,2018,156
2018-06-06,70.46310000000001,70.6778,13.8674,0.0,174.7464,8.2375,0.1747,155.00830000000002,52.17083333333333,25.299999999999997,2018,157
2018-06-07,70.8396,71.8287,15.5624,0.0,173.9617,4.7071000000000005,0.0599,158.23069999999998,51.69625,30.120000000000005,2018,158
2018-06-08,70.305,63.819900000000004,13.7825,0.0,167.5766,8.3799,0.1293,147.90740000000002,50.343333333333334,24.15,2018,159
2018-06-09,50.5769,49.376,8.4687,0.0,154.08960000000002,11.8282,0.11320000000000001,108.4216,41.76083333333333,12.219999999999999,2018,160
2018-06-10,71.2591,46.5562,5.6817,0.0,158.4677,12.4082,0.1697,123.49700000000001,34.82791666666667,22.590000000000003,2018,161
2018-06-11,68.7946,77.2863,17.6572,0.0,175.6647,6.4714,0.22030000000000002,163.73809999999997,48.13625,29.09,2018,162
2018-06-12,71.92460000000001,71.2307,14.628200000000001,0.0,179.1634,1.5042,0.0315,157.7835,49.147083333333335,23.810000000000002,2018,163
2018-06-13,71.8113,81.2824,18.9998,0.0,178.116,2.1401,0.2016,172.0935,47.51791666666667,21.65,2018,164
2018-06-14,70.6945,60.969800000000006,9.4538,0.0,177.50070000000002,10.2404,0.26439999999999997,141.11810000000003,45.01583333333334,17.759999999999998,2018,165
2018-06-15,71.14189999999999,62.7449,14.3675,0.0,169.7336,12.525,0.2296,148.2543,49.540416666666665,22.08,2018,166
2018-06-16,69.5379,53.0798,7.5986,0.0,154.6549,12.0539,0.1436,130.2163,39.86291666666667,12.119999999999997,2018,167
2018-06-17,68.8185,41.455,4.1892,0.0,156.1383,1.5800999999999998,0.0,114.4627,27.91125,32.010000000000005,2018,168
2018-06-18,68.5325,51.0316,11.1939,0.0,169.899,5.6522,0.1245,130.75799999999998,45.05125,20.990000000000002,2018,169
2018-06-19,70.1939,61.594199999999994,17.7673,0.0,175.4444,12.971,0.18730000000000002,149.5554,46.58708333333333,23.36,2018,170
2018-06-20,70.1644,64.9478,19.102,0.0,172.9276,9.815700000000001,0.0803,154.2142,45.355,17.9,2018,171
2018-06-21,69.73710000000001,49.1025,10.006,0.0,187.78310000000002,0.6043,0.055200000000000006,128.84560000000002,41.11083333333333,18.21,2018,172
2018-06-22,68.07169999999999,43.854,4.8036,0.0,198.9627,12.5146,0.6109,116.7293,29.109583333333333,25.51,2018,173
2018-06-23,67.4854,43.5109,4.7706,0.0,175.746,12.927,0.4132,115.76689999999999,26.46666666666667,23.519999999999996,2018,174
2018-06-24,63.6271,39.4914,6.4051,0.0,151.3534,4.9674000000000005,0.07890000000000001,109.5236,27.829166666666666,23.93,2018,175
2018-06-25,91.5541,52.842800000000004,17.6977,0.0,165.59,4.735099999999999,0.12240000000000001,162.0946,47.314166666666665,29.060000000000002,2018,176
2018-06-26,78.44319999999999,56.5381,20.724700000000002,0.0,165.0791,11.268,0.161,155.706,48.81875,22.71,2018,177
2018-06-27,80.55969999999999,50.517900000000004,16.7089,0.0,165.0785,0.607,0.066,147.7865,46.65875,15.799999999999997,2018,178
2018-06-28,78.9705,54.8071,18.547,0.0,171.2908,10.1785,0.9247,152.3246,45.737500000000004,19.790000000000006,2018,179
2018-06-29,82.04560000000001,49.6669,16.0563,0.0,169.0241,11.203700000000001,0.6615,147.7688,45.09291666666667,21.5,2018,180
2018-06-30,80.88289999999999,34.8173,7.9733,0.0,154.0891,13.67,0.2348,123.67349999999999,42.16916666666667,11.11,2018,181
2018-07-01,81.7235,33.5174,3.9571,0.0,168.04229999999998,7.1131,0.1348,119.19800000000001,34.17875,36.89,2018,182
2018-07-02,84.89110000000001,58.3286,13.468399999999999,0.0,173.42260000000002,4.7402,0.047700000000000006,156.68810000000002,47.70583333333334,20.64,2018,183
2018-07-03,86.07889999999999,72.06989999999999,15.4889,0.0,170.65079999999998,1.841,0.0062,173.6377,50.945,19.410000000000004,2018,184
2018-07-04,84.0965,84.8847,19.0512,0.0,167.61120000000003,12.1444,0.10710000000000001,188.0324,54.51791666666667,21.259999999999998,2018,185
2018-07-05,86.7437,82.7199,16.3063,0.0,168.88320000000002,6.033,0.32080000000000003,185.76989999999998,50.291666666666664,16.830000000000005,2018,186
2018-07-06,86.0539,64.8803,11.034199999999998,0.0,168.1165,5.833699999999999,0.4711,161.9684,49.009166666666665,16.35,2018,187
2018-07-07,80.8027,36.6834,4.8203000000000005,0.0,150.4606,13.6655,0.31060000000000004,122.3064,40.12625,9.899999999999999,2018,188
2018-07-08,78.1964,37.5234,4.34,0.0,143.4679,0.8933,0.2124,120.0598,35.527499999999996,36.019999999999996,2018,189
2018-07-09,87.11019999999999,63.5997,11.818,0.0,162.8297,14.3177,0.30619999999999997,162.52790000000002,49.00625,16.03,2018,190
2018-07-10,86.5642,62.1043,11.32,0.0,165.9282,10.081700000000001,0.38339999999999996,159.9885,54.861250000000005,19.509999999999998,2018,191
2018-07-11,78.72160000000001,66.5718,16.7299,0.0,164.06470000000002,12.8079,0.261,162.0233,54.38583333333333,15.660000000000004,2018,192
2018-07-12,71.6142,60.3791,10.7179,0.0,163.6475,15.036200000000001,0.24059999999999998,142.71120000000002,53.262499999999996,15.11,2018,193
2018-07-13,71.0608,58.618,11.2618,0.0,162.6841,13.5586,0.1734,140.9406,51.33708333333333,12.79,2018,194
2018-07-14,64.2723,43.172,6.7845,0.0,147.03560000000002,11.702399999999999,0.0839,114.22879999999999,47.692499999999995,10.799999999999997,2018,195
2018-07-15,58.8964,42.6133,5.7829,0.0,141.875,1.7855,0.049800000000000004,107.29260000000001,46.82666666666666,14.760000000000005,2018,196
2018-07-16,74.9325,70.47930000000001,12.090399999999999,0.0,161.3571,14.5748,0.2024,157.50220000000002,55.087916666666665,16.79,2018,197
2018-07-17,78.6693,57.154300000000006,9.7579,0.0,162.24820000000003,11.7784,0.3807,145.5815,53.66041666666666,14.810000000000002,2018,198
2018-07-18,77.6533,55.356,8.1643,0.0,164.3714,14.4375,0.1974,141.1736,49.69416666666667,16.619999999999997,2018,199
2018-07-19,73.1897,65.0291,11.332699999999999,0.0,165.868,9.1608,0.2788,149.55149999999998,52.2875,18.32,2018,200
2018-07-20,72.42580000000001,76.2494,14.078,0.0,161.8638,9.5764,0.3152,162.75320000000002,53.06333333333333,15.39,2018,201
2018-07-21,76.40010000000001,67.2746,9.688799999999999,0.0,145.3887,6.0513,0.1731,153.36350000000002,49.84583333333333,11.04,2018,202
2018-07-22,62.3321,32.7714,4.954,0.0,135.9613,4.241,0.053399999999999996,100.05749999999999,47.07916666666667,13.439999999999998,2018,203
2018-07-23,67.9357,77.35839999999999,14.5178,0.0,152.3233,11.6622,0.2885,159.81189999999998,53.75,16.809999999999995,2018,204
2018-07-24,69.787,86.9015,16.1232,0.0,153.1754,4.2571,0.1087,172.8117,56.185,15.740000000000002,2018,205
2018-07-25,71.2725,82.9707,13.999600000000001,0.0,155.2274,7.5007,0.0705,168.2428,58.221666666666664,18.550000000000004,2018,206
2018-07-26,74.9963,71.3993,10.703,0.0,159.6511,5.741,0.0611,157.0986,56.95583333333334,16.17,2018,207
2018-07-27,72.9518,57.2349,8.1638,0.0,158.1556,12.2545,0.1346,138.3505,54.91041666666666,16.68,2018,208
2018-07-28,72.7176,37.206300000000006,3.1505,0.0,150.0009,5.4685,0.30319999999999997,113.0744,47.020833333333336,13.32,2018,209
2018-07-29,51.8933,35.314,3.9282,0.0,144.2647,13.961,0.1551,91.13550000000001,47.479166666666664,16.700000000000003,2018,210
2018-07-30,57.2988,79.0933,12.023399999999999,0.0,152.5074,13.8096,0.1376,148.4155,54.40708333333333,19.189999999999998,2018,211
2018-07-31,58.7473,73.5782,9.6935,0.0,156.16320000000002,12.7958,0.1666,142.019,56.595,19.029999999999994,2018,212
2018-08-01,74.1629,87.9974,13.309,0.0,135.9793,6.4125,0.2909,175.4693,56.96625,20.020000000000003,2018,213
2018-08-02,72.9477,93.1157,17.7484,0.0,154.84210000000002,5.594399999999999,0.0916,183.8118,59.21541666666667,21.730000000000004,2018,214
2018-08-03,75.54780000000001,99.4234,18.2739,0.0,154.085,12.534799999999999,0.4181,193.2451,62.59458333333333,25.11,2018,215
2018-08-04,69.40939999999999,65.18769999999999,6.6327,0.0,140.81189999999998,10.6061,0.194,141.22979999999998,53.05166666666667,10.36,2018,216
2018-08-05,68.6447,44.716,5.775600000000001,0.0,144.98329999999999,11.300600000000001,0.1855,119.1363,48.481249999999996,24.86,2018,217
2018-08-06,73.2084,91.5391,15.6005,0.0,161.118,11.4551,0.2954,180.348,62.30833333333334,33.39000000000001,2018,218
2018-08-07,72.1378,98.5569,19.9663,0.0,161.9582,4.2873,0.0548,190.661,62.61625,28.33,2018,219
2018-08-08,70.31089999999999,71.3389,7.5564,0.0,169.2167,7.7606,0.4073,149.20619999999997,57.26166666666666,23.659999999999997,2018,220
2018-08-09,69.0176,63.283699999999996,6.9209,0.0,166.35770000000002,9.2125,0.7723000000000001,139.2222,57.07458333333333,20.550000000000004,2018,221
2018-08-10,69.45110000000001,63.71770000000001,4.5042,0.0,171.0197,9.9602,0.37839999999999996,137.67300000000003,43.8775,32.25,2018,222
2018-08-11,57.647,37.3894,3.4273,0.0,155.49720000000002,12.077,0.22679999999999997,98.4637,46.89666666666667,16.369999999999997,2018,223
2018-08-12,51.111599999999996,44.1892,5.1363,0.0,147.6349,2.1647999999999996,0.07390000000000001,100.4371,47.530833333333334,28.57,2018,224
2018-08-13,63.5889,89.37240000000001,12.9093,0.0,160.70170000000002,6.738,0.7161000000000001,165.87060000000002,54.59708333333333,20.259999999999998,2018,225
2018-08-14,66.434,71.4315,7.0727,0.0,165.1301,3.5564,0.0112,144.9382,53.69541666666667,15.490000000000002,2018,226
2018-08-15,48.943,50.433800000000005,4.6613999999999995,0.0,162.1925,12.7233,0.198,104.0382,54.345416666666665,16.560000000000002,2018,227
2018-08-16,57.2659,53.148,6.695,0.0,165.55939999999998,6.576,0.0927,117.1089,56.80291666666667,18.520000000000003,2018,228
2018-08-17,68.67569999999999,63.8296,7.4517,0.0,164.6467,8.7612,0.2251,139.95699999999997,58.40375,16.839999999999996,2018,229
2018-08-18,47.6403,44.7202,4.81,0.0,146.81779999999998,9.2341,0.1874,97.1705,52.173750000000005,15.0,2018,230
2018-08-19,54.8256,32.9269,3.5591,0.0,146.2752,10.544,0.18530000000000002,91.3116,50.52375,22.490000000000002,2018,231
2018-08-20,57.5261,87.3892,12.5998,0.0,167.1432,0.5184,0.1994,157.5151,58.712500000000006,22.620000000000005,2018,232
2018-08-21,64.70609999999999,90.369,14.433200000000001,0.0,168.6825,7.4438,0.18580000000000002,169.5083,66.78666666666668,27.949999999999996,2018,233
2018-08-22,67.5827,78.91510000000001,13.5808,0.0,170.33010000000002,7.0633,0.1288,160.07860000000002,65.08083333333333,25.85,2018,234
2018-08-23,68.4039,74.9609,11.4455,0.0,172.9864,9.5153,0.1751,154.8103,65.79416666666667,23.35000000000001,2018,235
2018-08-24,61.11,58.6995,7.2829,0.0,172.5661,7.7421999999999995,0.6053,127.0924,62.57125,18.029999999999994,2018,236
2018-08-25,55.999900000000004,37.5281,2.7835,0.0,152.6637,2.6755,0.6713,96.31150000000001,58.91416666666667,15.360000000000007,2018,237
2018-08-26,49.744800000000005,30.545,1.7933999999999999,0.0,150.1204,8.8293,0.3512,82.08320000000002,53.98374999999999,23.4,2018,238
2018-08-27,44.2859,69.9512,8.1764,0.0,165.76479999999998,7.899900000000001,0.323,122.4135,63.52041666666667,19.110000000000007,2018,239
2018-08-28,37.3414,81.1361,11.048699999999998,0.0,166.6559,5.387899999999999,0.07529999999999999,129.5262,68.34916666666668,29.239999999999995,2018,240
2018-08-29,38.5989,69.7706,8.324399999999999,0.0,173.0231,8.5845,0.6857000000000001,116.6939,67.18958333333333,19.339999999999996,2018,241
2018-08-30,47.0433,74.2805,7.089,0.0,173.25539999999998,2.8272000000000004,0.2922,128.4128,66.09958333333333,24.159999999999997,2018,242
2018-08-31,55.276,61.9945,9.0395,0.0,174.9169,2.2638000000000003,0.29369999999999996,126.31,66.96833333333333,22.509999999999998,2018,243
2019-06-01,67.81530000000001,30.259,3.0846999999999998,0.0,158.3575,13.5145,0.2271,101.159,31.596666666666668,20.44,2019,152
2019-06-02,70.9084,31.753100000000003,3.811,0.0,158.63629999999998,13.6475,0.1074,106.4725,21.337500000000002,37.92,2019,153
2019-06-03,80.1876,55.021800000000006,15.0032,0.0,172.2911,11.588799999999999,0.1761,150.2126,35.52166666666667,30.08,2019,154
2019-06-04,87.35719999999999,56.031400000000005,14.538,0.0,166.7937,12.9062,0.1401,157.9266,39.5875,18.709999999999997,2019,155
2019-06-05,88.579,62.222199999999994,17.632900000000003,0.0,176.9859,12.27,0.3077,168.4341,35.78375,21.17,2019,156
2019-06-06,88.0056,65.6644,17.5179,0.0,177.66670000000002,5.0607,0.3962,171.1879,34.939166666666665,17.34,2019,157
2019-06-07,84.78569999999999,56.286300000000004,11.8515,0.0,166.5929,11.452699999999998,0.6626000000000001,152.9235,33.8125,19.689999999999998,2019,158
2019-06-08,78.7898,45.877,3.3590999999999998,0.0,170.1595,13.3178,0.546,128.0259,18.157083333333333,22.8,2019,159
2019-06-09,84.6153,44.476,9.722700000000001,0.0,158.52329999999998,4.8743,0.5416,138.814,22.087500000000002,30.07,2019,160
2019-06-10,78.8241,55.3837,11.575700000000001,0.0,156.05579999999998,4.0873,0.2766,145.7835,27.929166666666664,14.86,2019,161
2019-06-11,68.0632,75.0225,22.8425,0.0,175.9781,0.047,0.2022,165.92819999999998,39.49875,16.950000000000003,2019,162
2019-06-12,72.9245,72.8375,19.122799999999998,0.0,174.0712,9.895,0.32080000000000003,164.88479999999998,41.106249999999996,15.600000000000001,2019,163
2019-06-13,82.6988,56.692699999999995,12.4696,0.0,181.4839,12.2041,0.2031,151.86110000000002,36.193333333333335,14.760000000000002,2019,164
2019-06-14,83.44919999999999,60.5319,16.5613,0.0,171.7344,9.9771,0.6023999999999999,160.5424,38.12708333333333,17.159999999999997,2019,165
2019-06-15,78.7868,49.5478,9.0892,0.0,172.0479,8.9962,0.603,137.4238,30.612916666666667,17.46,2019,166
2019-06-16,83.3597,49.865199999999994,10.4236,0.0,158.321,8.7879,0.21359999999999998,143.64849999999998,27.837083333333336,23.540000000000003,2019,167
2019-06-17,88.57469999999999,59.5863,13.4314,0.0,168.9589,12.914399999999999,0.2606,161.5924,35.99583333333333,11.669999999999998,2019,168
2019-06-18,89.9496,66.9615,16.113799999999998,0.0,172.7057,11.6458,0.1482,173.0249,36.00541666666667,11.890000000000004,2019,169
2019-06-19,63.9636,64.8415,18.6437,0.0,169.3364,12.7727,0.2299,147.44879999999998,36.80833333333333,9.229999999999997,2019,170
2019-06-20,91.20960000000001,61.5316,15.847199999999999,0.0,167.3802,7.5315,0.176,168.58839999999998,35.66958333333333,11.09,2019,171
2019-06-21,90.4987,65.1523,17.8643,0.0,174.2569,7.6983999999999995,0.10890000000000001,173.51530000000002,37.89416666666667,14.689999999999998,2019,172
2019-06-22,90.7709,54.9167,10.888,0.0,164.04729999999998,6.2978000000000005,0.1469,156.5756,32.339166666666664,7.220000000000002,2019,173
2019-06-23,90.8639,55.866699999999994,6.4612,0.0,164.1432,12.5494,0.0685,153.19179999999997,19.533333333333335,32.14,2019,174
2019-06-24,90.9428,65.809,13.332600000000001,0.0,177.494,13.1911,0.0708,170.08440000000002,32.129583333333336,17.21,2019,175
2019-06-25,89.04560000000001,77.9627,20.6334,0.0,180.8649,12.937299999999999,0.0682,187.64170000000001,34.86875,14.46,2019,176
2019-06-26,92.6388,84.4341,21.1006,0.0,175.707,12.902700000000001,0.067,198.1735,33.954166666666666,9.580000000000002,2019,177
2019-06-27,96.4207,80.7181,16.8932,0.0,182.7565,13.414,0.0986,194.032,33.05291666666667,14.770000000000003,2019,178
2019-06-28,97.14139999999999,89.9588,18.413700000000002,0.0,176.6318,13.174,0.2037,205.51389999999998,35.246249999999996,10.150000000000002,2019,179
2019-06-29,77.98939999999999,77.5691,15.2075,0.0,168.1337,13.392100000000001,0.4516,170.766,31.813333333333333,11.839999999999996,2019,180
2019-06-30,97.3562,70.464,11.777700000000001,0.0,165.7861,12.8457,0.28409999999999996,179.5979,6.745,70.48,2019,181
2019-07-01,98.0471,93.127,18.7735,0.0,179.6927,10.7477,0.2877,209.94760000000002,30.384583333333335,15.009999999999998,2019,182
2019-07-02,96.4785,87.7615,16.1202,0.0,179.3235,10.537700000000001,0.1237,200.36020000000002,31.979583333333334,15.010000000000005,2019,183
2019-07-03,91.1994,88.926,16.546400000000002,0.0,173.8631,10.2724,0.17079999999999998,196.67180000000002,33.9425,12.720000000000002,2019,184
2019-07-04,86.8682,91.319,18.167099999999998,0.0,170.1554,12.2286,0.3128,196.35430000000002,32.43,14.800000000000004,2019,185
2019-07-05,86.0856,94.2933,16.7377,0.0,168.5598,12.6914,0.09770000000000001,197.11659999999998,33.4575,14.91,2019,186
2019-07-06,85.5277,82.0188,9.892299999999999,0.0,148.24439999999998,7.5123,0.4088,177.4388,28.595,15.41,2019,187
2019-07-07,85.5887,78.4867,7.3624,0.0,151.3617,10.0399,0.485,171.4378,18.687916666666666,32.29,2019,188
2019-07-08,85.3642,97.45339999999999,19.8789,0.0,165.5109,8.1851,0.1167,202.69649999999996,32.7875,11.530000000000001,2019,189
2019-07-09,85.1475,98.4154,18.8473,0.0,166.8446,10.023699999999998,0.20670000000000002,202.4102,35.72708333333333,11.060000000000002,2019,190
2019-07-10,76.7891,93.0912,15.6111,0.0,167.879,12.2695,0.30639999999999995,185.4914,38.422916666666666,12.41,2019,191
2019-07-11,79.56939999999999,107.547,23.1596,0.0,167.5062,7.0321,0.13,210.276,42.61375,16.689999999999998,2019,192
2019-07-12,81.035,99.1405,16.3037,0.0,161.29270000000002,7.455,0.4698,196.4792,41.04833333333333,11.669999999999995,2019,193
2019-07-13,68.89139999999999,53.8898,6.5352,0.0,155.46970000000002,10.542200000000001,0.43160000000000004,129.3164,36.12791666666667,4.75,2019,194
2019-07-14,68.23519999999999,48.046099999999996,6.1995,0.0,144.42780000000002,10.8843,0.4131,122.48079999999999,33.01416666666667,13.04,2019,195
2019-07-15,75.2363,90.248,13.544300000000002,0.0,160.83689999999999,7.8248,0.292,179.0286,40.20333333333333,12.82,2019,196
2019-07-16,75.9332,84.2439,11.7793,0.0,165.0161,12.771799999999999,0.1722,171.9564,43.39541666666667,13.270000000000003,2019,197
2019-07-17,82.4802,86.3094,12.748700000000001,0.0,162.6422,12.121,0.1673,181.53830000000002,45.53791666666667,14.409999999999997,2019,198
2019-07-18,82.478,82.9609,10.6744,0.0,161.7014,11.282800000000002,0.1519,176.11329999999998,43.12083333333334,11.120000000000005,2019,199
2019-07-19,83.86489999999999,98.2347,17.171,0.0,155.8023,12.017100000000001,0.21509999999999999,199.2706,42.62833333333334,11.950000000000003,2019,200
2019-07-20,74.43360000000001,60.684,4.4338999999999995,0.0,157.9554,10.908299999999999,0.43760000000000004,139.5515,37.13458333333333,10.839999999999996,2019,201
2019-07-21,66.70110000000001,64.6514,3.9374000000000002,0.0,159.2215,10.088899999999999,0.1948,135.28990000000002,30.328333333333333,28.619999999999997,2019,202
2019-07-22,77.3507,97.66,14.177700000000002,0.0,158.7821,11.7446,0.0938,189.1884,42.669999999999995,13.399999999999999,2019,203
2019-07-23,77.6579,101.6653,16.768,0.0,158.5881,12.2819,0.1022,196.0912,45.63125,21.299999999999997,2019,204
2019-07-24,80.34230000000001,111.8025,20.1798,0.0,165.5616,12.4192,0.1008,212.3246,48.06333333333333,27.92,2019,205
2019-07-25,80.424,116.8073,23.5404,0.0,160.64,12.046,0.1051,220.7717,50.74916666666667,27.11,2019,206
2019-07-26,80.3082,109.966,19.973200000000002,0.0,159.2751,10.2772,0.1092,210.2474,45.206250000000004,14.219999999999999,2019,207
2019-07-27,79.9805,66.2651,6.253100000000001,0.0,152.7761,7.4295,0.2059,152.4987,35.85333333333333,6.159999999999997,2019,208
2019-07-28,76.1195,59.7552,3.6279,0.0,160.7187,2.3014,0.8873,139.50260000000003,34.33041666666667,7.91,2019,209
2019-07-29,82.6838,74.0891,8.6255,0.0,156.8851,8.9774,0.1768,165.39839999999998,40.31333333333333,12.870000000000005,2019,210
2019-07-30,84.74810000000001,80.90180000000001,12.698799999999999,0.0,149.4334,11.5939,0.2733,178.3487,40.94416666666667,7.359999999999999,2019,211
2019-07-31,81.55069999999999,91.54769999999999,13.8861,0.0,149.46020000000001,7.623,0.3426,186.98449999999997,39.095,6.780000000000001,2019,212
2019-08-01,78.8509,101.8776,15.674,0.0,124.0698,11.8593,0.14780000000000001,196.4025,39.24708333333333,5.689999999999998,2019,213
2019-08-02,78.9148,108.30810000000001,18.0534,0.0,140.0162,7.134600000000001,0.2518,205.27630000000002,40.974583333333335,5.880000000000003,2019,214
2019-08-03,71.1048,70.8502,9.603399999999999,0.0,129.4178,11.0084,0.1715,151.55839999999998,37.32083333333333,6.25,2019,215
2019-08-04,57.4193,51.82,7.4216999999999995,0.0,138.5317,12.0222,0.1415,116.661,34.69166666666667,12.009999999999998,2019,216
2019-08-05,64.9022,84.7396,14.9475,0.0,150.4296,10.0078,0.26139999999999997,164.58929999999998,40.19958333333333,9.589999999999996,2019,217
2019-08-06,61.2746,81.6656,14.5939,0.0,159.158,5.6752,0.3633,157.5341,39.895,10.86,2019,218
2019-08-07,63.816300000000005,86.0326,12.5443,0.0,160.164,3.1641999999999997,0.646,162.3932,40.34583333333333,9.32,2019,219
2019-08-08,65.0827,71.50619999999999,9.0037,0.0,169.4741,11.309899999999999,0.1316,145.5926,34.47208333333334,11.229999999999997,2019,220
2019-08-09,71.6429,83.70089999999999,14.1623,0.0,154.5937,10.9701,0.7932,169.50609999999998,33.800000000000004,7.609999999999999,2019,221
2019-08-10,54.0085,47.2489,4.7845,0.0,163.2739,5.2946,0.5752,106.04189999999998,16.1575,18.88,2019,222
2019-08-11,65.971,47.822300000000006,5.5447,0.0,158.9401,10.2633,0.2527,119.33800000000002,19.038333333333334,27.54,2019,223
2019-08-12,70.83189999999999,83.23219999999999,12.7365,0.0,164.7455,4.2469,0.2853,166.8006,32.31541666666667,12.860000000000003,2019,224
2019-08-13,73.092,89.8179,13.793700000000001,0.0,168.7488,7.3649,0.3266,176.7036,33.76291666666667,9.160000000000004,2019,225
2019-08-14,69.9681,70.74380000000001,10.3376,0.0,160.62120000000002,11.216299999999999,0.16340000000000002,151.04950000000002,31.493333333333336,8.850000000000001,2019,226
2019-08-15,53.458400000000005,59.4624,9.081299999999999,0.0,158.86270000000002,7.0352,0.506,122.00210000000001,27.63625,9.169999999999998,2019,227
2019-08-16,65.73910000000001,91.84939999999999,18.667,0.0,153.003,10.9398,0.8058,176.2555,29.13,7.41,2019,228
2019-08-17,54.240199999999994,72.0174,9.844,0.0,144.8594,6.6553,0.4525,136.1016,25.19125,14.229999999999997,2019,229
2019-08-18,47.250800000000005,63.31,7.0313,0.0,142.2558,11.3258,0.48510000000000003,117.5921,25.390833333333333,21.990000000000002,2019,230
2019-08-19,68.6006,93.2621,14.5472,0.0,171.9437,6.4716000000000005,0.1123,176.40990000000002,32.98583333333333,11.41,2019,231
2019-08-20,75.10419999999999,102.8099,18.2865,0.0,172.2826,2.1472,0.1383,196.20059999999998,35.98916666666667,12.100000000000005,2019,232
2019-08-21,73.65939999999999,107.93780000000001,16.703200000000002,0.0,164.81429999999997,7.7741999999999996,0.5512999999999999,198.3004,34.22125,10.96,2019,233
2019-08-22,72.8779,123.49260000000001,15.1739,0.0,166.92839999999998,7.1416,0.425,211.5444,32.28458333333334,9.440000000000001,2019,234
2019-08-23,72.7927,128.907,19.092299999999998,0.0,163.2887,6.6043,0.4178,220.792,33.075833333333335,9.240000000000002,2019,235
2019-08-24,62.1194,103.7954,11.464799999999999,0.0,146.5276,9.8629,0.2048,177.3796,29.02541666666667,3.8699999999999974,2019,236
2019-08-25,53.293099999999995,99.2671,8.9764,0.0,140.92329999999998,10.8263,0.0983,161.53660000000002,28.687916666666666,12.269999999999996,2019,237
2019-08-26,66.94030000000001,124.7771,21.104899999999997,0.0,160.8168,10.6181,0.0935,212.82229999999998,37.22208333333334,17.02,2019,238
2019-08-27,64.2997,119.99289999999999,22.2578,0.0,165.88660000000002,9.9661,0.1135,206.5504,43.364583333333336,20.870000000000005,2019,239
2019-08-28,63.405300000000004,121.9073,18.935200000000002,0.0,168.56210000000002,7.7856000000000005,0.08979999999999999,204.2478,45.602916666666665,21.449999999999996,2019,240
2019-08-29,59.720800000000004,108.1852,17.486,0.0,168.94910000000002,7.4947,0.0975,185.392,43.06875,15.629999999999995,2019,241
2019-08-30,60.12629999999999,101.43639999999999,13.962299999999999,0.0,165.85520000000002,10.1821,0.12290000000000001,175.52499999999998,39.160000000000004,14.43,2019,242
2019-08-31,59.9841,63.0465,3.2665,0.0,158.9787,9.2082,0.2144,126.29709999999999,34.297916666666666,12.369999999999997,2019,243
2020-06-01,47.313199999999995,26.18,5.2757,0.0,163.3572,16.0644,0.2821,78.7689,6.052083333333333,36.25,2020,153
2020-06-02,55.515800000000006,47.8677,15.052700000000002,0.0,156.9098,16.0001,0.14759999999999998,118.4362,19.181250000000002,8.9,2020,154
2020-06-03,59.466300000000004,74.4161,21.1717,0.0,157.166,12.582,0.2355,155.0541,23.691666666666666,8.739999999999998,2020,155
2020-06-04,63.6656,77.8309,18.9634,0.0,164.8224,4.6423000000000005,0.486,160.4599,24.58875,10.719999999999999,2020,156
2020-06-05,57.722699999999996,46.040099999999995,4.6912,0.0,179.9447,7.4749,0.725,108.454,24.06125,11.98,2020,157
2020-06-06,47.345800000000004,31.7325,2.6959,0.0,178.165,8.0561,0.7525,81.77420000000001,10.4,23.05,2020,158
2020-06-07,51.1401,48.8127,4.479100000000001,0.0,163.9214,5.7989,0.1676,104.4319,13.532083333333333,21.02,2020,159
2020-06-08,60.9582,73.7051,15.911100000000001,0.0,168.517,9.5823,0.131,150.5744,30.77208333333333,17.799999999999997,2020,160
2020-06-09,56.612,74.7735,17.1248,0.0,171.08679999999998,4.967,0.21409999999999998,148.5103,31.7975,12.200000000000003,2020,161
2020-06-10,55.5125,75.7419,17.3601,0.0,173.0831,5.7398,0.1227,148.6145,30.047083333333333,12.690000000000001,2020,162
2020-06-11,55.825900000000004,44.3744,5.9293000000000005,0.0,171.35739999999998,11.8155,0.11359999999999999,106.1296,25.87375,11.190000000000001,2020,163
2020-06-12,57.8506,41.6665,5.3261,0.0,172.3342,15.061,0.3348,104.8432,22.601249999999997,10.579999999999998,2020,164
2020-06-13,51.2584,31.067,4.9124,0.0,161.6764,10.915299999999998,0.2586,87.23780000000001,20.224166666666665,11.57,2020,165
2020-06-14,51.360200000000006,34.3396,6.381399999999999,0.0,147.0129,5.1745,0.2405,92.08120000000001,17.63958333333333,12.31,2020,166
2020-06-15,61.6935,75.9636,22.4689,0.0,160.68529999999998,8.209,0.1288,160.126,29.041666666666668,19.76,2020,167
2020-06-16,61.0327,80.50989999999999,22.282400000000003,0.0,157.8474,11.0979,0.1124,163.825,34.61208333333334,16.400000000000002,2020,168
2020-06-17,63.4543,71.88210000000001,14.5905,0.0,162.5807,6.1704,0.1855,149.92690000000002,32.150416666666665,13.339999999999996,2020,169
2020-06-18,64.0984,66.1292,12.5355,0.0,168.4724,12.3364,0.11220000000000001,142.7631,30.765,11.829999999999998,2020,170
2020-06-19,63.187,74.4254,15.6459,0.0,163.5503,8.5434,0.1603,153.2583,29.927916666666665,11.239999999999998,2020,171
2020-06-20,40.8529,41.9582,4.5688,0.0,154.214,13.1076,0.1041,87.37989999999999,22.188333333333333,16.81,2020,172
2020-06-21,48.701,28.6538,2.5946,0.0,153.0576,14.0478,0.2327,79.9494,19.755416666666665,22.96,2020,173
2020-06-22,60.4396,71.1803,15.317,0.0,161.62879999999998,13.306099999999999,0.24530000000000002,146.9369,29.008750000000003,15.389999999999997,2020,174
2020-06-23,64.9826,71.2651,16.5856,0.0,157.53979999999999,15.9921,0.3777,152.8333,32.63875,16.580000000000002,2020,175
2020-06-24,69.4803,69.1314,15.239799999999999,0.0,162.32139999999998,15.870899999999999,0.377,153.8515,34.315,18.58,2020,176
2020-06-25,67.73939999999999,68.03580000000001,13.020299999999999,0.0,166.4207,14.9725,0.1114,148.79549999999998,35.1725,18.25,2020,177
2020-06-26,67.8982,68.6167,15.5547,0.0,167.35770000000002,10.788,0.2858,152.0696,34.57625,19.209999999999997,2020,178
2020-06-27,62.5036,36.9946,5.3191999999999995,0.0,161.5761,12.7721,0.30040000000000006,104.81739999999999,28.151666666666667,13.309999999999999,2020,179
2020-06-28,59.64,32.9054,4.8966,0.0,155.6088,9.0151,0.36010000000000003,97.44200000000001,18.342499999999998,24.479999999999997,2020,180
2020-06-29,72.6154,70.8781,11.8595,0.0,167.4409,11.128200000000001,0.44189999999999996,155.35299999999998,28.839166666666667,15.690000000000005,2020,181
2020-06-30,74.0868,67.5425,15.167,0.0,165.7536,15.768799999999999,0.2531,156.7963,29.563333333333333,14.629999999999999,2020,182
2020-07-01,75.84710000000001,90.082,20.369400000000002,0.0,170.19879999999998,13.9275,0.2717,186.29850000000002,35.22291666666667,17.770000000000003,2020,183
2020-07-02,76.51610000000001,96.574,23.253,0.0,167.2685,10.539,0.3703,196.3431,36.71,19.560000000000002,2020,184
2020-07-03,79.5449,72.2435,10.7756,0.0,163.34220000000002,7.9444,0.18309999999999998,162.564,35.552083333333336,19.020000000000003,2020,185
2020-07-04,77.37939999999999,39.8524,2.7636999999999996,0.0,166.3233,15.1444,0.1446,119.99549999999999,20.80875,13.73,2020,186
2020-07-05,74.57010000000001,35.7935,2.3435,0.0,155.9627,15.4662,0.3624,112.70710000000003,7.646249999999999,48.83,2020,187
2020-07-06,77.28139999999999,65.8964,7.056,0.0,170.8748,11.0929,0.6108,150.2338,27.61791666666667,24.690000000000005,2020,188
2020-07-07,75.6364,80.8309,11.4107,0.0,164.5551,16.6345,0.2155,167.878,34.27166666666667,15.719999999999999,2020,189
2020-07-08,72.9132,92.478,20.446,0.0,164.9874,15.904399999999999,0.1194,185.8372,39.013333333333335,14.419999999999998,2020,190
2020-07-09,72.3844,91.2325,18.6388,0.0,163.5369,15.3018,0.1262,182.2557,41.37083333333333,18.260000000000005,2020,191
2020-07-10,69.593,82.6779,9.186200000000001,0.0,162.7815,12.8606,0.5096,161.4571,37.503750000000004,12.130000000000003,2020,192
2020-07-11,73.819,44.177099999999996,3.5696,0.0,160.2363,9.9641,0.243,121.56569999999999,29.755,15.079999999999998,2020,193
2020-07-12,69.1555,27.3194,2.7244,0.0,159.2252,16.2394,0.36210000000000003,99.19930000000001,25.714166666666667,25.29,2020,194
2020-07-13,68.8001,62.9862,8.6377,0.0,164.5701,15.2447,0.2263,140.42399999999998,35.575833333333335,19.02,2020,195
2020-07-14,68.552,74.50139999999999,15.080200000000001,0.0,159.95860000000002,14.206,0.1227,158.1336,35.56458333333333,13.45,2020,196
2020-07-15,68.3509,90.953,23.047400000000003,0.0,162.7224,6.3452,0.13190000000000002,182.3513,38.91958333333333,17.119999999999997,2020,197
2020-07-16,64.9927,87.9597,24.1683,0.0,161.84779999999998,5.4899,0.2734,177.1207,40.79541666666667,17.889999999999997,2020,198
2020-07-17,64.6062,71.2095,11.0779,0.0,157.23860000000002,7.9103,0.2471,146.8936,38.982083333333335,16.71,2020,199
2020-07-18,59.343700000000005,48.274699999999996,5.414,0.0,150.8113,15.494200000000001,0.227,113.03240000000001,29.684583333333332,12.239999999999998,2020,200
2020-07-19,57.130199999999995,31.589299999999998,6.2558,0.0,141.7202,15.484300000000001,0.1417,94.97529999999999,26.118750000000002,18.549999999999997,2020,201
2020-07-20,71.6837,73.6588,9.8565,0.0,154.1492,15.062,0.08070000000000001,155.199,34.67333333333333,15.810000000000002,2020,202
2020-07-21,71.5408,76.7836,10.210899999999999,0.0,159.8531,10.5753,0.0681,158.53530000000003,36.20041666666666,15.599999999999998,2020,203
2020-07-22,72.1166,82.9547,15.6135,0.0,161.004,11.0459,0.1894,170.6848,35.8775,20.06,2020,204
2020-07-23,78.0476,84.05460000000001,13.9485,0.0,155.494,13.7473,0.13229999999999997,176.0507,36.538333333333334,16.58,2020,205
2020-07-24,77.9128,77.7832,11.300799999999999,0.0,153.36970000000002,7.225,0.13169999999999998,166.9968,34.503750000000004,12.130000000000003,2020,206
2020-07-25,71.2379,40.0208,4.655,0.0,145.1249,14.299299999999999,0.0722,115.9137,29.113333333333333,9.579999999999998,2020,207
2020-07-26,50.5916,39.625800000000005,5.8999,0.0,143.2407,12.1446,0.4176,96.1173,18.6225,29.15,2020,208
2020-07-27,59.36729999999999,71.4205,11.4354,0.0,149.2461,14.8376,0.2238,142.2232,32.73625,12.320000000000004,2020,209
2020-07-28,66.9767,78.46560000000001,12.3385,0.0,160.11860000000001,11.530700000000001,0.5367999999999999,157.7808,32.70708333333334,15.450000000000003,2020,210
2020-07-29,71.1168,82.3932,17.8922,0.0,155.42,13.601700000000001,0.075,171.4022,34.22875,12.350000000000001,2020,211
2020-07-30,71.2642,84.8004,17.0697,0.0,156.23489999999998,13.915899999999999,0.0681,173.1343,36.650416666666665,19.88,2020,212
2020-07-31,69.8155,88.36580000000001,19.134900000000002,0.0,153.4871,13.8221,0.1166,177.31620000000004,38.385,21.119999999999997,2020,213
2020-08-01,64.6194,46.887699999999995,6.7511,0.0,146.568,10.57,0.1596,118.25819999999999,32.560833333333335,10.639999999999997,2020,214
2020-08-02,54.242599999999996,41.915800000000004,3.6856999999999998,0.0,153.854,6.9601999999999995,0.17959999999999998,99.8441,29.217916666666667,13.789999999999996,2020,215
2020-08-03,69.8828,80.846,13.5865,0.0,160.85739999999998,3.2944,0.28,164.3153,36.512499999999996,17.540000000000003,2020,216
2020-08-04,74.6039,68.8655,9.4816,0.0,162.57829999999998,6.6753,0.371,152.95100000000002,35.767500000000005,14.120000000000001,2020,217
2020-08-05,62.081900000000005,55.245400000000004,7.203399999999999,0.0,166.80020000000002,15.023299999999999,0.3236,124.53070000000001,32.9325,22.18,2020,218
2020-08-06,59.8993,60.3933,9.759799999999998,0.0,158.819,14.8237,0.19469999999999998,130.05239999999998,34.989583333333336,22.479999999999997,2020,219
2020-08-07,59.5281,70.95110000000001,14.714199999999998,0.0,155.1575,14.3335,0.142,145.19340000000003,34.91416666666667,18.86,2020,220
2020-08-08,57.458400000000005,55.522,8.141,0.0,150.7883,14.133,0.111,121.12140000000001,32.53458333333334,13.029999999999998,2020,221
2020-08-09,50.4077,37.573,5.0408,0.0,155.52960000000002,13.9765,0.1298,93.0215,29.150833333333335,16.119999999999997,2020,222
2020-08-10,64.1053,84.60860000000001,15.386199999999999,0.0,167.18460000000002,11.6548,0.11059999999999999,164.10010000000003,36.93083333333333,24.05,2020,223
2020-08-11,63.8581,70.863,12.8911,0.0,166.437,12.594299999999999,0.168,147.6122,36.465833333333336,13.979999999999997,2020,224
2020-08-12,61.4358,74.08789999999999,11.568100000000001,0.0,168.2883,11.1516,0.1333,147.09179999999998,36.650416666666665,18.5,2020,225
2020-08-13,65.1424,87.1689,17.0038,0.0,167.894,8.722700000000001,0.32730000000000004,169.31509999999997,38.360416666666666,26.870000000000005,2020,226
2020-08-14,73.4014,86.1571,15.1906,0.0,162.27270000000001,8.384699999999999,0.1869,174.74909999999997,38.447916666666664,17.7,2020,227
2020-08-15,64.151,55.0171,6.4116,0.0,151.49360000000001,13.286200000000001,0.0676,125.5797,31.02916666666667,9.509999999999998,2020,228
2020-08-16,51.0574,36.8875,5.666600000000001,0.0,158.4658,11.680399999999999,0.1419,93.6115,28.11916666666667,16.9,2020,229
2020-08-17,68.7294,84.1605,18.9913,0.0,168.26379999999997,9.4525,0.1133,171.8812,37.42625,24.02,2020,230
2020-08-18,66.15310000000001,85.94239999999999,15.7405,0.0,158.44920000000002,10.225100000000001,0.0678,167.836,39.809999999999995,23.41,2020,231
2020-08-19,64.199,62.508300000000006,12.223799999999999,0.0,158.9179,11.500200000000001,0.1017,138.93110000000001,38.96,23.07,2020,232
2020-08-20,61.7986,63.3934,15.3105,0.0,171.95829999999998,13.025799999999998,0.342,140.5025,35.70291666666667,29.57,2020,233
2020-08-21,68.5301,54.6693,7.3511999999999995,0.0,179.2151,12.9378,0.31539999999999996,130.5506,33.30083333333334,17.66,2020,234
2020-08-22,60.734199999999994,31.596,7.2156,0.0,166.1875,6.698600000000001,0.35,99.54579999999999,26.809166666666666,16.140000000000004,2020,235
2020-08-23,53.889199999999995,25.2892,4.0898,0.0,158.6501,9.8585,0.3187,83.2682,23.24208333333333,28.32,2020,236
2020-08-24,46.6263,78.48639999999999,17.564400000000003,0.0,165.5514,11.649700000000001,0.116,142.6771,38.32375,30.51,2020,237
2020-08-25,36.9182,73.397,12.7345,0.0,161.0395,10.5559,0.269,123.0497,38.11666666666667,18.79,2020,238
2020-08-26,37.588300000000004,49.5586,6.1774,0.0,172.7336,12.1917,0.802,93.32430000000001,32.7175,20.25,2020,239
2020-08-27,42.344300000000004,76.5518,15.0101,0.0,163.1382,11.4568,0.20959999999999998,133.9062,48.528333333333336,50.36,2020,240
2020-08-28,47.613800000000005,67.02260000000001,10.493699999999999,0.0,171.0601,4.7916,0.5646,125.13010000000001,43.38291666666667,20.450000000000003,2020,241
2020-08-29,49.2949,48.535199999999996,5.6585,0.0,168.9027,2.1751,0.18209999999999998,103.48859999999999,37.222500000000004,18.05,2020,242
2020-08-30,50.9351,47.7316,5.361,0.0,173.2509,2.272,0.11,104.0277,33.60166666666667,12.7,2020,243
2020-08-31,58.912,93.6819,20.367099999999997,0.0,171.4171,8.9444,0.11120000000000001,172.96099999999998,49.10125,47.879999999999995,2020,244
2021-06-01,63.0415,51.3913,9.1635,0.0,170.8785,19.626,0.1585,123.5963,68.68666666666667,30.75,2021,152
2021-06-02,68.3252,47.7605,6.8507,0.0,176.15789999999998,13.9253,0.1738,122.9364,65.90875,30.82,2021,153
2021-06-03,65.66860000000001,42.7608,7.448600000000001,0.0,166.735,15.772,0.1517,115.87800000000001,65.07916666666667,28.35000000000001,2021,154
2021-06-04,67.416,52.0555,12.3461,0.0,165.67270000000002,13.6545,0.1879,131.8176,71.9975,25.79,2021,155
2021-06-05,70.1707,49.2548,7.5876,0.0,156.15429999999998,6.9957,0.24669999999999997,127.0131,60.29208333333333,27.159999999999997,2021,156
2021-06-06,68.11030000000001,49.5281,4.8303,0.0,158.5399,10.2098,0.1603,122.46870000000001,53.4575,38.260000000000005,2021,157
2021-06-07,74.5043,63.4613,11.9713,0.0,169.7521,9.3628,0.1461,149.93689999999998,75.57708333333333,28.10000000000001,2021,158
2021-06-08,75.9039,69.482,13.0459,0.0,172.58329999999998,11.8248,0.066,158.43179999999998,77.09583333333333,26.840000000000003,2021,159
2021-06-09,76.8582,72.466,14.9352,0.0,174.3201,13.480799999999999,0.0955,164.2594,76.26541666666667,29.339999999999996,2021,160
2021-06-10,77.7367,68.081,14.2782,0.0,175.65370000000001,18.4671,0.1392,160.0959,77.07541666666667,22.94999999999999,2021,161
2021-06-11,78.6057,68.969,15.4565,0.0,167.2692,18.825400000000002,0.14980000000000002,163.0312,74.395,23.979999999999997,2021,162
2021-06-12,78.2963,46.192099999999996,5.9998000000000005,0.0,164.9348,17.5596,0.2295,130.4882,49.48291666666666,70.72,2021,163
2021-06-13,78.24680000000001,43.7545,5.0106,0.0,169.45420000000001,19.0699,0.3072,127.01190000000001,29.12708333333333,131.34,2021,164
2021-06-14,78.98610000000001,70.7534,14.294300000000002,0.0,173.86360000000002,19.6298,0.4322,164.0338,75.83,37.13000000000001,2021,165
2021-06-15,79.25689999999999,77.5775,16.2464,0.0,172.3324,19.1142,0.1043,173.08079999999998,82.71208333333333,41.27000000000001,2021,166
2021-06-16,79.11319999999999,79.3942,13.6891,0.0,173.83520000000001,18.477400000000003,0.0747,172.1965,83.7325,41.10000000000001,2021,167
2021-06-17,80.3336,79.4272,15.509,0.0,180.9144,17.6527,0.1778,175.26980000000003,81.15583333333333,44.589999999999996,2021,168
2021-06-18,82.26360000000001,81.4469,15.6586,0.0,179.9178,16.1816,0.26380000000000003,179.36910000000003,81.98,36.849999999999994,2021,169
2021-06-19,68.2745,71.8687,13.1134,0.0,161.89579999999998,16.0974,0.141,153.25660000000002,72.24833333333333,28.1,2021,170
2021-06-20,83.4267,52.7652,8.620899999999999,0.0,169.42829999999998,10.591700000000001,0.5472,144.8128,54.038333333333334,59.39,2021,171
2021-06-21,81.04180000000001,83.9466,12.7544,0.0,177.3064,15.6117,0.425,177.74280000000002,78.5775,37.99,2021,172
2021-06-22,84.0631,85.9555,13.2785,0.0,178.04229999999998,11.0241,0.19019999999999998,183.2971,81.26333333333334,35.480000000000004,2021,173
2021-06-23,84.1846,89.2409,15.2679,0.0,170.9591,12.8584,0.2093,188.6934,88.59958333333333,35.22,2021,174
2021-06-24,83.1666,88.69330000000001,16.9862,0.0,171.77429999999998,9.7548,0.3323,188.8461,90.18166666666667,42.53999999999999,2021,175
2021-06-25,82.9611,68.53760000000001,10.6389,0.0,170.6813,10.790799999999999,0.169,162.13760000000002,86.13166666666666,30.269999999999996,2021,176
2021-06-26,82.315,49.329800000000006,6.061100000000001,0.0,157.11679999999998,16.0523,0.1423,137.7059,75.67416666666666,23.720000000000006,2021,177
2021-06-27,82.1947,46.9672,4.0868,0.0,162.3385,14.549100000000001,0.1273,133.2487,65.77583333333332,62.099999999999994,2021,178
2021-06-28,81.17439999999999,84.3852,10.728200000000001,0.0,171.7704,12.7162,0.38489999999999996,176.2878,83.99708333333334,31.179999999999993,2021,179
2021-06-29,75.4314,87.416,12.285,0.0,172.6536,9.2524,0.4049,175.1324,91.69749999999999,25.570000000000007,2021,180
2021-06-30,77.1405,86.58810000000001,14.8199,0.0,171.3618,10.872,0.662,178.54850000000002,89.18041666666666,27.710000000000008,2021,181
2021-07-01,79.4887,76.0441,12.631200000000002,0.0,156.0794,10.459200000000001,0.3568,168.16400000000002,88.27375,25.950000000000003,2021,182
2021-07-02,72.1191,71.37410000000001,9.0979,0.0,151.58020000000002,18.2119,0.1694,152.5911,96.31791666666668,27.239999999999995,2021,183
2021-07-03,68.3102,44.6162,5.118,0.0,146.40529999999998,10.5101,0.0868,118.0444,84.21666666666667,23.92,2021,184
2021-07-04,63.7673,35.0133,3.866,0.0,141.15220000000002,7.6321,0.30960000000000004,102.64659999999999,81.63250000000001,32.61,2021,185
2021-07-05,71.8967,62.526,10.2787,0.0,154.61370000000002,10.8113,0.44739999999999996,144.70139999999998,93.11625,29.92,2021,186
2021-07-06,68.7495,51.5569,6.9354,0.0,160.4486,8.6072,0.6675,127.2418,85.80333333333334,27.83,2021,187
2021-07-07,67.94489999999999,80.86630000000001,12.2563,0.0,161.136,8.6733,0.1201,161.0675,97.53250000000001,49.17999999999999,2021,188
2021-07-08,63.337300000000006,96.2745,15.5533,0.0,158.7697,5.0219000000000005,0.2689,175.16510000000002,96.29375,37.22000000000001,2021,189
2021-07-09,61.1769,91.9445,13.5875,0.0,160.724,15.5755,0.24559999999999998,166.7089,88.46916666666668,32.16000000000001,2021,190
2021-07-10,64.9932,68.6048,9.8158,0.0,141.5936,17.7604,0.2856,143.4138,79.00708333333334,30.39,2021,191
2021-07-11,66.7175,56.0964,5.839,0.0,137.58679999999998,16.1709,0.1598,128.65290000000002,77.95916666666666,32.05,2021,192
2021-07-12,67.0283,86.3293,13.062899999999999,0.0,151.0908,13.5387,0.37210000000000004,166.4205,91.24833333333333,43.870000000000005,2021,193
2021-07-13,51.7141,91.562,15.2213,0.0,156.491,4.468,0.37889999999999996,158.49739999999997,92.47708333333334,30.22,2021,194
2021-07-14,56.8397,87.13669999999999,14.252600000000001,0.0,153.9634,9.729,0.3167,158.22899999999998,84.72958333333334,28.340000000000003,2021,195
2021-07-15,61.136199999999995,85.6497,13.824399999999999,0.0,155.3544,5.3561,0.6514,160.6103,87.01041666666667,26.700000000000003,2021,196
2021-07-16,63.1359,75.8802,11.681899999999999,0.0,147.88739999999999,11.1876,0.2396,150.69799999999998,84.89,23.819999999999993,2021,197
2021-07-17,65.0677,54.1857,5.391100000000001,0.0,144.3137,10.106200000000001,0.3252,124.6445,64.67583333333333,38.870000000000005,2021,198
2021-07-18,58.684,37.831900000000005,2.1386,0.0,152.656,14.997399999999999,0.5106,98.6545,45.58541666666667,97.49000000000001,2021,199
2021-07-19,65.9521,78.32539999999999,11.008,0.0,158.0676,18.226599999999998,0.5771000000000001,155.28549999999998,85.79791666666667,39.489999999999995,2021,200
2021-07-20,64.0778,74.77080000000001,10.4581,0.0,146.6919,17.868299999999998,0.2185,149.3067,91.56375000000001,38.03,2021,201
2021-07-21,65.8855,76.5547,9.8926,0.0,147.09570000000002,17.770100000000003,0.1421,152.3328,92.66458333333333,34.07000000000001,2021,202
2021-07-22,65.9693,85.9752,12.638399999999999,0.0,150.5626,17.082099999999997,0.1108,164.5829,89.53541666666666,29.97,2021,203
2021-07-23,66.26360000000001,75.6514,10.7114,0.0,143.3826,16.801099999999998,0.06570000000000001,152.62640000000002,85.61125,25.39999999999999,2021,204
2021-07-24,62.426199999999994,55.1946,5.4015,0.0,141.64229999999998,8.810300000000002,0.5004,123.0223,75.51958333333333,26.939999999999998,2021,205
2021-07-25,61.1435,50.4185,5.0794,0.0,143.6258,8.750200000000001,0.1725,116.6414,62.53375,51.22,2021,206
2021-07-26,65.1152,84.9457,12.45,0.0,139.87429999999998,10.180299999999999,0.1421,162.5109,87.50416666666666,36.61999999999999,2021,207
2021-07-27,67.3005,88.4995,17.2885,0.0,138.9915,12.3363,0.1434,173.0885,83.88583333333334,31.25,2021,208
2021-07-28,65.61319999999999,78.5927,13.5094,0.0,146.4418,8.9146,0.2783,157.71529999999998,77.5775,32.46,2021,209
2021-07-29,63.442099999999996,69.41460000000001,10.300600000000001,0.0,160.80020000000002,16.0406,0.1984,143.1573,60.80583333333333,54.919999999999995,2021,210
2021-07-30,66.9555,71.65,8.598600000000001,0.0,150.778,12.328899999999999,0.31910000000000005,147.2041,64.64083333333333,35.86,2021,211
2021-07-31,51.9186,61.154900000000005,4.9375,0.0,155.32379999999998,10.073300000000001,0.22,118.011,32.83583333333333,71.1,2021,212
2021-08-01,64.1643,62.6781,8.316600000000001,0.0,160.2816,6.4421,0.26639999999999997,135.159,60.06666666666666,36.48,2021,213
2021-08-02,63.289199999999994,76.2848,11.8163,0.0,157.7293,14.1667,0.1257,151.39030000000002,73.42833333333333,47.74,2021,214
2021-08-03,57.1038,91.5067,18.6535,0.0,152.3739,8.3991,0.35669999999999996,167.264,89.38208333333334,30.42,2021,215
2021-08-04,57.6841,94.5337,18.985,0.0,154.9161,4.7512,0.0955,171.20280000000002,92.49458333333332,27.38000000000001,2021,216
2021-08-05,58.491099999999996,78.6344,14.8856,0.0,154.74460000000002,10.9185,0.43119999999999997,152.0111,87.53625,32.19,2021,217
2021-08-06,56.877199999999995,62.028800000000004,8.198799999999999,0.0,163.4433,13.9075,0.6033999999999999,127.10480000000001,73.63,34.22,2021,218
2021-08-07,47.698800000000006,57.3227,8.494200000000001,0.0,166.78920000000002,4.4545,0.5386,113.51570000000001,63.31125,37.580000000000005,2021,219
2021-08-08,50.9123,53.056599999999996,4.8617,0.0,160.5959,11.0455,0.5126000000000001,108.83059999999999,5.931666666666666,111.78999999999999,2021,220
2021-08-09,55.2335,72.13980000000001,11.7928,0.0,168.2575,13.5215,0.18330000000000002,139.1661,67.75166666666667,68.37,2021,221
2021-08-10,61.2885,90.6715,18.1221,0.0,157.5797,16.315,0.17830000000000001,170.08209999999997,88.12875000000001,48.2,2021,222
2021-08-11,63.692800000000005,95.7987,19.007099999999998,0.0,158.717,16.141,0.0645,178.4986,98.74708333333332,47.610000000000014,2021,223
2021-08-12,73.1622,90.9676,16.907700000000002,0.0,161.7208,15.8856,0.15159999999999998,181.0375,101.02958333333333,59.150000000000006,2021,224
2021-08-13,77.85,92.0048,14.2509,0.0,165.3893,14.659,0.2171,184.1057,93.41250000000001,43.96000000000001,2021,225
2021-08-14,63.868900000000004,70.80789999999999,8.1614,0.0,163.181,15.4064,0.0674,142.83819999999997,69.08916666666667,57.52,2021,226
2021-08-15,61.2075,47.9006,7.864,0.0,152.7121,13.019200000000001,0.2737,116.97210000000001,57.626666666666665,76.58000000000001,2021,227
2021-08-16,70.19669999999999,50.325199999999995,4.846,0.0,184.5815,7.2829,0.7497999999999999,125.36789999999999,67.80499999999999,37.10999999999999,2021,228
2021-08-17,70.2663,46.3574,4.5344,0.0,186.75629999999998,12.898800000000001,0.4146,121.1581,63.16291666666667,80.78999999999999,2021,229
2021-08-18,65.8593,46.9021,5.321899999999999,0.0,174.2688,13.3872,0.18869999999999998,118.08330000000001,80.99458333333332,40.07,2021,230
2021-08-19,72.97619999999999,69.0513,14.1153,0.0,169.27970000000002,10.947,0.0897,156.14279999999997,93.43458333333332,68.86,2021,231
2021-08-20,73.4886,80.3787,15.2996,0.0,161.9387,14.621799999999999,0.07970000000000001,169.1669,99.87,33.42,2021,232
2021-08-21,64.088,66.1155,10.5588,0.0,144.7935,15.2367,0.1618,140.76229999999998,88.99416666666667,34.16000000000001,2021,233
2021-08-22,56.904,40.9336,3.5364,0.0,150.57979999999998,7.5235,0.3862,101.37400000000001,76.93583333333333,31.159999999999997,2021,234
2021-08-23,65.2842,71.8418,11.8267,0.0,168.4342,12.979299999999999,0.2526,148.9527,96.94166666666666,40.56,2021,235
2021-08-24,56.9274,78.2728,11.8188,0.0,171.89229999999998,10.5196,0.6417999999999999,147.019,97.72208333333333,44.67,2021,236
2021-08-25,54.746300000000005,66.5887,9.703299999999999,0.0,171.2218,9.3065,0.3876,131.0383,91.38333333333333,26.820000000000007,2021,237
2021-08-26,54.4432,74.62610000000001,15.6718,0.0,167.9239,12.2103,0.3332,144.7411,94.0475,29.30000000000001,2021,238
2021-08-27,55.0644,58.0193,10.805299999999999,0.0,164.458,12.601299999999998,0.2766,123.889,96.6675,34.879999999999995,2021,239
2021-08-28,37.7859,33.904199999999996,3.4283,0.0,151.30339999999998,9.6829,0.2975,75.11840000000001,87.06791666666668,15.049999999999997,2021,240
2021-08-29,38.619,30.8472,2.7386,0.0,151.84029999999998,7.6233,0.2087,72.2048,86.74624999999999,26.929999999999993,2021,241
2021-08-30,48.462199999999996,84.7089,17.2806,0.0,171.6349,9.7945,0.1662,150.4517,101.95291666666667,40.519999999999996,2021,242
2021-08-31,47.0756,69.0473,13.2185,0.0,173.075,11.3496,0.29810000000000003,129.34140000000002,113.60583333333334,53.68999999999998,2021,243
2022-06-01,61.903299999999994,46.6446,13.7449,0.0,169.6661,10.8777,0.1466,122.2928,215.72,78.93999999999997,2022,152
2022-06-02,66.5471,36.943,11.712200000000001,0.0,177.03779999999998,17.1905,0.1686,115.2023,197.97708333333333,67.0,2022,153
2022-06-03,74.0438,39.176199999999994,14.059,0.0,174.2933,12.878,0.2828,127.279,195.48666666666668,55.150000000000006,2022,154
2022-06-04,69.437,28.5757,3.9729,0.0,172.8136,21.294700000000002,0.32439999999999997,101.98559999999999,175.09375,56.84,2022,155
2022-06-05,71.3715,25.067700000000002,3.1174,0.0,173.316,10.9755,0.5471,99.5566,171.92,44.890000000000015,2022,156
2022-06-06,80.6165,24.5775,5.4464,0.0,176.0491,18.420899999999996,0.1977,110.6404,171.60166666666666,53.860000000000014,2022,157
2022-06-07,74.2879,37.463300000000004,10.2287,0.0,185.9494,14.2391,0.4121,121.9799,197.73749999999998,73.48999999999998,2022,158
2022-06-08,67.63210000000001,42.658,14.1701,0.0,177.7187,15.0377,0.37260000000000004,124.46020000000001,192.04458333333332,43.139999999999986,2022,159
2022-06-09,59.4282,42.778,14.155100000000001,0.0,179.65779999999998,13.8424,0.7681,116.3613,185.89916666666667,47.44,2022,160
2022-06-10,58.002300000000005,35.494099999999996,9.2066,0.0,177.0891,24.063200000000002,0.2378,102.70299999999999,194.99333333333334,56.359999999999985,2022,161
2022-06-11,62.651900000000005,24.4198,7.9588,0.0,167.5762,24.1814,0.19490000000000002,95.0305,173.88666666666666,43.859999999999985,2022,162
2022-06-12,57.418099999999995,22.900599999999997,4.1304,0.0,176.803,22.9112,0.1118,84.44909999999999,166.4275,99.55000000000001,2022,163
2022-06-13,68.578,48.2654,10.7175,0.0,174.352,18.5799,0.2326,127.5609,205.13375,48.91,2022,164
2022-06-14,71.0898,60.0721,18.4405,0.0,170.9384,23.824099999999998,0.24380000000000002,149.6024,215.65625,85.41,2022,165
2022-06-15,75.6734,70.79260000000001,27.023799999999998,0.0,171.8956,20.5497,0.2651,173.4898,220.64666666666668,93.19000000000003,2022,166
2022-06-16,72.6205,76.3937,24.5303,0.0,161.81879999999998,19.9629,0.3506,173.54450000000003,247.32500000000002,55.66999999999999,2022,167
2022-06-17,75.2891,68.1502,22.4696,0.0,166.3404,22.3662,0.21309999999999998,165.90890000000002,311.28416666666664,73.44,2022,168
2022-06-18,70.2654,36.348099999999995,6.5782,0.0,160.5968,22.5029,0.18109999999999998,113.19169999999998,288.55,58.52999999999997,2022,169
2022-06-19,66.6724,35.2705,4.4938,0.0,166.7254,22.037599999999998,0.3866,106.4367,265.8908333333333,67.69000000000003,2022,170
2022-06-20,81.179,70.7067,22.1038,0.0,180.158,21.8532,0.4688,173.9895,299.4633333333333,125.73000000000002,2022,171
2022-06-21,76.17280000000001,76.6142,22.9429,0.0,180.3887,17.8844,0.1585,175.72990000000001,331.19666666666666,141.51,2022,172
2022-06-22,82.6465,86.819,21.6769,0.0,180.2905,11.168899999999999,0.3881,191.1424,376.60291666666666,214.17000000000002,2022,173
2022-06-23,83.3475,73.0091,14.851600000000001,0.0,179.722,20.231,0.38630000000000003,171.2082,360.72875,124.51999999999998,2022,174
2022-06-24,87.9874,69.0151,12.6667,0.0,175.0482,7.580100000000001,0.4434,169.6692,323.1979166666667,69.25,2022,175
2022-06-25,80.49310000000001,41.4604,5.9703,0.0,186.0804,23.2745,0.2544,127.92380000000001,286.02166666666665,59.31,2022,176
2022-06-26,63.3921,34.390800000000006,5.226400000000001,0.0,168.8695,20.956400000000002,0.21159999999999998,103.00930000000001,278.71458333333334,78.57,2022,177
2022-06-27,70.2804,70.35910000000001,13.3003,0.0,174.478,11.1285,0.4127,153.9398,329.12583333333333,134.26,2022,178
2022-06-28,70.5836,78.9489,17.5839,0.0,176.1469,8.2501,0.22590000000000002,167.1164,364.87875,183.99,2022,179
2022-06-29,71.54639999999999,64.854,13.5261,0.0,172.9942,20.1315,0.1249,149.92649999999998,344.84083333333336,118.69,2022,180
2022-06-30,64.2795,72.48960000000001,16.2881,0.0,173.9631,17.8053,0.2892,153.05720000000002,357.3625,160.47999999999996,2022,181
2022-07-01,75.91680000000001,64.8234,7.498399999999999,0.0,176.023,12.592600000000001,0.19069999999999998,148.23860000000002,345.7633333333333,86.07000000000005,2022,182
2022-07-02,73.45389999999999,34.6035,2.8594,0.0,181.9696,24.131400000000003,0.2319,110.91679999999998,296.90000000000003,116.19,2022,183
2022-07-03,63.7102,22.2562,3.1545,0.0,181.0999,22.3469,0.1591,89.12089999999999,229.7733333333333,201.94,2022,184
2022-07-04,75.22919999999999,77.607,17.6063,0.0,176.22820000000002,14.1735,0.15990000000000001,170.4425,344.9725,111.98000000000002,2022,185
2022-07-05,77.9404,65.9259,12.9985,0.0,172.255,20.463,0.1769,156.8648,370.82125,106.77000000000004,2022,186
2022-07-06,75.4958,64.912,15.1006,0.0,169.9807,23.009900000000002,0.221,155.5084,376.58166666666665,100.88,2022,187
2022-07-07,68.8403,68.22919999999999,12.9186,0.0,167.73520000000002,18.6647,0.3648,149.9881,357.1270833333333,96.00999999999999,2022,188
2022-07-08,68.45739999999999,40.186,6.3937,0.0,171.5155,24.004900000000003,0.5165,115.03709999999998,395.9770833333334,101.53999999999996,2022,189
2022-07-09,57.0969,29.278299999999998,2.5526999999999997,0.0,169.7097,23.3123,0.37689999999999996,88.9279,383.8954166666667,82.17000000000002,2022,190
2022-07-10,51.1005,25.029400000000003,2.9166999999999996,0.0,170.4178,21.334799999999998,0.3302,79.0466,315.6041666666667,241.36999999999998,2022,191
2022-07-11,60.7876,51.6157,8.2434,0.0,168.5257,24.0218,0.3812,120.6467,399.32958333333335,188.93,2022,192
2022-07-12,56.0101,72.7522,16.7174,0.0,164.77079999999998,23.747700000000002,0.2913,145.4797,414.59625,124.27999999999997,2022,193
2022-07-13,59.392900000000004,72.7944,11.037600000000001,0.0,163.7926,22.5117,0.3147,143.2249,413.61583333333334,98.14000000000004,2022,194
2022-07-14,59.4165,50.1061,8.7146,0.0,170.856,21.9345,0.218,118.2372,388.73583333333335,100.54999999999995,2022,195
2022-07-15,60.8188,54.5345,11.1723,0.0,167.925,22.0212,0.19640000000000002,126.5256,397.80916666666667,126.82999999999998,2022,196
2022-07-16,56.5315,30.8225,2.9094,0.0,165.89010000000002,23.113599999999998,0.21919999999999998,90.2634,346.31583333333333,61.94999999999999,2022,197
2022-07-17,47.7391,33.7517,5.666300000000001,0.0,176.8515,23.0996,0.38130000000000003,87.15710000000001,239.37958333333333,309.12,2022,198
2022-07-18,55.0803,71.89410000000001,18.0706,0.0,167.751,22.48,0.2343,145.04500000000002,419.0416666666667,342.85,2022,199
2022-07-19,58.8564,85.62689999999999,17.0676,0.0,166.6674,21.8945,0.31010000000000004,161.55089999999998,428.10291666666666,163.68,2022,200
2022-07-20,58.9575,90.2254,20.7888,0.0,167.5197,15.037799999999999,0.2792,169.9717,444.5508333333333,129.92000000000002,2022,201
2022-07-21,62.8885,91.0266,25.642599999999998,0.0,167.9264,19.1947,0.19069999999999998,179.55769999999998,434.93249999999995,167.19000000000005,2022,202
2022-07-22,61.2696,88.4455,12.9017,0.0,162.99779999999998,21.6711,0.1867,162.6168,413.1895833333333,212.86,2022,203
2022-07-23,57.0137,49.813900000000004,4.9623,0.0,164.93220000000002,13.688799999999999,0.2529,111.7899,347.9075,95.92000000000002,2022,204
2022-07-24,45.679300000000005,46.3917,5.4446,0.0,165.8811,21.8601,0.1005,97.51559999999999,322.63666666666666,239.58999999999997,2022,205
2022-07-25,64.3652,79.0347,11.8803,0.0,159.42839999999998,19.7802,0.4935,155.2802,396.49,144.02999999999997,2022,206
2022-07-26,64.77669999999999,87.2038,23.456799999999998,0.0,156.2461,15.472299999999999,0.30639999999999995,175.4373,436.31375,143.87,2022,207
2022-07-27,59.4853,78.543,12.9278,0.0,159.6791,19.018099999999997,0.2271,150.9561,468.385,144.06000000000006,2022,208
2022-07-28,51.6992,75.5239,10.3435,0.0,159.4837,19.6623,0.1795,137.5666,520.9683333333334,224.69,2022,209
2022-07-29,63.7255,73.5961,12.0172,0.0,159.1358,8.9981,0.1216,149.3388,483.86583333333334,123.41999999999996,2022,210
2022-07-30,53.1391,32.7251,4.622199999999999,0.0,159.83169999999998,17.894399999999997,0.2543,90.4864,395.7129166666667,120.25,2022,211
2022-07-31,41.8347,30.1862,3.3746,0.0,164.99710000000002,19.8632,0.1338,75.3955,345.9258333333333,243.68999999999997,2022,212
2022-08-01,45.6441,50.1719,8.5574,0.0,139.7025,20.7449,0.1541,104.3734,450.17916666666673,170.02000000000004,2022,213
2022-08-02,53.485099999999996,62.6999,9.759799999999998,0.0,153.52079999999998,21.7581,0.0887,125.9448,449.74875,142.95,2022,214
2022-08-03,55.7676,72.6502,15.0451,0.0,155.003,21.639400000000002,0.0969,143.4629,454.65958333333333,221.07,2022,215
2022-08-04,58.7015,64.5934,13.710899999999999,0.0,158.6764,20.4901,0.1019,137.00580000000002,445.06958333333336,142.72000000000003,2022,216
2022-08-05,61.8926,53.4874,11.3926,0.0,156.94879999999998,16.5308,0.26330000000000003,126.7726,413.69041666666664,120.87,2022,217
2022-08-06,51.0236,26.5992,2.7728,0.0,175.4578,10.616200000000001,0.3211,80.3956,303.66249999999997,204.8,2022,218
2022-08-07,41.4193,25.5553,4.2075,0.0,173.1464,11.4272,0.48669999999999997,71.18209999999999,255.1025,294.73,2022,219
2022-08-08,45.1196,37.9671,7.7046,0.0,169.4123,21.860799999999998,0.42660000000000003,90.7913,347.2825,217.82,2022,220
2022-08-09,45.029900000000005,43.125099999999996,11.2008,0.0,171.7899,22.0986,0.5632,99.3558,361.40291666666667,159.93,2022,221
2022-08-10,47.6439,49.156699999999994,12.3977,0.0,172.998,21.6936,0.4693,109.1983,342.08874999999995,163.08999999999997,2022,222
2022-08-11,52.2422,66.7423,20.5493,0.0,164.9626,21.0461,0.2317,139.53379999999999,352.8220833333333,173.19,2022,223
2022-08-12,50.3635,66.8574,14.7736,0.0,162.4685,21.6341,0.43060000000000004,131.9945,413.10083333333336,174.22000000000003,2022,224
2022-08-13,43.4739,50.7711,7.3736999999999995,0.0,155.9416,21.7853,0.4183,101.6187,397.68333333333334,162.3,2022,225
2022-08-14,36.469,39.9231,6.4511,0.0,150.7419,13.4348,0.2348,82.8432,349.14875,228.07999999999998,2022,226
2022-08-15,40.6298,62.063,8.9481,0.0,159.0425,14.5679,0.4002,111.6409,413.17333333333335,163.23999999999995,2022,227
2022-08-16,39.3827,69.6134,12.5996,0.0,168.00910000000002,20.5571,0.1546,121.5957,496.06625,240.11,2022,228
2022-08-17,44.1471,81.2432,14.083200000000001,0.0,167.9864,14.8525,0.2753,139.4735,545.84375,186.25999999999993,2022,229
2022-08-18,51.4178,72.0659,5.7492,0.0,176.131,8.6331,0.0836,129.2329,556.1383333333333,201.21999999999997,2022,230
2022-08-19,62.221,50.7165,3.8870999999999998,0.0,182.1409,4.1033,0.42610000000000003,116.8246,527.1141666666666,124.13,2022,231
2022-08-20,74.5651,36.4193,2.6364,0.0,171.3751,12.6374,0.24359999999999998,113.62079999999999,464.8775,142.86,2022,232
2022-08-21,59.6035,36.664199999999994,3.0383,0.0,174.5839,18.827599999999997,0.15180000000000002,99.306,410.40375,307.42999999999995,2022,233
2022-08-22,51.751599999999996,59.392,7.5553,0.0,163.1922,20.1268,0.1697,118.6989,559.5641666666667,238.72000000000003,2022,234
2022-08-23,41.9766,58.024,10.9701,0.0,166.7608,20.333599999999997,0.1676,110.9707,624.5183333333333,252.92000000000002,2022,235
2022-08-24,41.5274,54.6511,14.921899999999999,0.0,164.3624,19.200400000000002,0.4698,111.1004,625.0895833333333,285.65000000000003,2022,236
2022-08-25,39.8331,59.540699999999994,15.274299999999998,0.0,168.2581,19.3498,0.16440000000000002,114.64809999999999,624.355,237.27999999999997,2022,237
2022-08-26,49.558800000000005,72.3653,14.4995,0.0,170.82070000000002,13.879299999999999,0.15669999999999998,136.42360000000002,688.6325,214.31000000000006,2022,238
2022-08-27,49.63,60.3856,4.5313,0.0,155.8967,14.3097,0.1154,114.54690000000001,569.2458333333333,109.00999999999999,2022,239
2022-08-28,39.982699999999994,36.2125,2.4958,0.0,175.8272,14.841700000000001,0.2341,78.691,586.755,224.75,2022,240
2022-08-29,47.1259,59.097300000000004,6.9441,0.0,175.0009,18.4722,0.1713,113.16730000000001,684.5412500000001,368.0,2022,241
2022-08-30,50.138400000000004,64.76480000000001,9.1662,0.0,175.26579999999998,13.9839,0.1375,124.06940000000002,724.8658333333333,224.84000000000003,2022,242
2022-08-31,48.55,62.0524,6.6643,0.0,178.2124,11.5634,0.1906,117.26669999999999,682.4691666666666,220.35000000000002,2022,243
2023-06-01,81.4548,55.9252,17.5005,0.0,179.9074,27.7365,0.1585,154.88049999999998,70.18875,85.82,2023,152
2023-06-02,81.289,58.049,16.9015,0.0,176.07729999999998,29.2585,0.2061,156.2395,72.06958333333334,78.41,2023,153
2023-06-03,77.9383,36.65,8.2966,0.0,157.005,27.43,0.1717,122.8849,53.905,96.89,2023,154
2023-06-04,74.6177,36.4897,8.0553,0.0,152.81,24.0854,0.0991,119.1627,39.432916666666664,147.24,2023,155
2023-06-05,78.3172,58.9394,15.5725,0.0,176.96929999999998,28.174799999999998,0.26380000000000003,152.82909999999998,83.13125000000001,47.82000000000001,2023,156
2023-06-06,77.1142,72.0336,15.3275,0.0,173.1141,28.7155,0.1895,164.4753,87.32208333333334,32.480000000000004,2023,157
2023-06-07,73.5781,65.92869999999999,14.2203,0.0,175.11020000000002,28.4072,0.18,153.7271,93.46291666666667,35.900000000000006,2023,158
2023-06-08,68.7837,57.056599999999996,12.2389,0.0,172.6211,25.3838,0.0897,138.0792,80.36708333333333,51.01,2023,159
2023-06-09,68.99730000000001,46.0287,12.3017,0.0,175.47629999999998,27.1289,0.11589999999999999,127.32770000000001,84.94333333333334,37.349999999999994,2023,160
2023-06-10,71.6456,29.660100000000003,6.666300000000001,0.0,155.98329999999999,24.8947,0.0866,107.97200000000001,59.94166666666666,83.84,2023,161
2023-06-11,73.884,24.4663,5.4706,0.0,162.493,27.394099999999998,0.1702,103.82090000000001,44.85916666666666,131.23,2023,162
2023-06-12,73.743,44.4942,17.605100000000004,0.0,177.2668,29.7257,0.1519,135.8423,98.89375,48.34,2023,163
2023-06-13,73.9068,50.565400000000004,11.6912,0.0,175.6674,28.3719,0.183,136.16340000000002,96.305,62.400000000000006,2023,164
2023-06-14,69.65310000000001,53.8099,13.6826,0.0,175.7385,30.715799999999998,0.3317,137.1456,98.77166666666666,52.10000000000001,2023,165
2023-06-15,70.0465,62.0144,16.857400000000002,0.0,175.23129999999998,27.5736,0.1535,148.91830000000002,112.33,53.72999999999999,2023,166
2023-06-16,68.6459,67.12180000000001,15.5159,0.0,176.1738,26.1752,0.1748,151.28359999999998,120.45375,58.07000000000001,2023,167
2023-06-17,47.9441,54.4883,11.1774,0.0,161.48510000000002,28.300600000000003,0.0665,113.6098,98.65583333333335,86.82,2023,168
2023-06-18,40.7556,46.9084,6.4488,0.0,165.6531,24.417,0.1681,94.11280000000001,91.89291666666666,128.87,2023,169
2023-06-19,45.054300000000005,59.813900000000004,13.2492,0.0,181.1004,23.121,0.2783,118.1174,119.59125,85.66000000000001,2023,170
2023-06-20,64.47919999999999,70.7971,14.5399,0.0,176.3862,24.254900000000003,0.2713,149.81619999999998,121.16916666666667,69.27000000000001,2023,171
2023-06-21,68.8113,68.5188,14.073799999999999,0.0,176.84570000000002,19.9851,0.24780000000000002,151.40390000000002,125.61291666666666,78.07000000000001,2023,172
2023-06-22,66.1934,76.1323,12.639700000000001,0.0,174.5403,13.9595,0.6028,154.9654,126.485,55.11,2023,173
2023-06-23,63.6705,67.99119999999999,11.219100000000001,0.0,175.6736,24.8704,0.6352000000000001,142.8808,107.41624999999999,50.72,2023,174
2023-06-24,65.1657,57.1269,9.645100000000001,0.0,155.35129999999998,30.5975,0.4352,131.9377,86.44375000000001,111.14,2023,175
2023-06-25,62.0845,52.8311,9.3378,0.0,167.03379999999999,29.981,0.2963,124.2534,71.24416666666666,125.39,2023,176
2023-06-26,63.6021,61.222199999999994,10.8013,0.0,178.6877,26.8335,0.3527,135.6256,92.25458333333334,45.64,2023,177
2023-06-27,62.936699999999995,67.986,12.5897,0.0,175.4976,24.365599999999997,0.22569999999999998,143.51239999999999,104.59250000000002,54.650000000000006,2023,178
2023-06-28,60.4446,77.7613,13.146700000000001,0.0,173.447,24.2253,0.2043,151.35260000000002,108.77749999999999,54.16000000000001,2023,179
2023-06-29,60.6114,83.7765,12.6262,0.0,176.1876,22.7073,0.1446,157.0141,110.53708333333333,33.15999999999998,2023,180
2023-06-30,73.9745,74.869,9.9248,0.0,169.0633,9.2102,0.3458,158.7683,104.35875,33.260000000000005,2023,181
2023-07-01,67.9542,29.914099999999998,2.2965,0.0,159.20729999999998,20.284599999999998,0.42619999999999997,100.1648,61.685833333333335,95.1,2023,182
2023-07-02,67.00489999999999,15.7426,2.1709,0.0,157.3054,19.0202,0.5094,84.91839999999999,-0.5283333333333324,235.3,2023,183
2023-07-03,78.3156,47.1815,8.9791,0.0,177.8405,24.254099999999998,0.36360000000000003,134.4762,86.49541666666666,62.88,2023,184
2023-07-04,79.07860000000001,59.3067,13.6038,0.0,177.6609,25.461,0.2542,151.9891,95.75541666666668,70.60999999999999,2023,185
2023-07-05,76.59660000000001,48.646,6.0263,0.0,177.7584,17.7918,0.5977,131.2689,93.935,46.81,2023,186
2023-07-06,72.1978,65.76939999999999,17.4664,0.0,175.5959,27.2485,0.114,155.43359999999998,105.26458333333333,52.42,2023,187
2023-07-07,67.3831,60.7271,9.5278,0.0,177.0229,29.638900000000003,0.1231,137.63799999999998,98.86791666666666,47.849999999999994,2023,188
2023-07-08,66.5752,47.521,9.2433,0.0,170.8255,22.4793,0.15220000000000003,123.3395,77.98041666666667,112.39,2023,189
2023-07-09,63.252199999999995,54.1929,9.4905,0.0,170.13729999999998,28.043,0.10089999999999999,126.9356,83.44875,123.59,2023,190
2023-07-10,74.3508,83.74839999999999,24.0522,0.0,176.5926,24.754099999999998,0.1171,182.1514,109.49208333333333,74.58999999999999,2023,191
2023-07-11,78.14880000000001,82.08760000000001,17.6403,0.0,180.821,27.434,0.3472,177.8767,112.09166666666665,58.17999999999999,2023,192
2023-07-12,81.16,79.6682,11.8913,0.0,174.0708,12.786299999999999,0.3411,172.71949999999998,100.13291666666667,36.30999999999999,2023,193
2023-07-13,89.5736,72.117,9.0146,0.0,175.9614,21.387400000000003,0.1618,170.70520000000002,102.88,55.64,2023,194
2023-07-14,89.65180000000001,70.46730000000001,7.934,0.0,172.7631,28.920099999999998,0.22690000000000002,168.0531,93.14958333333334,33.55999999999999,2023,195
2023-07-15,80.8045,33.8251,3.8488,0.0,164.1465,25.8001,0.5466,118.47840000000001,55.09041666666667,69.32,2023,196
2023-07-16,75.3308,44.6359,6.392,0.0,165.2609,22.3592,0.3954,126.3587,32.46208333333333,127.56,2023,197
2023-07-17,79.3458,71.8959,12.3514,0.0,174.92579999999998,24.2909,0.1702,163.5931,86.59375,44.25999999999999,2023,198
2023-07-18,78.435,89.9054,18.465400000000002,0.0,175.2965,20.6993,0.1747,186.80579999999998,98.30708333333332,43.61,2023,199
2023-07-19,81.4932,97.5252,18.7352,0.0,172.5735,23.9603,0.5015999999999999,197.75359999999998,98.50333333333333,56.18000000000001,2023,200
2023-07-20,79.1927,87.072,18.739,0.0,173.72979999999998,27.0046,0.15719999999999998,185.0037,94.25333333333333,53.74000000000001,2023,201
2023-07-21,78.7626,84.73,21.0107,0.0,169.4555,17.0133,0.22490000000000002,184.50330000000002,95.74791666666665,30.840000000000003,2023,202
2023-07-22,65.59339999999999,51.072199999999995,9.0689,0.0,163.6449,26.781,0.255,125.73449999999998,77.2825,81.56,2023,203
2023-07-23,54.1327,38.0565,5.2073,0.0,171.23020000000002,25.532,0.3978,97.3965,41.65333333333333,106.15,2023,204
2023-07-24,74.6785,73.5918,17.278,0.0,173.2463,12.8638,0.7555,165.5483,87.16250000000001,32.02000000000001,2023,205
2023-07-25,75.0465,73.857,16.1708,0.0,169.1413,17.453599999999998,0.8312,165.0743,93.37124999999999,36.739999999999995,2023,206
2023-07-26,77.13539999999999,51.690599999999996,8.5261,0.0,169.2124,17.287200000000002,0.4618,137.3521,96.7625,43.790000000000006,2023,207
2023-07-27,71.1316,54.187400000000004,10.7995,0.0,174.2221,22.6019,0.4043,136.1185,94.70375,30.08,2023,208
2023-07-28,63.5978,67.9293,16.1941,0.0,172.39239999999998,19.3537,0.5085,147.72119999999998,92.38,35.21000000000001,2023,209
2023-07-29,64.49719999999999,53.633199999999995,9.7805,0.0,149.4828,13.2394,0.5344,127.91089999999998,80.33666666666666,29.460000000000008,2023,210
2023-07-30,70.8605,24.1218,2.6489000000000003,0.0,157.10629999999998,24.0031,0.5206000000000001,97.6312,41.64833333333333,103.33,2023,211
2023-07-31,72.4455,45.371199999999995,7.902,0.0,166.1005,25.2531,0.3241,125.7187,70.29291666666667,50.309999999999995,2023,212
2023-08-01,64.1715,45.2701,13.6524,0.0,145.1124,11.010200000000001,0.996,123.094,80.03625,38.44,2023,213
2023-08-02,58.377900000000004,44.9129,8.9261,0.0,167.377,22.2352,1.0777999999999999,112.21690000000001,74.20458333333333,33.20000000000001,2023,214
2023-08-03,56.7526,40.444199999999995,10.9389,0.0,159.4938,25.047,0.8811,108.1357,61.20666666666667,65.28999999999999,2023,215
2023-08-04,65.09309999999999,76.2886,23.935599999999997,0.0,157.9064,16.2607,0.4626,165.3173,85.63833333333334,38.459999999999994,2023,216
2023-08-05,56.62779999999999,58.809,13.8932,0.0,154.1376,19.0542,0.578,129.32999999999998,79.87125,48.650000000000006,2023,217
2023-08-06,43.7623,18.6423,2.801,0.0,156.53279999999998,15.0024,1.0772,65.2056,53.14875,82.08,2023,218
2023-08-07,63.165,29.0567,4.5844,0.0,162.6719,19.1018,0.48460000000000003,96.8061,68.75708333333334,29.299999999999997,2023,219
2023-08-08,61.5599,37.4601,12.116299999999999,0.0,159.2577,23.9339,0.1146,111.13629999999999,73.755,35.27,2023,220
2023-08-09,62.744099999999996,58.0911,19.293200000000002,0.0,164.83370000000002,16.7248,0.3381,140.1284,85.51,65.94999999999999,2023,221
2023-08-10,55.8679,64.57130000000001,19.5292,0.0,164.8795,26.7619,0.0881,139.9684,95.54583333333333,43.64,2023,222
2023-08-11,52.501599999999996,59.7577,14.3632,0.0,163.4418,27.5627,0.0683,126.6225,97.55874999999999,70.65,2023,223
2023-08-12,50.6869,53.114,7.677899999999999,0.0,164.7745,18.3708,0.24530000000000002,111.47879999999999,76.11416666666666,103.6,2023,224
2023-08-13,51.2169,40.837199999999996,8.6805,0.0,163.2841,22.5148,0.1193,100.7346,62.45916666666667,113.17,2023,225
2023-08-14,59.740199999999994,61.7361,14.756,0.0,170.0146,22.5742,0.21280000000000002,136.2323,98.69208333333334,55.16,2023,226
2023-08-15,57.9149,66.0064,13.3665,0.0,162.01979999999998,22.8196,0.2837,137.2878,87.16333333333334,93.99,2023,227
2023-08-16,64.63069999999999,71.7505,12.220600000000001,0.0,171.5505,25.7398,0.1605,148.60179999999997,105.58625,48.72999999999999,2023,228
2023-08-17,66.25110000000001,70.7166,14.74,0.0,172.9576,17.341099999999997,0.1301,151.70770000000002,106.77791666666667,36.83000000000001,2023,229
2023-08-18,62.7954,71.797,12.4487,0.0,165.79,25.7008,0.1142,147.0411,100.97666666666667,41.980000000000004,2023,230
2023-08-19,57.2653,61.962199999999996,8.4309,0.0,178.54729999999998,23.9597,0.11090000000000001,127.65839999999999,82.32625,106.09,2023,231
2023-08-20,51.0934,67.81389999999999,10.5747,0.0,175.99579999999997,24.494600000000002,0.0968,129.482,82.22958333333334,119.4,2023,232
2023-08-21,65.1934,96.6094,18.8507,0.0,172.17270000000002,24.5768,0.081,180.65349999999998,115.02333333333333,60.370000000000005,2023,233
2023-08-22,66.9557,94.5197,18.555799999999998,0.0,171.7016,24.102,0.08120000000000001,180.03119999999998,120.83666666666666,76.07000000000001,2023,234
2023-08-23,68.0915,93.46239999999999,15.2248,0.0,171.9574,23.892400000000002,0.09770000000000001,176.7787,136.385,112.88,2023,235
2023-08-24,62.6875,86.4399,12.8595,0.0,173.3116,21.7193,0.3211,161.9869,144.59125,128.45,2023,236
2023-08-25,52.2247,92.0888,16.317700000000002,0.0,169.56320000000002,13.5253,0.7298,160.6312,118.39999999999999,61.389999999999986,2023,237
2023-08-26,55.209900000000005,69.14460000000001,6.777399999999999,0.0,154.1305,7.2569,0.2341,131.1319,99.35291666666667,46.85000000000001,2023,238
2023-08-27,67.2879,64.4343,5.5897,0.0,158.4135,6.0443999999999996,0.3391,137.31189999999998,96.01041666666667,58.120000000000005,2023,239
2023-08-28,58.9914,85.9337,12.2666,0.0,158.59,5.0356000000000005,0.5668,157.1917,110.76916666666666,56.469999999999985,2023,240
2023-08-29,53.991099999999996,88.277,15.266599999999999,0.0,158.2022,9.1403,0.3759,157.53470000000002,121.61958333333332,48.06000000000002,2023,241
2023-08-30,50.3997,77.1947,17.588,0.0,161.977,17.793200000000002,0.1986,145.1824,106.09500000000001,52.010000000000005,2023,242
2023-08-31,51.996300000000005,70.4307,15.2835,0.0,165.8196,13.704600000000001,0.3351,137.7105,101.84375,37.39,2023,243
2024-06-01,57.019,49.4528,7.3005,0.0,165.401,18.4267,0.16519999999999999,113.7723,49.91625,76.82,2024,153
2024-06-02,54.230599999999995,39.257400000000004,5.6193,0.0,169.60660000000001,16.4346,0.0849,99.1073,27.101250000000004,86.29,2024,154
2024-06-03,59.2781,59.633,14.2476,0.0,165.042,15.4084,0.207,133.1587,72.68583333333333,23.58,2024,155
2024-06-04,59.6783,69.77210000000001,11.3638,0.0,168.78179999999998,35.6433,0.0916,140.8142,78.07666666666667,27.309999999999995,2024,156
2024-06-05,65.44019999999999,60.4481,11.0305,0.0,178.42730000000003,31.484099999999998,0.4182,136.91879999999998,67.685,40.69,2024,157
2024-06-06,69.9153,59.8551,15.1494,0.0,173.3048,29.535700000000002,0.4648,144.9198,63.291666666666664,58.129999999999995,2024,158
2024-06-07,74.3724,66.7621,15.8916,0.0,176.0905,29.3869,0.3727,157.0261,64.18124999999999,66.64,2024,159
2024-06-08,56.1579,56.7283,10.074200000000001,0.0,165.332,22.3976,0.31,122.9604,32.82625,116.09,2024,160
2024-06-09,73.34710000000001,49.1193,10.0092,0.0,170.24329999999998,19.4908,0.1077,132.47560000000001,10.59125,99.63,2024,161
2024-06-10,75.61510000000001,58.5129,16.647,0.0,166.3849,32.2599,0.384,150.775,62.834583333333335,18.1,2024,162
2024-06-11,75.6824,54.7977,12.074399999999999,0.0,183.4266,13.9794,0.2506,142.5545,57.79416666666666,25.979999999999997,2024,163
2024-06-12,73.8516,56.57020000000001,14.652,0.0,175.7074,34.8411,0.273,145.0738,58.98708333333334,49.81,2024,164
2024-06-13,74.17089999999999,56.857800000000005,13.4084,0.0,166.0065,38.8949,0.157,144.4371,60.4975,19.310000000000002,2024,165
2024-06-14,76.0531,64.0055,19.968799999999998,0.0,168.1115,18.6113,1.138,160.0274,61.895,15.880000000000003,2024,166
2024-06-15,69.52669999999999,58.371300000000005,7.8822,0.0,180.619,24.002100000000002,0.6896,135.7802,11.633333333333333,115.08000000000001,2024,167
2024-06-16,68.44760000000001,51.883900000000004,7.7998,0.0,173.062,34.2007,0.3256,128.1313,8.752916666666666,112.65,2024,168
2024-06-17,77.01780000000001,69.6797,16.1467,0.0,167.2131,27.6621,0.3407,162.8442,48.416666666666664,32.16,2024,169
2024-06-18,75.014,79.05380000000001,24.1293,0.0,164.0589,37.7369,0.2692,178.1971,46.40083333333334,39.46,2024,170
2024-06-19,77.639,75.94239999999999,18.9482,0.0,175.88770000000002,36.4164,0.2801,172.52959999999996,43.75208333333333,14.0,2024,171
2024-06-20,75.9945,89.385,23.6091,0.0,174.1515,16.0897,0.459,188.98860000000002,55.58291666666667,28.310000000000002,2024,172
2024-06-21,70.26610000000001,95.9218,21.5772,0.0,179.59,11.378200000000001,0.5761000000000001,187.76510000000002,78.14375,59.78,2024,173
2024-06-22,64.077,71.07039999999999,13.308399999999999,0.0,177.7032,14.908800000000001,0.4,148.4558,29.749166666666667,81.51,2024,174
2024-06-23,63.790099999999995,71.63680000000001,11.4063,0.0,172.0987,18.4038,0.352,146.83319999999998,36.46875,69.33,2024,175
2024-06-24,74.68130000000001,81.3065,14.9643,0.0,178.1163,34.0832,0.6788,170.9521,53.93541666666667,44.99999999999999,2024,176
2024-06-25,77.895,83.40610000000001,15.3756,0.0,184.7749,34.5824,0.2782,176.6767,48.50333333333333,38.650000000000006,2024,177
2024-06-26,79.59410000000001,91.405,18.9287,0.0,180.50560000000002,23.780099999999997,0.0983,189.9278,54.535,41.84,2024,178
2024-06-27,79.4405,91.097,18.773400000000002,0.0,174.4063,31.6542,0.3063,189.3109,59.732499999999995,22.61,2024,179
2024-06-28,77.567,80.49589999999999,14.639700000000001,0.0,192.415,30.9109,0.207,172.7026,41.53541666666667,64.89999999999999,2024,180
2024-06-29,79.07310000000001,77.0121,11.129,0.0,175.3647,20.5438,0.44410000000000005,167.2142,36.13041666666667,67.69,2024,181
2024-06-30,54.7424,74.9753,12.9402,0.0,174.8522,17.8523,0.8707,142.6579,24.24083333333333,66.51,2024,182
2024-07-01,51.161,77.9045,15.3106,0.0,172.1985,26.218799999999998,0.31589999999999996,144.37609999999998,46.93125,35.42,2024,183
2024-07-02,75.77539999999999,77.1472,14.3457,0.0,180.958,23.3868,0.3977,167.26829999999998,40.20458333333333,40.59,2024,184
2024-07-03,75.0988,73.8391,20.3386,0.0,171.90470000000002,16.357,0.38430000000000003,169.2765,49.282916666666665,21.559999999999995,2024,185
2024-07-04,71.227,70.1705,10.2454,0.0,190.1103,30.9404,0.6728,151.6429,25.172083333333333,50.18000000000001,2024,186
2024-07-05,75.5842,79.06569999999999,12.3331,0.0,182.4455,37.1507,0.32389999999999997,166.983,26.95,55.61,2024,187
2024-07-06,73.01339999999999,70.4245,8.5805,0.0,188.7271,16.6384,0.7531,152.01839999999999,2.8816666666666664,109.76,2024,188
2024-07-07,76.01660000000001,75.79169999999999,12.2965,0.0,179.3533,20.8361,0.13290000000000002,164.1048,4.542916666666667,72.35,2024,189
2024-07-08,76.94369999999999,100.4711,18.8308,0.0,141.0213,39.7851,0.115,196.24560000000002,47.620000000000005,49.42,2024,190
2024-07-09,79.96239999999999,97.6276,17.698400000000003,0.0,170.7697,38.8815,0.1963,195.28839999999997,44.45458333333334,52.08,2024,191
2024-07-10,80.1598,110.6835,23.1452,0.0,165.8585,23.5128,0.2253,213.9885,48.314166666666665,23.369999999999997,2024,192
2024-07-11,80.0211,119.3336,16.9505,0.0,166.8018,31.5518,0.14709999999999998,216.3052,56.780833333333334,23.85,2024,193
2024-07-12,78.0306,122.276,23.3313,0.0,157.35160000000002,17.2419,0.5566,223.6379,52.959583333333335,32.98,2024,194
2024-07-13,74.4459,94.0932,15.3857,0.0,162.0437,26.8865,0.1701,183.9248,26.167083333333334,78.55,2024,195
2024-07-14,76.1588,78.2208,11.3894,0.0,156.0156,33.8033,0.0915,165.76899999999998,-1.4358333333333322,495.0,2024,196
2024-07-15,74.2771,107.84360000000001,13.9948,0.0,158.23510000000002,29.8032,0.3202,196.1155,41.23375,53.72,2024,197
2024-07-16,71.7822,97.0364,11.5539,0.0,174.58380000000002,26.8971,0.3861,180.3725,31.609166666666667,56.470000000000006,2024,198
2024-07-17,74.2681,113.0908,19.316599999999998,0.0,162.1119,31.4277,0.1697,206.6755,48.580000000000005,64.95,2024,199
2024-07-18,77.2314,116.7087,21.6971,0.0,135.2644,38.4711,0.2089,215.63719999999998,62.59291666666667,47.92,2024,200
2024-07-19,77.5565,128.5419,20.5106,0.0,149.1593,34.0904,0.1259,226.609,50.697916666666664,20.479999999999997,2024,201
2024-07-20,77.5423,108.1366,12.750200000000001,0.0,139.55720000000002,37.2374,0.0882,198.4291,37.41416666666667,46.86,2024,202
2024-07-21,78.4417,89.0986,10.258899999999999,0.0,148.1124,26.946900000000003,0.2916,177.7992,32.04541666666667,53.54,2024,203
2024-07-22,72.3585,103.9346,14.972299999999999,0.0,158.8493,21.0916,0.2835,191.2654,45.16833333333333,35.43000000000001,2024,204
2024-07-23,68.81039999999999,103.8041,13.9063,0.0,154.02329999999998,33.7667,0.24880000000000002,186.52079999999998,47.20166666666666,17.669999999999995,2024,205
2024-07-24,78.0676,111.0631,22.486900000000002,0.0,159.5677,31.2338,0.264,211.61759999999998,54.42541666666667,103.47,2024,206
2024-07-25,73.1747,105.079,14.8582,0.0,158.6948,37.3498,0.1107,193.1119,48.47291666666666,33.38,2024,207
2024-07-26,77.3237,120.0481,16.9686,0.0,142.96329999999998,36.2037,0.114,214.34040000000002,51.05833333333334,22.199999999999996,2024,208
2024-07-27,76.69,112.9634,14.110100000000001,0.0,147.2894,31.4623,0.2801,203.76349999999996,47.59833333333333,51.56,2024,209
2024-07-28,77.397,78.4279,9.0908,0.0,154.043,24.0042,0.1871,164.91570000000002,11.70125,157.82999999999998,2024,210
2024-07-29,73.6286,104.0214,11.419,0.0,151.5599,36.3618,0.1429,189.06900000000002,37.51,57.78,2024,211
2024-07-30,75.5938,114.03460000000001,17.5635,0.0,156.8588,34.688,0.0762,207.1919,42.083333333333336,41.35,2024,212
2024-07-31,76.51039999999999,124.2723,19.8007,0.0,151.2331,25.774099999999997,0.2206,220.58339999999998,39.92125,24.27,2024,213
2024-08-01,76.6948,121.0307,12.394200000000001,0.0,125.09219999999999,21.0686,0.22540000000000002,210.11970000000002,42.174166666666665,4.210000000000001,2024,214
2024-08-02,76.3227,108.95089999999999,11.777299999999999,0.0,125.402,32.1912,0.1529,197.05089999999998,40.08708333333333,9.54,2024,215
2024-08-03,76.3457,95.8612,8.9485,0.0,122.45660000000001,31.1922,0.2134,181.1554,35.36666666666667,38.2,2024,216
2024-08-04,74.36739999999999,93.6348,9.493,0.0,139.8031,31.2145,0.15109999999999998,177.49519999999998,29.811666666666667,63.290000000000006,2024,217
2024-08-05,72.55160000000001,113.4161,13.429799999999998,0.0,132.7926,35.5244,0.1191,199.3975,46.64166666666667,46.410000000000004,2024,218
2024-08-06,64.6829,113.7446,12.101299999999998,0.0,159.8321,36.036199999999994,0.09509999999999999,190.52880000000002,44.57208333333333,50.879999999999995,2024,219
2024-08-07,71.222,116.65480000000001,18.8922,0.0,158.5698,21.0224,0.1561,206.769,45.10125,18.25,2024,220
2024-08-08,72.12110000000001,116.92830000000001,19.3807,0.0,139.8561,26.008,0.1143,208.4301,45.754999999999995,11.96,2024,221
2024-08-09,69.1575,93.28869999999999,9.7309,0.0,151.1863,35.6214,0.1167,172.17709999999997,39.206250000000004,22.95,2024,222
2024-08-10,62.305800000000005,76.5603,9.3705,0.0,151.2839,35.969300000000004,0.08009999999999999,148.2366,27.810833333333335,86.16,2024,223
2024-08-11,59.207300000000004,72.2522,6.6085,0.0,145.2826,34.8875,0.16219999999999998,138.06799999999998,27.132083333333338,106.81,2024,224
2024-08-12,75.3992,90.3677,12.7028,0.0,166.3088,31.144299999999998,0.1263,178.4697,45.05416666666667,54.849999999999994,2024,225
2024-08-13,79.56339999999999,100.659,18.088900000000002,0.0,163.9497,33.9745,0.1259,198.3113,53.34875,36.88,2024,226
2024-08-14,76.7091,102.122,13.1091,0.0,165.3021,28.0267,0.1979,191.9402,70.57166666666667,40.629999999999995,2024,227
2024-08-15,76.50789999999999,85.253,10.9861,0.0,165.94029999999998,33.3161,0.1645,172.74699999999999,53.619166666666665,69.07000000000001,2024,228
2024-08-16,75.1692,93.2856,12.1405,0.0,158.0361,31.3481,0.12,180.5953,60.64875,37.830000000000005,2024,229
2024-08-17,73.75410000000001,90.61410000000001,13.21,0.0,139.5228,17.173599999999997,0.07890000000000001,177.5782,66.39958333333333,42.54999999999999,2024,230
2024-08-18,77.3108,95.507,9.7709,0.0,141.31560000000002,10.137799999999999,0.3875,182.58870000000002,65.02666666666666,49.03,2024,231
2024-08-19,67.9,105.235,15.6315,0.0,155.4392,28.4205,0.5221,188.76649999999998,94.00083333333333,59.599999999999994,2024,232
2024-08-20,52.3588,87.0925,11.8602,0.0,163.3183,28.174100000000003,0.18030000000000002,151.3115,72.96916666666667,87.21000000000001,2024,233
2024-08-21,48.942,70.7017,8.4268,0.0,169.52689999999998,25.6419,0.4306,128.07049999999998,70.63,74.71,2024,234
2024-08-22,48.4182,68.9718,8.982899999999999,0.0,159.1478,32.9801,0.15780000000000002,126.3729,65.42333333333333,120.89999999999999,2024,235
2024-08-23,46.9745,62.5176,7.5308,0.0,160.8651,33.545300000000005,0.3522,117.02289999999999,57.970416666666665,99.30999999999999,2024,236
2024-08-24,46.040699999999994,49.9534,6.276800000000001,0.0,143.1816,31.906100000000002,0.9237000000000001,102.2709,43.62625,141.22,2024,237
2024-08-25,59.6162,47.4694,6.2175,0.0,151.31220000000002,11.0079,0.4177,113.3031,22.100416666666664,128.69,2024,238
2024-08-26,60.2819,79.3853,11.2585,0.0,159.46460000000002,17.895799999999998,0.1987,150.9257,95.79166666666667,60.86,2024,239
2024-08-27,62.5345,86.45739999999999,11.9372,0.0,158.6004,27.614099999999997,0.503,160.92909999999998,89.16416666666667,143.03,2024,240
2024-08-28,64.0602,92.8012,12.345600000000001,0.0,164.7541,31.1064,0.14809999999999998,169.207,86.77541666666667,106.85,2024,241
2024-08-29,63.8542,103.7419,13.7912,0.0,164.4658,30.6732,0.1397,181.3873,99.50458333333334,100.66,2024,242
2024-08-30,59.8714,106.6819,12.495,0.0,161.7132,29.101100000000002,0.1338,179.0483,102.96666666666665,49.24000000000001,2024,243
2024-08-31,57.4675,84.878,8.944600000000001,0.0,148.2466,28.075,0.10529999999999999,151.29010000000002,76.10375,118.05,2024,244
2025-06-01,57.6019,42.963300000000004,7.6241,0.0,171.1738,38.8826,0.4069,108.1893,39.54583333333333,111.16,2025,152
2025-06-02,71.80189999999999,51.729,21.5661,0.0,172.37079999999997,17.6993,0.61,145.09699999999998,77.73708333333333,83.74000000000001,2025,153
2025-06-03,79.0024,55.4625,23.303099999999997,0.0,189.8271,33.5462,0.4067,157.768,78.5025,88.02000000000001,2025,154
2025-06-04,90.3028,40.857800000000005,20.6494,0.0,184.5403,22.0933,0.8136,151.81,70.72875,90.85,2025,155
2025-06-05,88.903,45.2526,24.204900000000002,0.0,176.7601,23.9366,0.7117,158.3605,62.95666666666667,81.49,2025,156
2025-06-06,78.3025,43.7083,16.8552,0.0,192.2214,29.5882,1.017,138.86599999999999,43.86291666666667,119.95,2025,157
2025-06-07,92.00269999999999,46.5878,21.172400000000003,0.0,163.9915,16.931900000000002,0.7119,159.7629,56.35458333333333,85.83,2025,158
2025-06-08,82.9026,27.5885,7.8293,0.0,182.7449,36.6491,1.017,118.3204,18.035416666666666,127.99000000000001,2025,159
2025-06-09,68.702,48.2162,10.785200000000001,0.0,180.251,48.2244,0.1018,127.7034,24.038750000000004,108.94,2025,160
2025-06-10,64.3019,52.932300000000005,11.5047,0.0,188.5304,44.0278,0.305,128.7389,55.64208333333334,86.39,2025,161
2025-06-11,65.4019,55.244,19.798,0.0,187.13389999999998,47.7902,0.2034,140.44389999999999,55.48916666666667,89.44000000000001,2025,162
2025-06-12,64.9021,60.7273,21.512900000000002,0.0,188.3313,47.568400000000004,0.2034,147.1423,56.23375000000001,116.44,2025,163
2025-06-13,69.1022,54.434,18.0909,0.0,191.922,46.1193,0.1018,141.62709999999998,52.29624999999999,118.98,2025,164
2025-06-14,72.8025,42.689099999999996,13.097100000000001,0.0,184.24120000000002,43.0637,0.2036,128.5887,42.69875,136.16,2025,165
2025-06-15,76.30239999999999,45.1428,13.991299999999999,0.0,166.3858,33.386300000000006,0.5085,135.4365,58.32958333333334,110.15,2025,166
2025-06-16,76.4024,55.3977,17.861900000000002,0.0,182.7448,39.2193,0.4069,149.66199999999998,78.32041666666667,104.47,2025,167
2025-06-17,68.70230000000001,60.2326,18.7945,0.0,187.0339,50.037,0.6102000000000001,147.7294,77.67791666666666,131.36,2025,168
2025-06-18,65.9021,68.77069999999999,20.0182,0.0,186.33579999999998,48.3024,0.20320000000000002,154.691,74.57708333333333,122.6,2025,169
2025-06-19,64.602,61.3098,18.1556,0.0,188.73,48.615199999999994,0.30510000000000004,144.0674,68.10666666666667,134.44,2025,170
2025-06-20,66.5022,63.9414,22.519899999999996,0.0,192.0219,48.35679999999999,0.4069,152.9635,78.10833333333333,130.56,2025,171
2025-06-21,66.8022,56.2482,15.0749,0.0,176.5605,42.275800000000004,0.2037,138.12529999999998,67.99625,168.71,2025,172
2025-06-22,61.401900000000005,43.485800000000005,10.3834,0.0,177.0591,48.5433,0.2035,115.2711,40.65875,231.85,2025,173
2025-06-23,59.401900000000005,39.9051,9.2623,0.0,193.0194,36.5474,0.8136,108.5693,66.41708333333334,98.59,2025,174
2025-06-24,59.101800000000004,38.971599999999995,11.197299999999998,0.0,198.9048,49.1049,0.2036,109.27069999999999,60.57,134.21,2025,175
2025-06-25,60.3019,49.8972,23.7033,0.0,188.83,47.1121,0.1016,133.9024,81.42541666666666,151.94,2025,176
2025-06-26,65.002,52.4471,15.2914,0.0,180.9495,27.007099999999998,0.5083,132.7405,96.58916666666666,87.07999999999998,2025,177
2025-06-27,62.802,49.9735,13.728200000000001,0.0,186.8348,41.213800000000006,0.2035,126.5037,88.79333333333334,67.89999999999999,2025,178
2025-06-28,57.201800000000006,42.463,9.229899999999999,0.0,189.2285,47.9309,0.1018,108.89470000000001,66.97458333333334,111.96,2025,179
2025-06-29,59.5017,41.5012,9.822700000000001,0.0,178.7547,48.0062,0.2034,110.8256,55.27,129.36,2025,180
2025-06-30,71.9022,53.287,20.787599999999998,0.0,186.8349,37.214800000000004,0.2036,145.9768,99.58375000000001,139.0,2025,181
2025-07-01,81.2027,45.086800000000004,22.605,0.0,192.9197,41.5486,0.2001,148.8945,113.61458333333333,142.13,2025,182
2025-07-02,79.80239999999999,44.9026,21.1688,0.0,195.912,44.947900000000004,0.1,145.8738,105.32,113.74000000000001,2025,183
2025-07-03,76.30239999999999,51.2929,17.678900000000002,0.0,186.4354,38.653400000000005,0.1002,145.2742,103.57458333333334,88.88,2025,184
2025-07-04,73.80210000000001,45.0042,13.7343,0.0,191.6226,39.364799999999995,0.1002,132.5406,101.46208333333334,103.39,2025,185
2025-07-05,67.102,33.3105,9.1365,0.0,181.9471,45.214800000000004,0.1,109.54899999999999,77.03416666666666,114.59,2025,186
2025-07-06,62.5021,41.545199999999994,11.8354,0.0,164.19129999999998,23.281599999999997,0.4997,115.8827,88.90833333333335,65.63,2025,187
2025-07-07,65.5018,61.4662,17.3127,0.0,169.6774,21.5536,0.9997999999999999,144.2807,100.33625,31.08,2025,188
2025-07-08,64.702,41.152800000000006,7.0454,0.0,184.2413,26.1435,0.9001,112.90020000000001,101.425,31.78,2025,189
2025-07-09,52.501599999999996,54.048300000000005,10.174100000000001,0.0,191.4231,43.4123,0.2998,116.724,93.78666666666668,67.91,2025,190
2025-07-10,47.0015,55.3988,13.4874,0.0,184.04160000000002,50.5289,0.2999,115.8877,90.94541666666667,81.84,2025,191
2025-07-11,46.2014,55.1584,14.2083,0.0,175.76229999999998,47.0279,0.30010000000000003,115.5681,93.38083333333333,40.59,2025,192
2025-07-12,43.201,44.3675,9.041799999999999,0.0,172.0715,47.9213,0.2,96.6103,68.395,118.00999999999999,2025,193
2025-07-13,44.9015,36.1569,7.1145,0.0,164.8894,39.3471,0.2999,88.1729,74.78916666666667,120.92,2025,194
2025-07-14,56.7016,47.6728,10.481200000000001,0.0,176.0615,32.753099999999996,0.5001,114.85560000000001,102.6375,58.81999999999999,2025,195
2025-07-15,53.2016,45.720099999999995,11.1573,0.0,176.062,29.8258,0.3998,110.07899999999998,98.81958333333334,52.92999999999999,2025,196
2025-07-16,49.9014,47.0417,11.2542,0.0,173.16879999999998,25.679100000000002,0.49989999999999996,108.1973,98.12625000000001,37.10000000000001,2025,197
2025-07-17,53.8018,47.5835,8.8508,0.0,189.8272,43.711800000000004,0.4001,110.2361,94.68374999999999,75.33000000000001,2025,198
2025-07-18,55.101699999999994,51.8399,13.0347,0.0,177.059,47.249300000000005,0.09989999999999999,119.9763,99.95666666666666,64.03999999999999,2025,199
2025-07-19,54.9016,44.7226,8.171,0.0,164.0914,28.1357,0.4,107.7952,74.85916666666667,104.82000000000001,2025,200
2025-07-20,58.0018,40.8515,9.353,0.0,159.50289999999998,35.590300000000006,0.4002,108.2063,65.01041666666667,116.5,2025,201
2025-07-21,91.40289999999999,37.7768,16.308799999999998,0.0,161.6972,29.427799999999998,0.7,145.4885,100.81875000000001,28.060000000000002,2025,202
2025-07-22,66.6022,45.2945,10.5462,0.0,165.2883,40.719199999999994,0.7,122.4429,93.91624999999999,29.42,2025,203
2025-07-23,56.0017,54.2466,12.9063,0.0,169.17860000000002,38.2681,0.1002,123.1546,92.10583333333334,38.17,2025,204
2025-07-24,64.1022,64.56280000000001,19.564400000000003,0.0,162.6947,23.975900000000003,0.2001,148.22940000000003,100.70041666666667,36.35000000000001,2025,205
2025-07-25,71.20219999999999,62.5249,19.8575,0.0,158.8046,28.5021,0.1001,153.58460000000002,96.05666666666667,42.03999999999999,2025,206
2025-07-26,67.80189999999999,53.739,11.9114,0.0,150.02620000000002,18.1013,0.30019999999999997,133.45229999999998,87.705,52.209999999999994,2025,207
2025-07-27,74.0026,36.496900000000004,7.187200000000001,0.0,155.4127,24.749599999999997,0.3999,117.68670000000002,76.49583333333334,86.84,2025,208
2025-07-28,84.6025,26.667099999999998,11.1655,0.0,163.3931,14.066300000000002,0.7998999999999999,122.43509999999999,89.26916666666666,31.28,2025,209
2025-07-29,74.2019,29.6053,11.2415,0.0,182.7449,34.3125,0.3,115.0487,78.84208333333333,81.49000000000001,2025,210
2025-07-30,63.101699999999994,49.2027,16.691200000000002,0.0,169.2783,28.509100000000004,0.0999,128.9956,80.38666666666667,88.85000000000001,2025,211
2025-07-31,59.5017,53.297599999999996,16.4617,0.0,164.0914,30.4715,0.1999,129.261,81.98416666666667,79.28,2025,212
2025-08-01,55.2015,58.729099999999995,15.0211,0.0,151.6224,33.433800000000005,0.3901,128.9517,90.685,47.44,2025,213
2025-08-02,62.002,29.8541,5.3104,0.0,161.6976,21.4284,0.39039999999999997,97.1665,70.99916666666667,108.17,2025,214
2025-08-03,55.102,28.4986,5.2789,0.0,167.8822,32.780699999999996,0.195,88.87950000000001,42.83166666666667,97.38,2025,215
2025-08-04,51.401300000000006,40.2173,9.970600000000001,0.0,172.67,33.9809,0.09739999999999999,101.58920000000002,71.25958333333334,90.18,2025,216
2025-08-05,52.9016,34.4846,8.1469,0.0,178.3556,34.0115,0.39030000000000004,95.5331,55.28041666666667,97.44,2025,217
2025-08-06,54.601800000000004,43.4371,12.5897,0.0,170.9744,38.785799999999995,0.39030000000000004,110.6286,83.77958333333333,53.17999999999999,2025,218
2025-08-07,54.201800000000006,49.7251,15.962,0.0,174.96439999999998,44.295300000000005,0.1951,119.8889,78.1425,115.02999999999999,2025,219
2025-08-08,58.1016,44.343300000000006,17.174599999999998,0.0,174.8648,43.9156,0.19519999999999998,119.6195,76.35291666666667,100.42999999999999,2025,220
2025-08-09,58.2019,30.827099999999998,8.774700000000001,0.0,171.5726,42.676300000000005,0.1951,97.80369999999999,66.20166666666667,120.59,2025,221
2025-08-10,60.602,24.86,8.2424,0.0,172.9692,42.802699999999994,0.19540000000000002,93.70439999999999,52.592083333333335,130.82,2025,222
2025-08-11,67.502,32.0664,14.1635,0.0,181.4484,42.5859,0.3902,113.7319,77.13041666666666,114.94,2025,223
2025-08-12,68.3018,26.485599999999998,14.622399999999999,0.0,183.6425,40.8391,0.1953,109.40979999999999,86.66541666666667,138.73000000000002,2025,224
2025-08-13,64.202,36.8423,15.12,0.0,183.9421,39.329699999999995,0.0974,116.1643,96.97833333333334,101.85000000000002,2025,225
2025-08-14,61.601800000000004,37.053599999999996,14.4106,0.0,188.53070000000002,39.6274,0.2927,113.066,98.4175,89.36,2025,226
2025-08-15,58.0017,27.5145,12.701600000000001,0.0,182.5455,36.266400000000004,0.1951,98.2178,76.04375,108.86,2025,227
2025-08-16,56.8017,19.2555,10.2209,0.0,170.87439999999998,33.182199999999995,0.1953,86.2781,66.74958333333333,100.82,2025,228
2025-08-17,57.7016,22.198900000000002,9.045,0.0,160.2011,35.5403,0.19519999999999998,88.9455,62.05291666666667,113.49000000000001,2025,229
2025-08-18,55.4018,38.5091,15.6518,0.0,179.5529,41.4551,0.2929,109.56269999999999,87.37291666666665,112.19,2025,230
2025-08-19,55.101699999999994,41.5721,15.6256,0.0,181.4479,34.1277,0.195,112.2994,93.18833333333333,73.01000000000002,2025,231
2025-08-20,61.5019,46.4356,17.0155,0.0,170.0765,15.24,0.0975,124.953,96.40333333333332,37.09,2025,232
2025-08-21,72.4022,40.6565,10.316,0.0,175.2637,12.0688,0.2927,123.37469999999999,97.89666666666666,20.810000000000002,2025,233
2025-08-22,70.20230000000001,41.433800000000005,12.3489,0.0,182.04670000000002,32.3367,0.2925,123.98500000000001,88.74624999999999,39.71000000000001,2025,234
2025-08-23,54.502,35.0111,8.6135,0.0,162.59539999999998,30.9001,0.195,98.12660000000001,65.53666666666668,114.92,2025,235
2025-08-24,48.3016,34.1455,6.6682,0.0,161.4981,39.377199999999995,0.1951,89.1153,62.682500000000005,119.52,2025,236
2025-08-25,49.3015,50.337900000000005,14.5195,0.0,176.95929999999998,40.0345,0.0975,114.15889999999999,81.4975,116.21,2025,237
2025-08-26,50.1014,55.4792,18.402,0.0,176.3607,37.65579999999999,0.293,123.9826,92.82958333333333,116.54999999999998,2025,238
2025-08-27,57.5018,56.617599999999996,17.5826,0.0,179.0539,24.342200000000002,0.39030000000000004,131.702,97.45791666666668,73.52000000000001,2025,239
2025-08-28,84.0024,38.2579,18.0954,0.0,174.26579999999998,10.282399999999999,0.2926,140.3557,111.67833333333334,50.97999999999999,2025,240
2025-08-29,83.5024,36.5444,17.53,0.0,181.4481,30.0652,0.48819999999999997,137.5768,89.77291666666667,71.03,2025,241
2025-08-30,74.20230000000001,37.8202,9.6783,0.0,164.989,26.9393,0.3902,121.70080000000002,75.65375,102.34,2025,242
2025-08-31,53.601699999999994,47.9788,7.183,0.0,175.2637,38.698699999999995,0.2928,108.7635,57.03875,116.48,2025,243
2026-06-01,76.796,32.8913,17.187099999999997,0.0,185.0997,48.7564,0.09770000000000001,126.87440000000001,118.55874999999999,102.09,2026,152
2026-06-02,71.8963,29.9692,14.5434,0.0,189.3999,27.116,0.489,116.4089,123.47583333333334,73.08999999999999,2026,153
2026-06-03,70.2965,38.1091,16.9698,0.0,183.7999,37.255799999999994,0.685,125.37539999999998,95.18041666666666,137.45,2026,154
2026-06-04,61.296699999999994,28.1146,7.1262,0.0,190.0,24.7276,0.9780999999999999,96.5375,96.01125,32.31999999999999,2026,155
2026-06-05,75.0959,34.42,18.5783,0.0,187.9999,39.4126,0.19590000000000002,128.0942,99.11416666666666,112.60999999999999,2026,156
2026-06-06,62.2969,37.076,14.383299999999998,0.0,176.29979999999998,46.592,0.1956,113.7562,89.8075,143.36,2026,157
2026-06-07,51.497699999999995,30.5393,9.2998,0.0,183.1,51.3374,0.19590000000000002,91.3368,49.50125,163.33,2026,158
2026-06-08,55.097199999999994,41.5825,19.326400000000003,0.0,177.0001,41.138,0.4894,116.0061,112.51958333333333,78.07,2026,159
2026-06-09,58.396699999999996,35.4733,14.4891,0.0,176.7,16.0841,0.489,108.35910000000001,117.34541666666667,46.900000000000006,2026,160
2026-06-10,60.5969,39.3465,22.3657,0.0,179.9,21.4225,0.2932,122.3091,122.23291666666667,53.81999999999999,2026,161
2026-06-11,52.9974,35.8769,16.2576,0.0,185.3,43.8367,0.3912,105.1319,106.78125,113.42999999999999,2026,162
2026-06-12,48.1974,37.7526,13.0423,0.0,175.60029999999998,24.6467,0.5872,98.9923,97.6725,63.32,2026,163
2026-06-13,42.7978,25.214299999999998,4.0536,0.0,165.0,56.3513,0.48910000000000003,72.0657,18.362083333333334,209.27,2026,164
2026-06-14,44.497699999999995,26.051599999999997,4.0345,0.0,188.7001,56.5548,0.587,74.58379999999998,22.595416666666665,150.03,2026,165
2026-06-15,48.2974,36.7042,14.8377,0.0,188.8999,55.131099999999996,0.3911,99.8393,71.89791666666666,146.04,2026,166
2026-06-16,51.7974,42.103,18.3789,0.0,179.09980000000002,39.7491,0.098,112.2793,114.2025,115.14999999999999,2026,167
2026-06-17,53.4972,40.213,15.8225,0.0,188.9002,50.3995,0.0979,109.5327,109.1675,103.80000000000001,2026,168
2026-06-18,54.497099999999996,33.880199999999995,15.371,0.0,196.19989999999999,55.1957,0.098,103.74829999999999,107.13458333333334,103.75999999999999,2026,169
2026-06-19,59.5969,26.383599999999998,13.5466,0.0,191.8998,44.4455,0.2935,99.52709999999999,99.93583333333333,126.0,2026,170
2026-06-20,63.7965,21.5862,8.6507,0.0,186.20020000000002,54.2455,0.19569999999999999,94.0334,77.82875,131.3,2026,171
2026-06-21,64.8964,29.548099999999998,12.9924,0.0,175.2001,50.792,0.0978,107.43690000000001,83.76,139.78,2026,172
2026-06-22,69.4962,28.637700000000002,19.4543,0.0,193.30020000000002,52.7263,0.0979,117.58820000000001,115.24541666666666,152.59,2026,173
2026-06-23,73.296,29.3481,26.7905,0.0,195.7,47.7617,0.0979,129.43460000000002,137.88416666666666,138.07,2026,174
2026-06-24,72.496,27.7381,24.8693,0.0,201.9998,54.2141,0.196,125.1034,160.54416666666665,232.91000000000003,2026,175
2026-06-25,76.6959,19.5871,21.8238,0.0,204.3,52.6866,0.2935,118.10679999999999,138.3825,160.87,2026,176
2026-06-26,77.5957,34.9358,15.0293,0.0,212.69979999999998,50.991699999999994,0.09770000000000001,127.5608,130.97375,139.21999999999997,2026,177
2026-06-27,75.8959,17.7096,14.9909,0.0,183.1997,51.2134,0.0978,108.59639999999999,96.83583333333333,163.51,2026,178
2026-06-28,74.5961,14.2756,9.5935,0.0,180.8999,44.7331,0.2935,98.46520000000001,86.43583333333333,157.79,2026,179
2026-06-29,74.096,24.9656,20.6895,0.0,190.2001,44.534099999999995,0.1955,119.7511,125.5775,88.8,2026,180
2026-06-30,77.696,24.582900000000002,24.4294,0.0,204.80010000000001,46.9549,0.1958,126.7083,137.95041666666665,107.88,2026,181
2026-07-01,80.8,25.8906,20.1555,0.0,185.0998,26.3001,0.5,126.84609999999999,133.38541666666666,63.22000000000001,2026,182
2026-07-02,65.8998,21.0257,8.265799999999999,0.0,201.0,55.5,0.5002,95.1913,78.3025,144.76,2026,183
2026-07-03,58.7,28.4677,10.5867,0.0,182.7004,50.4002,0.2999,97.7544,71.3225,134.04,2026,184
2026-07-04,53.1001,24.737599999999997,7.113899999999999,0.0,181.7999,57.8,0.2998,84.9516,58.93833333333333,138.49,2026,185
2026-07-05,49.2,25.224400000000003,6.6001,0.0,175.69989999999999,52.4998,0.3999,81.0245,50.86625,148.13,2026,186
2026-07-06,49.7999,27.9605,7.570399999999999,0.0,189.1002,52.4,0.2999,85.33080000000001,100.005,125.21000000000001,2026,187
2026-07-07,48.0,24.5523,8.0958,0.0,193.2999,50.6,0.2998,80.6481,92.07041666666667,119.39,2026,188
2026-07-08,50.4001,35.374300000000005,13.603299999999999,0.0,183.3999,43.999900000000004,0.5003,99.37770000000002,113.84458333333333,131.16000000000003,2026,189
2026-07-09,51.3,30.803900000000002,11.8697,0.0,195.30010000000001,55.6999,0.2998,93.97359999999999,120.70875,127.97,2026,190
2026-07-10,54.1998,52.1125,11.604899999999999,0.0,204.4002,54.3002,0.3998,117.9172,121.97791666666667,143.29,2026,191
2026-07-11,53.8001,21.757900000000003,6.0098,0.0,180.5999,50.4,0.19979999999999998,81.5678,94.29375,155.52,2026,192
2026-07-12,49.8001,15.6543,2.7316,0.0,181.30010000000001,56.1,0.4,68.18599999999999,83.74916666666667,153.32,2026,193
2026-07-13,52.500099999999996,27.308,10.2534,0.0,183.5,41.9,0.30010000000000003,90.0615,131.59416666666667,103.0,2026,194
2026-07-14,57.0,29.893900000000002,14.634799999999998,0.0,187.9,40.5999,0.30019999999999997,101.5287,139.43916666666667,79.99,2026,195
2026-07-15,65.6998,27.889400000000002,16.7721,0.0,181.0999,28.3,0.2,110.3613,146.64625,72.21,2026,196
2026-07-16,66.9,28.5069,17.8042,0.0,185.5999,43.900200000000005,0.3003,113.21110000000002,152.18333333333334,106.0,2026,197
2026-07-17,77.5,39.691900000000004,10.418,0.0,232.9,49.3002,0.6,127.60990000000001,146.28791666666666,69.66999999999999,2026,198
2026-07-18,66.5998,12.2074,8.952200000000001,0.0,175.1,41.6,0.2,87.7594,87.92875,158.42,2026,199
2026-07-19,55.2,19.2593,7.415100000000001,0.0,178.1001,43.5,0.1999,81.8744,87.65499999999999,150.78,2026,200
2026-07-20,49.5,24.9939,9.1675,0.0,178.4998,54.3,0.2998,83.6614,132.20583333333335,114.0,2026,201
2026-07-21,47.2,29.892599999999998,10.834100000000001,0.0,177.0997,53.4,0.3998,87.92670000000001,131.55875,142.85,2026,202
2026-07-22,43.3001,25.3047,8.485100000000001,0.0,176.6001,55.2,0.2001,77.0899,134.97833333333332,92.45,2026,203
2026-07-23,40.6001,25.2858,7.0365,0.0,176.6001,52.5,0.2,72.9224,146.25083333333333,85.50999999999999,2026,204
2026-07-24,38.4997,44.0772,8.395,0.0,236.0001,55.6001,0.2001,90.97189999999999,134.54041666666666,186.17999999999998,2026,205
2026-07-25,38.9,16.898400000000002,4.3747,0.0,172.3999,38.600300000000004,0.4,60.1731,102.30083333333333,169.35000000000002,2026,206
2026-07-26,44.899800000000006,12.578299999999999,2.0942,0.0,168.3,28.5001,0.4998,59.572300000000006,104.78875,159.01999999999998,2026,207
2026-07-27,42.500099999999996,20.1478,6.744,0.0,170.1001,42.499900000000004,0.5001,69.39189999999999,137.23499999999999,135.57,2026,208
2026-07-28,46.1,22.647299999999998,8.9833,0.0,181.80010000000001,52.9001,0.2003,77.7306,140.88875,195.63,2026,209
2026-07-29,52.5,21.250799999999998,9.6582,0.0,183.9,50.299800000000005,0.1998,83.40899999999999,137.14958333333334,197.57,2026,210
2026-07-30,52.999900000000004,18.642799999999998,9.7143,0.0,179.79979999999998,46.3001,0.2999,81.357,147.68666666666667,180.4,2026,211
2026-07-31,52.8,19.7452,10.6505,0.0,136.4001,35.6999,0.4001,83.19569999999999,154.64541666666665,114.43,2026,212
2026-08-01,48.5002,33.8827,9.433399999999999,0.0,175.1,44.3002,0.2,91.81630000000001,124.22583333333334,170.09,2026,213
2026-08-02,45.1999,32.5174,5.4059,0.0,172.4999,46.1001,0.2,83.1232,115.84583333333335,176.4,2026,214
2026-08-03,45.3999,42.370599999999996,5.066,0.0,190.1,43.6999,0.1998,92.8365,135.91291666666666,160.89,2026,215
2026-08-04,47.7,37.746900000000004,12.1076,0.0,194.2999,43.6998,0.3003,97.5545,156.7075,151.03,2026,216
2026-08-05,46.8,39.3255,11.1294,0.0,193.6001,44.4,0.1997,97.25489999999999,149.93416666666667,78.92000000000002,2026,217
2026-08-06,49.2,40.3119,11.0844,0.0,187.7,42.3999,0.2999,100.5963,157.42458333333335,36.610000000000014,2026,218
2026-08-07,45.7001,34.933099999999996,8.366100000000001,0.0,187.1997,45.2,0.4001,88.99929999999999,130.61708333333334,169.41000000000003,2026,219
2026-08-08,40.8001,29.681,5.477,0.0,172.8999,45.8999,0.2,75.9581,108.15249999999999,180.83999999999997,2026,220
2026-08-09,39.9001,26.065099999999997,3.6629,0.0,174.8,43.500099999999996,0.2,69.62809999999999,98.34125,182.38,2026,221
2026-08-10,40.899800000000006,32.320299999999996,8.789299999999999,0.0,191.5,42.3003,0.2003,82.0094,149.06458333333333,61.03999999999999,2026,222
2026-08-11,41.6,34.330400000000004,10.4504,0.0,190.5002,45.2001,0.2999,86.38080000000001,144.78916666666666,138.15999999999997,2026,223
2026-08-12,43.8001,36.168,10.899299999999998,0.0,200.0999,45.6999,0.2999,90.86739999999999,140.16125,201.76,2026,224
2026-08-13,45.6997,40.4994,11.4555,0.0,203.2001,45.6001,0.1999,97.6546,148.86249999999998,231.01,2026,225
2026-08-14,47.2999,41.717800000000004,11.5501,0.0,197.3999,44.1001,0.1,100.5678,147.39958333333334,227.82000000000002,2026,226
2026-08-15,44.899800000000006,39.649699999999996,9.2942,0.0,183.2997,42.2999,0.1999,93.8437,116.55458333333333,170.39,2026,227
2026-08-16,45.6,41.2605,11.7362,0.0,177.4,39.4001,0.2,98.5967,134.15916666666666,164.92,2026,228
2026-08-17,54.7001,54.906800000000004,16.8669,0.0,196.4,29.499899999999997,0.3,126.4738,178.88875,67.57999999999998,2026,229
2026-08-18,50.5,44.8233,12.3285,0.0,198.8002,41.3,0.6,107.65180000000001,169.23333333333332,69.12,2026,230
2026-08-19,47.399800000000006,51.9537,13.1976,0.0,194.0,43.700199999999995,0.6,112.55109999999999,163.36249999999998,85.0,2026,231
2026-08-20,52.1999,58.5741,9.0214,0.0,211.19989999999999,33.4,0.6,119.7954,169.895,57.16999999999999,2026,232
2026-08-21,60.3,66.96719999999999,7.7233,0.0,190.6,13.100200000000001,0.2,134.9905,167.90166666666667,46.03,2026,233
2026-08-22,45.499900000000004,35.9982,3.3853,0.0,175.8999,42.7999,0.2998,84.8834,111.56958333333334,154.68,2026,234
2026-08-23,35.6999,33.394,6.4597,0.0,161.0,44.6,0.3,75.55359999999999,97.71208333333334,196.67,2026,235
2026-08-24,41.6998,46.395300000000006,12.603200000000001,0.0,178.8998,37.8,0.3,100.6983,138.30875,147.46,2026,236
2026-08-25,65.5,59.2812,13.547900000000002,0.0,207.5,34.7001,0.30010000000000003,138.3291,148.49916666666667,66.5,2026,237
2026-08-26,51.7999,59.5117,14.9378,0.0,191.4998,39.7001,0.1998,126.2494,155.78541666666666,75.87,2026,238
2026-08-27,51.3001,57.747,13.1491,0.0,189.3998,37.000099999999996,0.2999,122.1962,148.65875,85.71,2026,239
2026-08-28,60.000099999999996,62.224599999999995,10.4011,0.0,207.0999,26.2999,0.6002000000000001,132.62579999999997,151.2675,40.06999999999999,2026,240
2026-08-29,43.6,27.834,2.8461999999999996,0.0,185.9001,41.3999,0.4,74.2802,111.735,165.99,2026,241
2026-08-30,37.0,35.2485,9.7121,0.0,166.5,40.0,0.4003,81.9606,105.8525,194.60999999999999,2026,242
2026-08-31,42.3,51.3617,11.110899999999999,0.0,186.30010000000001,37.7001,0.7,104.7726,151.64291666666665,63.839999999999975,2026,243
