date,ror,res,ps_gen,ps_pump,load,solar,wind,hydro,nat,year,doy,price_mean,price_spread
2017-06-01,66.35067500000001,1.992075,22.2043,15.004,1399.7614250000001,221.347825,99.73167500000001,90.54705000000001,68.34275000000001,2017,152,,
2017-06-02,66.6793,1.628075,22.106375,13.129225,1384.35345,206.03682500000002,39.821125,90.41375,68.307375,2017,153,,
2017-06-03,66.61630000000001,2.0008,24.072275,12.210450000000002,1173.27005,162.7784,103.649625,92.68937500000001,68.61710000000001,2017,154,,
2017-06-04,66.40795,2.2960749999999996,15.1812,31.882325,1033.591375,119.8058,230.20127499999998,83.885225,68.704025,2017,155,,
2017-06-05,66.79367500000001,1.43195,29.057525000000002,16.498,1035.1207,160.500775,105.95027499999999,97.28315,68.22562500000001,2017,156,,
2017-06-06,66.593925,1.39745,30.916925,20.739150000000002,1374.6496750000001,123.954975,435.4176,98.9083,67.991375,2017,157,,
2017-06-07,67.76305,1.9357,20.095825,30.759224999999997,1431.845575,163.49382500000002,673.600825,89.79457500000001,69.69875,2017,158,,
2017-06-08,66.3186,2.178,30.608575000000002,17.5404,1403.1559750000001,190.393375,312.51452500000005,99.105175,68.4966,2017,159,,
2017-06-09,63.9837,2.33125,30.2646,18.13375,1397.9498500000002,161.878725,248.84035,96.57955,66.31495,2017,160,,
2017-06-10,63.226099999999995,2.2536750000000003,26.047974999999997,17.453474999999997,1179.639125,212.72005,86.762,91.52774999999998,65.47977499999999,2017,161,,
2017-06-11,60.142,2.46645,23.946975,27.074575,1081.561125,220.05775,189.126225,86.555425,62.608450000000005,2017,162,,
2017-06-12,59.501475,2.3470999999999997,26.11395,25.082974999999998,1412.430675,170.47365,496.792075,87.962525,61.848575,2017,163,,
2017-06-13,61.9651,2.36285,27.555025,13.777375,1423.7267749999999,175.52755,329.479075,91.882975,64.32795,2017,164,,
2017-06-14,62.39375,2.58155,36.53225,14.7362,1375.3301000000001,227.8675,72.36139999999999,101.50755000000001,64.9753,2017,165,,
2017-06-15,61.416,2.7948000000000004,22.34985,13.743825000000001,1219.4692,209.2523,136.54160000000002,86.56065,64.21079999999999,2017,166,,
2017-06-16,61.952324999999995,2.4596,30.098275,23.864825,1322.196775,163.187475,473.494675,94.5102,64.411925,2017,167,,
2017-06-17,60.866099999999996,2.0553000000000003,25.092225,17.7638,1166.6056,156.866425,286.51495,88.01362499999999,62.9214,2017,168,,
2017-06-18,57.56675,2.225,17.655375,24.973950000000002,1071.7976999999998,218.08069999999998,48.1479,77.447125,59.79175,2017,169,,
2017-06-19,56.037875,2.232325,35.63165,11.434075,1386.529375,234.831875,31.59275,93.90185,58.2702,2017,170,,
2017-06-20,58.189475,1.99135,20.005325,18.975675,1437.62395,215.74075,137.357675,80.18615,60.180825,2017,171,,
2017-06-21,59.136925000000005,1.9554749999999999,28.506025,10.82275,1425.7528,216.003175,62.499625,89.598425,61.092400000000005,2017,172,,
2017-06-22,58.60585,1.968175,25.2745,12.884549999999999,1451.704725,185.778975,241.06295,85.848525,60.574025,2017,173,,
2017-06-23,57.403400000000005,1.585475,26.162575,20.661724999999997,1437.9249,168.354775,438.176875,85.15145000000001,58.98887500000001,2017,174,,
2017-06-24,56.3029,2.03815,26.54505,18.887425,1219.506525,170.825775,390.113375,84.8861,58.34105,2017,175,,
2017-06-25,56.356675,1.906325,18.045675,19.697599999999998,1102.6982,120.640525,351.01340000000005,76.30867500000001,58.263000000000005,2017,176,,
2017-06-26,60.235175000000005,2.2866750000000002,23.253674999999998,14.456299999999999,1391.545525,189.524875,227.859175,85.775525,62.52185000000001,2017,177,,
2017-06-27,58.753550000000004,2.233525,36.586625,11.701424999999999,1409.3261499999999,148.7957,85.19239999999999,97.5737,60.987075000000004,2017,178,,
2017-06-28,60.027449999999995,2.116975,26.959349999999997,13.70305,1420.9818,140.4244,270.6048,89.103775,62.144425,2017,179,,
2017-06-29,63.429975,1.2220250000000001,23.555,15.85185,1413.5168500000002,104.16095,179.006625,88.207,64.652,2017,180,,
2017-06-30,65.7757,1.5801500000000002,24.907925,17.945400000000003,1410.66255,148.6885,396.197725,92.26377500000001,67.35585,2017,181,,
2017-07-01,63.754825,1.209625,16.26795,12.319225000000001,1192.9131499999999,108.07265,328.672025,81.2324,64.96445,2017,182,,
2017-07-02,59.320625,1.55325,10.14535,22.2603,1086.71175,105.157375,319.56802500000003,71.019225,60.873875,2017,183,,
2017-07-03,60.748275,1.756075,21.45045,16.456925,1364.9586000000002,194.098375,275.577725,83.9548,62.50435,2017,184,,
2017-07-04,60.92535,2.082275,23.0972,11.53825,1403.13335,192.4854,194.890175,86.104825,63.007625000000004,2017,185,,
2017-07-05,59.453875,1.65195,21.839599999999997,10.8641,1412.67955,199.83122500000002,32.212900000000005,82.945425,61.105824999999996,2017,186,,
2017-07-06,58.374625,1.8985999999999998,25.9855,12.568850000000001,1420.5764,214.783575,34.492574999999995,86.258725,60.273225000000004,2017,187,,
2017-07-07,57.1469,2.242575,28.047875,12.762450000000001,1413.20545,172.207875,136.078125,87.43735000000001,59.389475000000004,2017,188,,
2017-07-08,57.25465,2.145675,12.480025,16.3351,1206.38885,180.691025,130.28195,71.88034999999999,59.400324999999995,2017,189,,
2017-07-09,57.2695,1.870325,11.736475,12.010774999999999,1087.84185,179.31207500000002,43.779075,70.8763,59.139825,2017,190,,
2017-07-10,58.570125,2.183325,39.602775,10.746175,1399.6639499999999,124.92627499999999,86.42694999999999,100.356225,60.75345,2017,191,,
2017-07-11,62.47125,1.6807249999999998,15.902575,15.260275,1418.0892749999998,150.6001,175.596725,80.05454999999999,64.151975,2017,192,,
2017-07-12,62.3795,1.72495,21.45875,16.7747,1432.6983249999998,89.25139999999999,322.5092,85.5632,64.10445,2017,193,,
2017-07-13,60.85515,1.8463,22.829125,12.389425,1398.76655,199.01379999999997,222.10205,85.530575,62.70145,2017,194,,
2017-07-14,60.026775,2.071875,16.68345,12.723875,1377.75835,147.757625,77.630425,78.7821,62.09865,2017,195,,
2017-07-15,61.635,1.61825,10.146775,14.206525,1161.7770500000001,153.656175,86.214225,73.400025,63.25325,2017,196,,
2017-07-16,58.367599999999996,1.781075,14.020525,17.097,1069.0679,151.18767499999998,158.89870000000002,74.16919999999999,60.148675,2017,197,,
2017-07-17,54.914225,3.2077750000000003,19.51945,9.5289,1363.819575,175.466425,99.079425,77.64144999999999,58.122,2017,198,,
2017-07-18,56.5949,1.8813250000000001,22.594450000000002,14.509525,1402.4943500000002,213.526825,67.09802499999999,81.070675,58.476225,2017,199,,
2017-07-19,57.486050000000006,2.2104749999999997,20.077375,14.15725,1425.5549250000001,209.810275,231.88647500000002,79.77390000000001,59.69652500000001,2017,200,,
2017-07-20,57.263949999999994,2.2634000000000003,19.5255,17.211325000000002,1408.07305,132.466,169.386,79.05284999999999,59.52734999999999,2017,201,,
2017-07-21,58.811074999999995,2.590375,15.027550000000002,11.7612,1373.3847,201.8752,105.27285,76.429,61.40145,2017,202,,
2017-07-22,57.922475,2.0820749999999997,12.69365,13.189549999999999,1182.560025,160.1264,173.991775,72.6982,60.004549999999995,2017,203,,
2017-07-23,58.51795,1.85005,10.553,24.188325,1059.77485,140.03832500000001,222.3221,70.921,60.368,2017,204,,
2017-07-24,60.1473,2.14015,24.5944,11.676825000000001,1348.752025,94.4338,77.886975,86.88185,62.28745,2017,205,,
2017-07-25,63.62795,1.9640250000000001,12.596825,16.082024999999998,1401.922275,70.637375,283.49225,78.1888,65.591975,2017,206,,
2017-07-26,66.13852499999999,1.74135,25.034225,10.724174999999999,1392.5947250000002,82.895125,262.6447,92.91409999999999,67.87987499999998,2017,207,,
2017-07-27,62.683550000000004,0.6805249999999999,18.82355,14.5343,1390.652425,103.0769,187.723875,82.18762500000001,63.36407500000001,2017,208,,
2017-07-28,64.69355,2.082325,20.744975,15.441275,1348.5055249999998,158.693875,283.7015,87.52085,66.775875,2017,209,,
2017-07-29,64.60665,2.3463249999999998,26.228825,17.951,1158.9359,167.3785,304.934825,93.1818,66.952975,2017,210,,
2017-07-30,62.998,1.7244000000000002,17.274325,23.289775000000002,1073.8746999999998,181.797925,342.007925,81.996725,64.7224,2017,211,,
2017-07-31,66.2168,2.084425,30.67275,10.1893,1341.0439,180.89732500000002,129.5299,98.973975,68.301225,2017,212,,
2017-08-01,64.457325,2.53085,20.755325,15.10175,1379.7316,156.78705,102.894775,87.7435,66.988175,2017,213,,
2017-08-02,63.853675,2.5264,23.81325,11.614925,1381.4678999999999,163.54617499999998,97.83692500000001,90.193325,66.380075,2017,214,,
2017-08-03,63.135075,2.398925,22.518549999999998,15.613075,1403.70725,118.11815,387.6815,88.05255,65.534,2017,215,,
2017-08-04,61.533825,2.176025,24.777875,18.18585,1375.4307,143.6585,461.322975,88.48772500000001,63.70985,2017,216,,
2017-08-05,62.3524,2.02035,19.1728,12.783975,1149.380575,146.131025,241.563825,83.54554999999999,64.37275,2017,217,,
2017-08-06,62.097025,1.97475,14.875950000000001,27.1784,1029.49415,163.67972500000002,185.234,78.947725,64.071775,2017,218,,
2017-08-07,59.821675000000006,1.58005,18.233900000000002,15.498625,1310.554025,213.29835,110.066875,79.635625,61.401725000000006,2017,219,,
2017-08-08,60.981725,1.792575,19.721474999999998,10.706375,1367.4338249999998,140.631775,243.715625,82.495775,62.7743,2017,220,,
2017-08-09,62.582525000000004,2.63605,22.409174999999998,14.012875,1375.364225,166.94627499999999,224.412625,87.62774999999999,65.218575,2017,221,,
2017-08-10,63.898025000000004,1.907125,27.510375,15.86505,1366.5591000000002,69.752675,100.09032499999999,93.315525,65.80515,2017,222,,
2017-08-11,61.390775000000005,2.177975,26.118975,13.453575,1344.4349499999998,41.1015,108.80855,89.687725,63.56875000000001,2017,223,,
2017-08-12,63.720699999999994,2.054275,13.282024999999999,20.660525,1144.24075,79.18414999999999,301.135,79.057,65.774975,2017,224,,
2017-08-13,66.70685,1.9643,15.47995,18.83575,1031.364775,139.77542499999998,125.043275,84.1511,68.67115,2017,225,,
2017-08-14,65.99745,1.9281499999999998,26.377299999999998,15.98145,1296.1642749999999,198.14132500000002,112.72275,94.3029,67.9256,2017,226,,
2017-08-15,64.672375,1.8717249999999999,24.000325,10.493649999999999,1330.5734750000001,168.960625,199.43765,90.544425,66.5441,2017,227,,
2017-08-16,64.64735,2.094675,22.950525000000003,16.477224999999997,1366.998325,148.39607500000002,69.615275,89.69255,66.742025,2017,228,,
2017-08-17,63.692875,3.83335,23.077575,14.730975,1385.645225,140.73127499999998,208.56915,90.60379999999999,67.526225,2017,229,,
2017-08-18,62.990125,3.445525,24.5395,11.200825,1373.1922749999999,122.92642500000001,189.80792499999998,90.97515,66.43565,2017,230,,
2017-08-19,64.38969999999999,2.6003249999999998,21.203349999999997,27.236549999999998,1152.63815,138.76727499999998,367.74915000000004,88.19337499999999,66.99002499999999,2017,231,,
2017-08-20,62.98485,1.827875,13.742700000000001,27.71625,1050.599,155.43605,323.760775,78.555425,64.812725,2017,232,,
2017-08-21,60.2719,1.9843250000000001,18.801,16.554175,1342.145075,157.02110000000002,228.6909,81.057225,62.256225,2017,233,,
2017-08-22,60.2232,2.1652750000000003,25.798275,11.645875,1353.33495,171.6376,91.95825,88.18675,62.388475,2017,234,,
2017-08-23,60.271775,1.6273499999999999,22.218700000000002,10.942924999999999,1353.8453,196.566225,69.75045,84.117825,61.899125,2017,235,,
2017-08-24,58.457775,1.7135,27.7416,14.405175,1378.5376,144.61464999999998,198.4578,87.912875,60.171275,2017,236,,
2017-08-25,60.350474999999996,2.9408499999999997,25.2847,12.323675,1360.7691,169.800125,91.82255,88.57602499999999,63.29132499999999,2017,237,,
2017-08-26,58.467800000000004,2.2475500000000004,15.6454,13.069775,1155.9881,151.5106,45.830425000000005,76.36075,60.71535,2017,238,,
2017-08-27,57.083,1.866175,15.101625,19.560275,1060.749325,146.4197,133.94782500000002,74.0508,58.949175,2017,239,,
2017-08-28,55.498574999999995,2.0061,30.6311,13.47885,1347.46815,176.64605,35.541175,88.135775,57.50467499999999,2017,240,,
2017-08-29,57.002675,1.552225,27.464875,13.9514,1392.82665,191.3135,99.996825,86.01977500000001,58.5549,2017,241,,
2017-08-30,55.204375,1.7432999999999998,25.487925,16.3242,1410.74325,150.31289999999998,183.37645,82.4356,56.947675,2017,242,,
2017-08-31,55.736,1.103375,16.11215,18.167825,1397.52005,69.09545,230.07585,72.951525,56.839375,2017,243,,
2018-06-01,62.890325,3.237025,21.525675,28.3285,1318.14075,159.42725,132.6047,87.65302499999999,66.12734999999999,2018,152,,
2018-06-02,62.412175000000005,2.26235,16.20225,14.9071,1170.2247,149.247575,106.226175,80.87677500000001,64.674525,2018,153,,
2018-06-03,61.673474999999996,2.500875,9.427325000000002,43.30035,1073.617875,185.58895,46.4484,73.60167499999999,64.17434999999999,2018,154,,
2018-06-04,61.37735,2.17565,26.038475,12.189675,1389.54875,203.013725,108.46622500000001,89.591475,63.553,2018,155,,
2018-06-05,61.696075,1.352175,27.254150000000003,22.985875,1434.310975,192.01272500000002,95.50569999999999,90.3024,63.04825,2018,156,,
2018-06-06,60.34695,2.0747,16.3746,33.10705,1453.5836000000002,225.89425,207.31539999999998,78.79625,62.42165,2018,157,,
2018-06-07,60.4423,3.4941999999999998,25.205975,21.021575000000002,1453.5215,195.40832500000002,144.282425,89.142475,63.9365,2018,158,,
2018-06-08,61.650775,3.4605,22.487225,24.374650000000003,1428.411975,189.5851,77.98845,87.5985,65.111275,2018,159,,
2018-06-09,62.209175,2.91925,16.285925,14.69425,1223.6805749999999,185.42002499999998,88.7668,81.41435000000001,65.12842500000001,2018,160,,
2018-06-10,61.804175,2.182025,11.716875,44.068775,1103.748175,171.192825,103.6383,75.703075,63.986200000000004,2018,161,,
2018-06-11,62.0912,3.409525,29.4145,15.681025,1436.8973500000002,163.75245,176.0879,94.915225,65.500725,2018,162,,
2018-06-12,63.445775000000005,3.1598,17.577525,28.178,1450.366825,117.70214999999999,218.182575,84.1831,66.605575,2018,163,,
2018-06-13,62.81065,1.9291749999999999,24.259275000000002,23.25095,1439.288925,86.17760000000001,222.147225,88.9991,64.739825,2018,164,,
2018-06-14,61.92625,4.442825,14.398575000000001,28.936775,1438.003725,182.800875,208.276,80.76765,66.36907500000001,2018,165,,
2018-06-15,63.924175000000005,8.315625,21.9438,17.807175,1411.332175,178.29157500000002,41.183,94.1836,72.2398,2018,166,,
2018-06-16,62.4591,8.562325000000001,18.291775,18.322125,1192.364925,189.293475,69.10447500000001,89.3132,71.021425,2018,167,,
2018-06-17,60.667975,6.7355,8.851325000000001,46.351074999999994,1089.223025,166.87560000000002,212.722875,76.2548,67.403475,2018,168,,
2018-06-18,59.5743,7.4878,16.907349999999997,15.136375,1413.263425,161.974,189.645575,83.96945,67.0621,2018,169,,
2018-06-19,59.831875,5.7737,30.752375,23.1661,1467.208175,147.637975,217.42860000000002,96.35795,65.605575,2018,170,,
2018-06-20,58.623050000000006,7.582925,33.961725,26.857975,1467.615475,209.310875,191.2548,100.16770000000001,66.20597500000001,2018,171,,
2018-06-21,58.649925,4.3747,18.403075,49.388225,1482.22325,176.357225,489.162675,81.4277,63.024625,2018,172,,
2018-06-22,59.81715,6.964625,27.012400000000003,35.954425,1434.5223500000002,156.474725,580.365775,93.794175,66.781775,2018,173,,
2018-06-23,58.479699999999994,5.599175,28.3203,42.989125,1198.926625,145.472475,489.68795,92.399175,64.078875,2018,174,,
2018-06-24,54.557525,3.46025,13.686475,39.299575,1071.6881,126.4939,233.295475,71.70425,58.017775,2018,175,,
2018-06-25,53.899025,5.63305,22.9268,17.4576,1394.072975,155.17095,196.665275,82.458875,59.532075,2018,176,,
2018-06-26,55.393724999999996,8.68365,22.600575,21.143025,1416.2538,167.930575,94.56339999999999,86.67794999999998,64.07737499999999,2018,177,,
2018-06-27,54.43385,5.66105,16.262425,21.864375,1418.5285,210.6113,134.00815,76.357325,60.0949,2018,178,,
2018-06-28,55.233625,4.659050000000001,26.111075,20.7826,1440.3731,157.420375,207.27417499999999,86.00375,59.892675000000004,2018,179,,
2018-06-29,56.573275,2.6643000000000003,19.0798,26.552349999999997,1419.078675,206.40995,195.814125,78.317375,59.237575,2018,180,,
2018-06-30,53.862925000000004,0.988375,20.86955,35.22795,1191.5339,238.39515,241.2012,75.72085,54.8513,2018,181,,
2018-07-01,49.680699999999995,1.002775,14.60035,47.506550000000004,1080.56885,247.587775,288.94965,65.283825,50.683474999999994,2018,182,,
2018-07-02,49.713125,4.2212250000000004,24.463900000000002,16.790325,1391.8908000000001,248.51435,154.428075,78.39824999999999,53.934349999999995,2018,183,,
2018-07-03,52.3685,6.150675000000001,22.312925,19.529025,1442.7008500000002,233.24705,89.5197,80.8321,58.519175,2018,184,,
2018-07-04,54.022,9.448450000000001,29.80935,15.799425,1449.869925,193.9603,42.16825,93.2798,63.47045,2018,185,,
2018-07-05,54.10635,4.7932,17.1419,22.0628,1456.2361,163.941325,132.78557500000002,76.04145,58.89955,2018,186,,
2018-07-06,57.77255,4.01035,14.45605,17.9695,1441.80525,151.971375,284.60107500000004,76.23895,61.782900000000005,2018,187,,
2018-07-07,56.9576,2.530475,19.166075,35.3618,1206.602125,228.90707500000002,293.83835,78.65415,59.488075,2018,188,,
2018-07-08,53.163425000000004,5.701149999999999,14.941575,39.130375,1080.658075,221.281925,165.63085,73.80615,58.864575,2018,189,,
2018-07-09,50.772400000000005,5.733575,15.2724,20.71515,1382.0870249999998,186.17114999999998,287.06717499999996,71.77837500000001,56.50597500000001,2018,190,,
2018-07-10,51.0538,6.532375,17.716725,17.157025,1387.31985,119.54560000000001,178.30125,75.30290000000001,57.586175000000004,2018,191,,
2018-07-11,50.38375,6.642275,18.204875,16.59525,1382.3785500000001,127.27302499999999,121.6747,75.23089999999999,57.026025,2018,192,,
2018-07-12,50.068625,5.896025,16.56565,20.931325,1393.03535,158.051875,154.19745,72.5303,55.96465,2018,193,,
2018-07-13,47.636425,5.833175,13.132375,17.057724999999998,1371.3635,211.0575,138.98655,66.601975,53.4696,2018,194,,
2018-07-14,46.232974999999996,4.802,7.87595,13.226424999999999,1165.5637250000002,202.33545,89.429,58.91092499999999,51.034974999999996,2018,195,,
2018-07-15,44.276425,4.0783499999999995,8.4154,30.522275,1059.268475,201.250325,59.562625,56.770175,48.354775000000004,2018,196,,
2018-07-16,44.168775000000004,4.4624250000000005,14.060725,8.127275,1341.714325,202.593375,51.230125,62.691925000000005,48.63120000000001,2018,197,,
2018-07-17,45.1833,4.332925,7.34955,11.331775,1388.50325,199.0818,117.58494999999999,56.865775000000006,49.516225000000006,2018,198,,
2018-07-18,43.880875,2.220775,9.6089,13.419450000000001,1402.9788,208.594225,222.55232500000002,55.710550000000005,46.10165000000001,2018,199,,
2018-07-19,43.867599999999996,4.3731,9.482325000000001,10.356875,1390.923375,216.8019,126.13322500000001,57.723025,48.2407,2018,200,,
2018-07-20,43.5013,5.6505,13.046524999999999,11.6022,1358.02395,204.746525,74.233325,62.198325,49.1518,2018,201,,
2018-07-21,43.906425000000006,6.7970500000000005,11.952950000000001,7.554275,1158.121125,121.62855,84.34455,62.656425000000006,50.703475000000005,2018,202,,
2018-07-22,48.537375,2.559725,6.655,30.915825,1067.6155,133.0984,73.944225,57.7521,51.0971,2018,203,,
2018-07-23,47.303324999999994,5.2707749999999995,26.997825000000002,11.486625,1366.11255,193.98882500000002,43.569625,79.571925,52.574099999999994,2018,204,,
2018-07-24,47.6629,6.5022,21.858525,13.742475,1408.6711,219.85365,29.8066,76.02362500000001,54.1651,2018,205,,
2018-07-25,46.155550000000005,5.8252,20.745475,20.64665,1430.483875,201.325375,72.23875,72.726225,51.98075000000001,2018,206,,
2018-07-26,44.923675,6.756024999999999,14.805125,17.30415,1431.422775,215.097175,142.94504999999998,66.484825,51.679700000000004,2018,207,,
2018-07-27,43.6301,5.640675,15.7525,18.948575,1418.343425,202.744325,237.60057500000002,65.023275,49.270775,2018,208,,
2018-07-28,41.690725,4.772024999999999,15.5472,17.736099999999997,1214.2371,162.451125,248.66915,62.00995,46.46275,2018,209,,
2018-07-29,38.493575,3.5235250000000002,13.7414,48.65215,1081.292025,194.923475,137.733175,55.7585,42.0171,2018,210,,
2018-07-30,39.93455,5.408175,22.527875,12.3361,1375.8077250000001,200.83135000000001,92.14645,67.8706,45.342725,2018,211,,
2018-07-31,40.49015,5.06365,20.438625,24.425175,1417.1259,200.192725,139.1327,65.992425,45.5538,2018,212,,
2018-08-01,40.320949999999996,7.2015,21.968575,17.86365,1415.059,179.053925,96.5265,69.49102500000001,47.52245,2018,213,,
2018-08-02,44.1915,8.630450000000002,0.0,0.0,1418.95595,191.844725,78.962425,52.82195,52.82195,2018,214,,
2018-08-03,46.771449999999994,8.459299999999999,0.0,0.0,1399.94875,210.9726,63.61745,55.23074999999999,55.23074999999999,2018,215,,
2018-08-04,44.495775,3.0375,7.589625,11.85835,1208.804675,187.92535,107.0495,55.1229,47.533275,2018,216,,
2018-08-05,40.405199999999994,2.87085,8.249725,45.368525,1105.20145,192.907975,201.03365,51.52577499999999,43.27604999999999,2018,217,,
2018-08-06,39.142175,5.110275,30.971725,16.008174999999998,1370.285525,221.14257500000002,80.168325,75.224175,44.25245,2018,218,,
2018-08-07,44.446475,4.67625,18.974775,22.831075000000002,1414.2006999999999,188.657375,133.470275,68.0975,49.122725,2018,219,,
2018-08-08,43.477824999999996,4.60765,16.017425,33.58425,1444.5768500000001,166.90245000000002,300.693325,64.10289999999999,48.085474999999995,2018,220,,
2018-08-09,43.432,2.4239499999999996,17.4679,25.194275,1425.583375,177.632175,245.572625,63.32385,45.85595,2018,221,,
2018-08-10,42.004875,2.4544500000000005,21.5153,35.249,1391.0094,148.148675,442.619125,65.974625,44.459325,2018,222,,
2018-08-11,39.700075,2.352725,18.55895,42.58025,1185.2956000000001,180.40115,408.0659,60.61175,42.0528,2018,223,,
2018-08-12,36.05095,2.85665,21.236475,30.0152,1062.595425,209.6506,136.44389999999999,60.144075,38.9076,2018,224,,
2018-08-13,37.702175000000004,5.7852,25.759425,19.3921,1353.777875,127.00880000000001,160.980875,69.24680000000001,43.487375,2018,225,,
2018-08-14,44.5279,4.704575,14.018525,29.155675,1380.769125,133.67835,295.66677500000003,63.251000000000005,49.232475,2018,226,,
2018-08-15,40.6695,3.83295,10.749675,24.408099999999997,1339.5491499999998,140.142075,122.138625,55.25212499999999,44.502449999999996,2018,227,,
2018-08-16,37.987175,3.713775,20.712975,21.81325,1369.798475,210.2876,148.276125,62.413925,41.70095,2018,228,,
2018-08-17,37.464275,4.767774999999999,15.862425,19.1767,1359.987325,177.92075,122.82782499999999,58.094475,42.23205,2018,229,,
2018-08-18,38.167550000000006,5.4185,19.21595,25.2894,1179.4719499999999,185.664725,154.27695,62.80200000000001,43.58605000000001,2018,230,,
2018-08-19,37.343900000000005,3.4400999999999997,12.63,37.2914,1088.310175,197.571525,167.914625,53.41400000000001,40.784000000000006,2018,231,,
2018-08-20,37.519225,7.357075,29.753575,15.018,1376.0451,142.6541,182.272375,74.629875,44.8763,2018,232,,
2018-08-21,41.475125,6.290475000000001,28.398075000000002,28.06865,1385.8493,169.446875,39.41045,76.163675,47.7656,2018,233,,
2018-08-22,41.34695,6.0092,21.40035,25.972424999999998,1411.384,196.84535,94.660575,68.7565,47.35615,2018,234,,
2018-08-23,43.260175000000004,6.309625,0.0,0.0,1424.77275,158.421875,138.28672500000002,49.5698,49.5698,2018,235,,
2018-08-24,43.918974999999996,2.5403000000000002,15.747575000000001,31.30255,1402.961625,106.544125,323.083625,62.20685,46.459275,2018,236,,
2018-08-25,44.952324999999995,2.975375,15.141399999999999,25.382525,1183.7543999999998,94.97447500000001,287.31697499999996,63.06909999999999,47.927699999999994,2018,237,,
2018-08-26,47.2427,2.80875,22.525650000000002,42.009800000000006,1074.9493,183.007625,212.68025,72.5771,50.05145,2018,238,,
2018-08-27,40.43435,3.95155,18.20505,34.085375,1415.8552,119.11460000000001,519.536,62.59095,44.3859,2018,239,,
2018-08-28,39.824875,6.250725,30.009400000000003,18.457150000000002,1398.8893,164.33894999999998,99.97914999999999,76.08500000000001,46.0756,2018,240,,
2018-08-29,40.624824999999994,2.895625,14.216375,26.062974999999998,1416.670125,175.266425,170.49405,57.736824999999996,43.52045,2018,241,,
2018-08-30,43.50155,4.660774999999999,21.53475,30.343325,1429.1113,80.62527499999999,331.05742499999997,69.697075,48.162325,2018,242,,
2018-08-31,47.096275,3.9871,21.061375,21.640025,1375.3180249999998,102.015025,165.77679999999998,72.14475,51.083375,2018,243,,
2019-06-01,63.79205,3.9519,22.90085,33.9131,1122.1678,241.406925,140.3115,90.6448,67.74395,2019,152,29.96291666666667,23.47
2019-06-02,63.766625,6.006175,23.2153,48.275150000000004,1056.85635,252.3144,175.18415,92.9881,69.7728,2019,153,21.867499999999996,47.150000000000006
2019-06-03,63.54865,7.8876,31.417225,29.22415,1369.026275,207.88305,230.51555,102.853475,71.43625,2019,154,36.90291666666666,30.86
2019-06-04,59.409074999999994,6.259525,19.35275,25.05575,1415.42775,232.3032,158.76967499999998,85.02135,65.6686,2019,155,38.99208333333333,27.419999999999998
2019-06-05,60.478975,8.955075,29.646075,25.21775,1418.6224750000001,231.146575,239.67085,99.080125,69.43405,2019,156,37.92958333333333,31.980000000000004
2019-06-06,58.7519,11.746175,32.699575,31.0148,1399.4755,132.32675,366.1304,103.19765000000001,70.498075,2019,157,36.48,35.06
2019-06-07,59.38135,6.925800000000001,28.9133,24.81185,1345.4054250000002,236.6368,247.98055,95.22045,66.30715,2019,158,37.610416666666666,47.5
2019-06-08,53.5965,5.702875,19.12755,46.086974999999995,1139.76965,185.8063,615.1416999999999,78.426925,59.299375,2019,159,-42.239583333333336,117.32000000000001
2019-06-09,61.381125,4.423975,15.199924999999999,30.4713,986.63245,219.631625,210.65447500000002,81.00502499999999,65.8051,2019,160,22.499583333333334,45.25
2019-06-10,60.373949999999994,6.46675,12.509875,26.052675,1027.2911,148.7789,222.875875,79.35057499999999,66.8407,2019,161,31.36791666666667,15.0
2019-06-11,51.829575,11.3194,29.238875,24.431,1339.93715,159.83145000000002,147.15470000000002,92.38785,63.148975,2019,162,44.66791666666666,34.01
2019-06-12,46.85625,7.349600000000001,33.011050000000004,32.174125,1403.4002,137.0606,195.063725,87.21690000000001,54.205850000000005,2019,163,44.00208333333333,29.740000000000002
2019-06-13,46.489025,7.156175,21.9413,34.1019,1380.431325,223.966425,262.63559999999995,75.5865,53.645199999999996,2019,164,38.51166666666666,49.120000000000005
2019-06-14,51.672599999999996,9.54515,28.44225,24.22805,1368.03345,209.82997500000002,189.651225,89.66,61.217749999999995,2019,165,41.6175,36.45
2019-06-15,54.55915,6.59485,18.122349999999997,38.904775,1164.7399750000002,187.436025,344.793875,79.27635000000001,61.154,2019,166,30.575833333333335,16.660000000000004
2019-06-16,54.842074999999994,6.0360249999999995,14.141375,39.292025,1062.2390249999999,150.479675,112.36715,75.019475,60.878099999999996,2019,167,31.149583333333336,28.5
2019-06-17,57.363074999999995,7.895975,24.104575,24.238,1352.50995,237.379275,79.2623,89.363625,65.25905,2019,168,41.65875,40.61999999999999
2019-06-18,57.320699999999995,11.0688,33.03255,25.264225,1409.367525,235.236775,118.73755,101.42205,68.3895,2019,169,42.28,37.07000000000001
2019-06-19,56.94655,12.451775,35.6608,30.621975,1405.0217,222.65789999999998,148.510425,105.059125,69.398325,2019,170,41.19875,25.619999999999997
2019-06-20,57.34475,9.423975,16.422525,28.429925,1190.298125,159.376175,151.89265,83.19125,66.768725,2019,171,36.39041666666667,23.42
2019-06-21,58.00185,10.624775,20.117150000000002,16.3396,1252.46815,201.89,89.82192500000001,88.743775,68.62662499999999,2019,172,38.687083333333334,17.989999999999995
2019-06-22,58.846625,6.7441,11.921425,18.721575,1123.546875,188.33554999999998,155.61645000000001,77.51215,65.590725,2019,173,31.63083333333333,9.459999999999997
2019-06-23,61.141675000000006,7.8957250000000005,14.474924999999999,43.30985,1048.308475,221.82,256.44595000000004,83.512325,69.0374,2019,174,20.919999999999998,41.69
2019-06-24,61.873050000000006,11.3902,30.783825,24.191650000000003,1384.40895,255.07989999999998,336.24972499999996,104.047075,73.26325,2019,175,34.473333333333336,34.56
2019-06-25,59.643975,13.057375,40.99085,31.54175,1442.501825,244.52135,216.66425,113.69219999999999,72.70134999999999,2019,176,40.5175,51.94
2019-06-26,57.893425,13.6225,27.34255,31.273625,1456.3869499999998,240.22935,271.625875,98.858475,71.515925,2019,177,38.56458333333334,29.509999999999998
2019-06-27,56.798175,12.3379,18.672025,35.119025,1431.0837250000002,236.12314999999998,342.565125,87.80810000000001,69.136075,2019,178,35.47375,29.08
2019-06-28,55.28315,14.438075000000001,35.151525,26.312450000000002,1365.49345,247.20004999999998,92.254875,104.87275,69.721225,2019,179,43.45166666666666,35.09
2019-06-29,56.539,11.362225,22.284425,29.287650000000003,1165.0688,261.1589,65.96695,90.18565,67.901225,2019,180,33.250416666666666,31.169999999999998
2019-06-30,56.9728,11.3476,21.251175,45.076425,1090.9555500000001,250.84255,344.32559999999995,89.57157500000001,68.3204,2019,181,15.1325,83.16
2019-07-01,57.6351,13.40865,26.539175,30.10205,1441.6021,195.102175,380.02434999999997,97.582925,71.04375,2019,182,32.9625,28.16
2019-07-02,57.0399,11.09745,19.542424999999998,28.001150000000003,1436.520675,215.7404,397.974825,87.67977499999999,68.13735,2019,183,33.35166666666667,26.21
2019-07-03,58.640550000000005,10.521,22.068875,23.866075000000002,1420.2727,226.115725,277.205875,91.230425,69.16155,2019,184,34.6625,21.02
2019-07-04,59.11645,12.683725,27.49385,24.362075,1427.449125,246.24955,296.725875,99.29402499999999,71.800175,2019,185,33.9825,16.919999999999998
2019-07-05,59.066625,13.301924999999999,29.792275,28.306224999999998,1405.1389,189.49957500000002,295.9393,102.160825,72.36855,2019,186,35.26125,18.28
2019-07-06,58.8911,11.973325,16.051375,24.2298,1190.70385,183.20775,335.76642499999997,86.91579999999999,70.864425,2019,187,29.760416666666668,13.029999999999998
2019-07-07,59.697775,8.772,12.088,45.811150000000005,1100.1684,147.39589999999998,386.628425,80.55777499999999,68.469775,2019,188,24.66333333333333,30.250000000000004
2019-07-08,59.916325,10.282475,18.815475,14.1853,1361.0456000000001,160.53922500000002,262.484575,89.014275,70.1988,2019,189,35.692083333333336,13.349999999999998
2019-07-09,58.73035,10.804950000000002,22.625049999999998,22.05145,1388.11285,175.1084,239.75385,92.16035000000001,69.5353,2019,190,37.387499999999996,18.47
2019-07-10,57.767900000000004,10.490225,18.4005,21.3391,1382.159175,231.35895000000002,125.87725,86.658625,68.258125,2019,191,41.46958333333333,20.269999999999996
2019-07-11,57.648325,15.13685,37.018825,14.7642,1381.9753500000002,120.473875,52.932275000000004,109.804,72.785175,2019,192,45.91291666666667,18.990000000000002
2019-07-12,57.257675000000006,11.4408,23.11695,24.44095,1365.3638999999998,140.272775,88.9573,91.815425,68.698475,2019,193,45.244166666666665,21.07
2019-07-13,59.581175,6.280575,8.827275,21.1252,1160.986975,135.51147500000002,199.3799,74.689025,65.86175,2019,194,37.24375,7.690000000000005
2019-07-14,58.77495,7.7983,7.09075,23.251325,1052.8994750000002,130.194775,143.435175,73.664,66.57325,2019,195,35.614583333333336,11.68
2019-07-15,56.502050000000004,9.219875,20.458025000000003,16.185200000000002,1339.2779750000002,146.857125,198.89695,86.17995,65.721925,2019,196,41.55583333333333,15.130000000000003
2019-07-16,54.94515,7.1377250000000005,17.6936,16.28375,1381.8941,182.39247500000002,235.098775,79.776475,62.082875,2019,197,42.89125000000001,19.509999999999998
2019-07-17,54.10385,9.16125,22.2577,17.05285,1358.723725,206.20945,44.433375,85.5228,63.265100000000004,2019,198,45.88375,17.75
2019-07-18,53.9778,7.776800000000001,20.563525000000002,21.950950000000002,1362.595575,213.13017499999998,71.13872500000001,82.31812500000001,61.7546,2019,199,43.93375,17.11
2019-07-19,52.4946,10.48395,25.24725,18.442674999999998,1349.593375,156.25570000000002,82.3992,88.22579999999999,62.97855,2019,200,44.80791666666667,20.340000000000003
2019-07-20,51.55165,5.3477749999999995,11.54485,25.32925,1164.6085,202.1215,240.61120000000003,68.444275,56.899425,2019,201,35.085,13.420000000000002
2019-07-21,51.2036,6.745025,12.3602,38.1248,1072.46405,190.804775,275.484125,70.308825,57.948625,2019,202,31.5275,36.87
2019-07-22,48.7749,8.3751,19.7819,15.70145,1343.398975,196.01405,161.72527499999998,76.93190000000001,57.150000000000006,2019,203,42.62291666666667,19.78
2019-07-23,52.137575,9.660200000000001,28.309974999999998,19.461975,1389.925175,244.69805,66.96865,90.10775,61.797775,2019,204,46.60125,27.089999999999996
2019-07-24,51.843125,9.586375,31.68015,29.72205,1413.2167749999999,239.92145000000002,138.776225,93.10965,61.429500000000004,2019,205,50.64083333333334,36.120000000000005
2019-07-25,52.65495,8.772625,24.514174999999998,28.136825,1425.64505,231.26017499999998,154.180375,85.94175,61.427575,2019,206,50.22833333333333,30.68
2019-07-26,53.91885,6.49605,24.1992,24.22115,1414.1196750000001,224.3491,352.06472499999995,84.61410000000001,60.4149,2019,207,44.5025,19.520000000000003
2019-07-27,53.69285,5.826425,9.624375,19.636650000000003,1201.889625,176.0375,425.380925,69.14365000000001,59.519275,2019,208,36.16416666666667,6.689999999999998
2019-07-28,54.1925,5.37485,10.993675,33.085625,1089.901025,135.13565,232.61635,70.561025,59.567350000000005,2019,209,32.08583333333333,15.86
2019-07-29,55.601074999999994,8.6956,25.80555,10.023299999999999,1342.45595,137.40155,105.3728,90.10222499999999,64.296675,2019,210,45.5025,28.28
2019-07-30,58.25775,8.882825,16.91995,21.72045,1384.790525,172.902975,78.581225,84.060525,67.140575,2019,211,44.52875,18.159999999999997
2019-07-31,58.823975,6.54125,15.6153,29.784875,1377.59745,134.835425,151.819475,80.980525,65.365225,2019,212,48.465,34.17
2019-08-01,56.552150000000005,7.94795,22.5634,18.782025,1345.457,189.7157,64.739525,87.0635,64.5001,2019,213,44.66208333333333,31.429999999999993
2019-08-02,56.278949999999995,9.589475,18.767599999999998,15.842799999999999,1318.3849,160.55715,57.723575000000004,84.636025,65.868425,2019,214,43.69958333333333,12.54
2019-08-03,57.063125,4.949725,8.2949,24.2613,1117.08745,157.429475,97.762025,70.30775,62.01285,2019,215,36.365833333333335,11.86
2019-08-04,53.84325,4.99025,10.79695,35.843725,1024.1243,205.47920000000002,53.92255,69.63045,58.8335,2019,216,35.151666666666664,18.74
2019-08-05,51.81545,6.91055,22.3837,12.280100000000001,1282.587125,141.22315,103.70327499999999,81.1097,58.726,2019,217,46.28458333333333,21.119999999999997
2019-08-06,54.168875,7.702775,16.77685,22.72795,1337.8178,162.50955,157.42515,78.6485,61.87165,2019,218,42.062083333333334,20.18
2019-08-07,56.599,6.633375,15.72235,16.245975,1345.17335,105.27425,193.08247500000002,78.954725,63.232375,2019,219,40.86833333333333,10.139999999999993
2019-08-08,58.455949999999994,6.962475,19.98135,26.265925,1360.6785249999998,194.57017499999998,334.81315,85.399775,65.418425,2019,220,34.71791666666667,15.660000000000004
2019-08-09,57.712050000000005,9.184575,24.607025,10.307649999999999,1343.9946750000001,166.058225,183.56707500000002,91.50365,66.896625,2019,221,38.687916666666666,22.66
2019-08-10,56.304875,7.719600000000001,17.782575,33.2992,1189.8524750000001,128.829175,602.3454,81.80705,64.02447500000001,2019,222,12.438749999999999,83.16
2019-08-11,53.388725,6.642725,17.155625,39.539825,1080.8442,201.0121,401.580325,77.187075,60.03145,2019,223,14.351666666666667,84.46000000000001
2019-08-12,55.15655,8.5549,21.785175,21.40385,1318.095775,130.12005,269.7844,85.496625,63.71145,2019,224,41.240833333333335,44.0
2019-08-13,60.619699999999995,7.6003,17.62785,28.64325,1346.462475,158.3801,255.64972500000002,85.84785,68.22,2019,225,38.035000000000004,23.62
2019-08-14,60.965925000000006,8.369475,27.444625,20.111475,1327.7523,197.40955,171.79275,96.78002500000001,69.3354,2019,226,38.76833333333334,39.66000000000001
2019-08-15,58.83455,6.74,13.662775,34.057199999999995,1330.1383,109.086425,392.260975,79.237325,65.57455,2019,227,30.503333333333334,17.729999999999997
2019-08-16,57.284775,9.090774999999999,26.83485,18.14875,1295.120575,181.211625,213.9538,93.2104,66.37555,2019,228,35.68958333333333,32.26
2019-08-17,56.7536,6.314025,24.2897,32.9553,1147.0995249999999,96.06452499999999,413.73815,87.357325,63.067625,2019,229,26.221249999999998,27.47
2019-08-18,54.296775000000004,5.706525,10.6671,43.494125,1054.114525,152.4182,274.65229999999997,70.6704,60.0033,2019,230,27.685000000000002,28.439999999999998
2019-08-19,54.3905,6.946775,25.073349999999998,22.410825,1334.7066750000001,157.48995000000002,301.761825,86.41062500000001,61.337275000000005,2019,231,34.43125,25.33
2019-08-20,59.168375,9.26965,32.592575000000004,23.521900000000002,1340.285075,107.212825,145.88170000000002,101.03059999999999,68.438025,2019,232,39.80125,25.61
2019-08-21,59.68775,10.11045,30.786150000000003,28.968575,1327.48715,195.43904999999998,76.73514999999999,100.58435000000001,69.79820000000001,2019,233,41.683749999999996,37.67999999999999
2019-08-22,62.605599999999995,10.4325,24.414575,30.467825,1331.354625,211.61855,145.63954999999999,97.452675,73.0381,2019,234,36.30958333333333,25.95
2019-08-23,61.8434,9.776174999999999,26.66575,20.56615,1315.224975,207.62935000000002,95.9259,98.285325,71.619575,2019,235,37.32375,29.53
2019-08-24,59.43085,8.290925,19.06235,25.467325000000002,1132.743825,205.68189999999998,159.22404999999998,86.78412499999999,67.721775,2019,236,32.290416666666665,15.560000000000002
2019-08-25,57.0824,8.4017,18.4321,36.026125,1056.818225,196.016625,136.541675,83.9162,65.4841,2019,237,30.635833333333334,22.12
2019-08-26,56.28825,12.893049999999999,38.85485,22.697950000000002,1362.2670500000002,190.6192,75.56105000000001,108.03614999999999,69.1813,2019,238,45.65625,37.25999999999999
2019-08-27,56.893225,14.652925,38.317099999999996,33.502875,1421.445725,187.26977499999998,96.73310000000001,109.86325,71.54615,2019,239,46.41625,28.759999999999998
2019-08-28,55.095675,10.381625,26.66065,33.634125,1430.4075,168.390475,100.47817500000001,92.13795,65.4773,2019,240,50.824999999999996,45.17
2019-08-29,54.788574999999994,9.045575000000001,26.162650000000003,28.293725,1404.33495,145.1302,98.49352499999999,89.9968,63.834149999999994,2019,241,44.49208333333333,27.990000000000002
2019-08-30,54.4854,6.0781,23.789925,28.430025,1366.223975,187.43075,61.620125,84.353425,60.5635,2019,242,41.34458333333333,20.240000000000002
2019-08-31,52.5153,4.1186750000000005,12.9136,24.266325000000002,1162.16145,202.1995,138.338075,69.54757500000001,56.63397500000001,2019,243,33.65958333333334,19.18
2020-06-01,37.36435,2.18245,28.24825,32.254575,983.914375,288.331075,258.8311,67.79505,39.546800000000005,2020,153,6.070416666666667,71.54
2020-06-02,39.788525,4.49845,32.523225,32.260475,1254.4324,273.883875,110.047125,76.8102,44.286975,2020,154,28.341250000000002,46.1
2020-06-03,44.819375,6.0768,37.7692,38.417025,1294.839375,231.45055,167.64975,88.665375,50.896175,2020,155,28.839583333333334,31.169999999999998
2020-06-04,48.1575,9.296075,34.85735,33.9378,1332.3513,100.91494999999999,230.385125,92.310925,57.453575,2020,156,26.5525,25.93
2020-06-05,51.670975,5.603475,27.82795,33.467375,1309.5428,139.22889999999998,438.110075,85.1024,57.27445,2020,157,24.3,21.46
2020-06-06,47.8108,5.312075,28.34405,43.648025000000004,1145.3996000000002,162.53220000000002,522.270175,81.466925,53.122875,2020,158,6.685,28.810000000000002
2020-06-07,46.585474999999995,5.652100000000001,23.900625,32.63655,1037.241225,131.51175,267.683,76.1382,52.23757499999999,2020,159,17.643333333333334,21.689999999999998
2020-06-08,53.05635,6.973925,27.186825000000002,26.807175,1257.785975,179.5432,55.284275,87.2171,60.030275,2020,160,31.36916666666667,20.67
2020-06-09,54.877675,8.161,26.829625,27.6952,1294.317,128.124425,86.962875,89.8683,63.038675000000005,2020,161,36.67666666666667,28.830000000000002
2020-06-10,56.67915,5.6457,30.611575000000002,26.0389,1290.56455,114.027175,129.701675,92.936425,62.32485,2020,162,31.364583333333332,20.66
2020-06-11,60.0773,4.81175,18.041900000000002,25.671975,1138.34995,126.0168,228.2484,82.93095,64.88905,2020,163,24.063333333333333,11.689999999999998
2020-06-12,59.271,5.313925,21.932025000000003,31.168825000000002,1191.39655,247.733875,275.377025,86.51695000000001,64.584925,2020,164,20.722083333333334,12.310000000000002
2020-06-13,56.70135,5.00195,20.279075000000002,30.076674999999998,1101.137175,220.010625,296.08315000000005,81.982375,61.7033,2020,165,19.844166666666666,10.120000000000001
2020-06-14,57.843300000000006,6.9925500000000005,28.22985,29.841150000000003,1045.7133000000001,87.03460000000001,280.241675,93.0657,64.83585000000001,2020,166,18.506666666666668,14.09
2020-06-15,58.589925,9.225125,28.00705,25.513275,1264.7155500000001,137.44815,147.54170000000002,95.8221,67.81505,2020,167,31.05333333333333,26.120000000000005
2020-06-16,55.064,10.747200000000001,28.051,22.75875,1299.74365,161.88495,27.3097,93.8622,65.8112,2020,168,34.12,21.56
2020-06-17,59.7215,6.598825,19.215349999999997,27.747675,1302.0726000000002,186.26735,81.462825,85.535675,66.320325,2020,169,37.235,29.990000000000002
2020-06-18,62.19535,9.4946,22.7198,22.6768,1308.7682,169.95305,145.60835,94.40975,71.68995,2020,170,31.80333333333333,14.170000000000002
2020-06-19,63.096125,10.7858,23.590799999999998,23.61145,1260.400025,152.085025,137.584,97.472725,73.881925,2020,171,29.853333333333335,15.599999999999998
2020-06-20,62.202974999999995,7.02655,26.05925,25.17725,1097.125325,169.83329999999998,248.97639999999998,95.28877499999999,69.229525,2020,172,24.08458333333333,19.669999999999998
2020-06-21,60.426775,4.13695,24.6418,29.55095,1009.71175,225.1781,116.751175,89.20552500000001,64.563725,2020,173,19.499583333333334,24.67
2020-06-22,59.035475,11.7175,28.601875,25.40075,1277.0711999999999,224.711875,145.44017499999998,99.35485,70.75297499999999,2020,174,29.58,17.97
2020-06-23,58.60455,9.273674999999999,24.145625,28.675549999999998,1304.88925,276.56025,81.53202499999999,92.02385,67.878225,2020,175,32.74166666666667,24.25
2020-06-24,57.924974999999996,8.21515,21.24205,24.528975,1297.3113500000002,266.138375,136.026325,87.38217499999999,66.140125,2020,176,35.57041666666667,20.349999999999998
2020-06-25,57.444925000000005,9.427375,24.018875,21.860474999999997,1319.3841499999999,230.40932500000002,244.3152,90.891175,66.87230000000001,2020,177,34.45041666666666,18.700000000000003
2020-06-26,56.734300000000005,8.999525,26.69285,26.682475,1277.438675,247.25060000000002,182.80675,92.42667500000002,65.73382500000001,2020,178,34.803333333333335,21.209999999999997
2020-06-27,57.327775,10.32355,21.791900000000002,21.6615,1099.30475,225.432475,166.65125,89.443225,67.651325,2020,179,26.830833333333334,18.400000000000002
2020-06-28,56.997025,9.325625,28.90975,28.827275,1024.258575,162.814375,307.77775,95.2324,66.32265,2020,180,17.107083333333332,35.92
2020-06-29,57.324,9.666625,23.796125,32.885925,1278.8596750000002,189.96692499999997,332.41402500000004,90.78675,66.990625,2020,181,27.480833333333333,23.050000000000004
2020-06-30,58.7753,12.02745,35.96395,32.200450000000004,1345.2222749999999,206.323375,542.1262750000001,106.7667,70.80275,2020,182,18.354166666666668,36.18
2020-07-01,59.81775,13.934975,25.01635,29.368225,1343.6714,199.05692499999998,324.37405,98.769075,73.752725,2020,183,32.385,19.369999999999997
2020-07-02,59.23255,14.625200000000001,34.203300000000006,28.98095,1326.2931,175.0479,179.32522500000002,108.06105000000002,73.85775000000001,2020,184,38.91375,25.45
2020-07-03,56.0475,14.37265,35.119074999999995,30.59055,1273.488175,200.938625,239.2251,105.539225,70.42015,2020,185,34.93125,25.730000000000004
2020-07-04,58.27725,8.035275,34.83315,42.269,1146.7079250000002,205.310875,602.05275,101.14567500000001,66.31252500000001,2020,186,15.403333333333334,32.74
2020-07-05,52.285375,6.141274999999999,34.776925000000006,39.09025,1091.491475,165.59815,648.2651,93.203575,58.42665,2020,187,-15.337083333333332,95.22999999999999
2020-07-06,57.209725,10.626175,26.3154,37.17585,1349.636475,201.626625,672.919425,94.15129999999999,67.8359,2020,188,14.282499999999999,38.989999999999995
2020-07-07,56.852225,9.963225,31.029474999999998,33.263875,1349.0499750000001,218.6173,310.856775,97.84492499999999,66.81545,2020,189,31.902083333333334,16.480000000000004
2020-07-08,55.805699999999995,12.957375,34.066975,29.324099999999998,1342.096075,142.52110000000002,135.134375,102.83005,68.763075,2020,190,41.21375,25.45
2020-07-09,55.174699999999994,11.979725,22.673875,31.878325,1342.185625,163.82420000000002,166.009525,89.82829999999998,67.15442499999999,2020,191,42.42333333333333,21.75
2020-07-10,54.65895,8.967799999999999,29.7182,33.589775,1305.4846750000002,166.07354999999998,351.34545,93.34495,63.626749999999994,2020,192,36.61875,13.769999999999996
2020-07-11,56.581675000000004,6.000375,22.33535,28.7122,1107.1132,191.1675,195.755425,84.9174,62.58205,2020,193,28.601249999999997,15.309999999999995
2020-07-12,56.561225,4.200725,29.224175,34.459574999999994,1007.3464250000001,239.8953,126.44692500000001,89.986125,60.76195,2020,194,24.771666666666665,22.980000000000004
2020-07-13,52.995574999999995,8.46515,26.09915,27.041175,1254.34335,266.3707,67.89985,87.559875,61.460725,2020,195,34.17541666666667,20.490000000000002
2020-07-14,53.059825,6.3636,23.847175,19.935650000000003,1306.801975,209.214925,110.6485,83.2706,59.423424999999995,2020,196,36.76333333333333,18.63
2020-07-15,53.365675,10.1249,32.49325,31.14925,1321.2558000000001,125.27855000000001,55.9574,95.98382500000001,63.49057500000001,2020,197,41.709583333333335,28.650000000000002
2020-07-16,55.16435,8.937625,33.22345,26.45665,1325.129275,105.162575,52.972375,97.325425,64.101975,2020,198,44.44583333333333,29.730000000000004
2020-07-17,57.594075,7.4738999999999995,28.915525000000002,29.215700000000002,1268.066575,176.888225,49.000675,93.98349999999999,65.06797499999999,2020,199,37.577083333333334,16.18
2020-07-18,57.1265,5.758625,19.578,26.209175,1064.687575,213.3759,32.458075,82.463125,62.885125,2020,200,29.012916666666666,16.360000000000003
2020-07-19,53.992050000000006,3.4006999999999996,26.807325000000002,37.759,985.8172,224.635825,68.78975,84.20007500000001,57.39275000000001,2020,201,27.779583333333335,20.96
2020-07-20,51.695425,7.72795,25.98595,20.813825,1258.828075,211.598525,152.49725,85.409325,59.423375,2020,202,32.9625,18.79
2020-07-21,51.8521,6.216774999999999,25.29525,26.906125,1291.5515249999999,233.84675,155.6005,83.364125,58.068875,2020,203,31.713333333333335,20.28
2020-07-22,52.104225,8.7335,26.85675,22.94305,1299.791125,237.85845,90.40652499999999,87.694475,60.837725,2020,204,34.35166666666667,19.69
2020-07-23,52.835675,6.763425,31.40455,29.8311,1283.8596,234.9649,93.17530000000001,91.00365,59.5991,2020,205,35.691250000000004,17.990000000000002
2020-07-24,53.134125,7.672725000000001,26.019375,35.19425,1274.8438,179.374075,250.714675,86.826225,60.80685,2020,206,31.155,17.080000000000002
2020-07-25,51.433225,5.925675,23.54325,24.598825,1069.94955,181.45770000000002,148.256225,80.90215,57.3589,2020,207,25.52,16.76
2020-07-26,45.69645,4.337350000000001,30.518674999999998,35.764625,1011.7022,164.23852499999998,333.143075,80.552475,50.0338,2020,208,12.606666666666667,81.94
2020-07-27,46.943475,8.027825,21.864,32.82815,1246.0931,195.684625,199.3165,76.8353,54.9713,2020,209,32.53208333333333,16.74
2020-07-28,47.865425,5.1449750000000005,35.6836,38.553625,1335.800825,194.607975,542.410425,88.694,53.010400000000004,2020,210,22.965833333333332,36.9
2020-07-29,48.9231,7.209025,36.657425,36.370175,1314.42645,234.2935,416.072625,92.78954999999999,56.132124999999995,2020,211,20.749166666666667,39.31
2020-07-30,49.094775,6.461225000000001,30.868525,40.51205,1291.1862749999998,255.703325,151.1974,86.424525,55.556,2020,212,35.619166666666665,34.47
2020-07-31,48.798375,6.6807,30.8797,35.478,1256.61495,257.88935,88.0255,86.35877500000001,55.479075,2020,213,38.50875,24.91
2020-08-01,47.641125,4.450699999999999,29.3128,38.1496,1102.4749,212.47197500000001,226.60129999999998,81.404625,52.091825,2020,214,28.31041666666667,15.670000000000002
2020-08-02,46.3158,5.087725000000001,26.491925,28.877599999999997,1011.0992249999999,117.745475,130.6274,77.89545,51.403525,2020,215,28.189999999999998,14.57
2020-08-03,52.25325,8.766375,22.765849999999997,34.700125,1237.6476499999999,137.917875,83.907875,83.785475,61.019625000000005,2020,216,36.719166666666666,20.390000000000004
2020-08-04,47.2485,9.657200000000001,28.609599999999997,27.7628,1259.770125,154.781275,84.045,85.5153,56.9057,2020,217,36.393750000000004,26.01
2020-08-05,51.2244,6.094275,37.806025,40.4899,1280.411675,250.35379999999998,225.281525,95.12469999999999,57.318675,2020,218,29.605,23.9
2020-08-06,55.4938,7.70775,32.987474999999996,38.424475,1281.062025,258.886175,121.76060000000001,96.18902499999999,63.20155,2020,219,33.28,30.94
2020-08-07,56.421625,10.031649999999999,36.86665,39.91975,1269.426625,249.69772500000002,76.726575,103.31992499999998,66.45327499999999,2020,220,35.979166666666664,22.63
2020-08-08,54.469300000000004,7.1888000000000005,29.399875,31.185675,1106.484625,241.16875,58.3514,91.057975,61.658100000000005,2020,221,32.03875,17.180000000000003
2020-08-09,51.371375,5.295125,29.699724999999997,32.26265,1035.65235,214.080125,129.7239,86.366225,56.6665,2020,222,28.53375,16.830000000000002
2020-08-10,51.34105,9.847725,32.787025,35.8047,1319.5264,202.36755,196.84920000000002,93.9758,61.18877500000001,2020,223,36.97875,26.64
2020-08-11,54.233574999999995,7.424675000000001,32.786425,38.535175,1383.2799,216.360425,296.48195,94.44467499999999,61.658249999999995,2020,224,36.2975,18.470000000000002
2020-08-12,52.779475,4.47145,32.509225,36.88575,1369.522,223.72355,296.5066,89.76015,57.250924999999995,2020,225,35.864583333333336,32.06
2020-08-13,51.902300000000004,8.32475,35.924525,35.30865,1362.388975,147.970275,213.83025,96.15157500000001,60.227050000000006,2020,226,38.58583333333333,25.310000000000002
2020-08-14,52.269825,8.9627,32.908474999999996,36.9022,1311.813575,142.0964,87.6569,94.14099999999999,61.232524999999995,2020,227,40.82625,23.21
2020-08-15,52.563925000000005,5.09,23.920225,29.1018,1095.6784,161.971575,60.4124,81.57415,57.653925,2020,228,31.860833333333332,13.86
2020-08-16,48.633050000000004,2.097125,24.772475,37.2076,1036.9241,219.6502,130.7329,75.50265,50.730175,2020,229,28.684583333333332,20.55
2020-08-17,51.229475,8.01425,37.58415,25.0158,1308.97245,150.069425,117.2103,96.827875,59.243725,2020,230,40.36333333333334,33.72
2020-08-18,53.056025,5.971025,32.68375,37.63515,1327.5556000000001,166.948575,82.532825,91.7108,59.027049999999996,2020,231,42.392916666666665,28.129999999999995
2020-08-19,51.47935,3.9419250000000003,30.3618,33.219125,1321.072,213.76655,62.3573,85.783075,55.421274999999994,2020,232,38.22833333333333,23.33
2020-08-20,49.239225,5.27285,36.158975,35.17095,1347.73845,193.651325,194.598025,90.67105,54.512074999999996,2020,233,38.10666666666666,38.36
2020-08-21,48.067225,4.0695749999999995,30.82305,34.8551,1350.4796000000001,187.7896,353.02195,82.95985,52.1368,2020,234,31.809166666666666,20.86
2020-08-22,46.61305,2.6706,25.905325,30.5891,1146.2702749999999,122.55305,431.054275,75.188975,49.28365,2020,235,23.829166666666666,30.82
2020-08-23,47.770125,3.410375,26.9835,34.564875,1062.3545749999998,158.76507500000002,463.665575,78.164,51.1805,2020,236,16.326249999999998,55.05
2020-08-24,44.124025,3.8114250000000003,24.42105,26.563075,1297.18525,146.60014999999999,226.1509,72.35650000000001,47.93545,2020,237,44.72083333333333,44.66
2020-08-25,45.493425,4.993525,22.159125,21.643075,1342.076875,160.359275,283.46265,72.646075,50.48695,2020,238,38.4625,33.589999999999996
2020-08-26,42.6389,2.747225,21.35735,45.091025,1419.07315,138.2541,916.47905,66.743475,45.386125,2020,239,17.89,41.63
2020-08-27,41.921025,4.48225,25.870974999999998,25.078225,1357.00935,158.353375,338.760125,72.27425,46.403275,2020,240,46.30708333333333,70.4
2020-08-28,44.0373,3.952025,24.733375,33.4565,1312.5664,130.622625,326.68440000000004,72.7227,47.989325,2020,241,40.70083333333333,22.939999999999998
2020-08-29,48.9718,3.3211500000000003,19.031675,42.02185,1110.4901750000001,122.96885,210.92825,71.324625,52.292950000000005,2020,242,35.64083333333333,18.599999999999998
2020-08-30,49.0556,3.5687249999999997,23.120825,30.962375,1023.826175,90.53795,149.14625,75.74515,52.624325,2020,243,33.819583333333334,13.900000000000002
2020-08-31,55.425050000000006,6.381399999999999,27.675275000000003,29.490299999999998,1308.307675,120.17277499999999,123.796075,89.48172500000001,61.806450000000005,2020,244,54.03666666666667,51.14
2021-06-01,61.2528,6.1033,25.764125,23.49545,1351.6514499999998,289.501125,128.973125,93.120225,67.3561,2021,152,68.25375,31.699999999999996
2021-06-02,62.366475,6.268125,19.528975,28.27795,1368.889825,284.4438,261.31217499999997,88.16357500000001,68.6346,2021,153,66.68541666666667,29.510000000000005
2021-06-03,63.376050000000006,8.356075,22.187825,27.385375,1235.3696,241.23595,263.534625,93.91995000000001,71.73212500000001,2021,154,61.96375,31.590000000000003
2021-06-04,65.641375,10.0202,27.793850000000003,16.9638,1277.7592,206.009025,92.1562,103.455425,75.661575,2021,155,71.79666666666667,26.900000000000006
2021-06-05,68.939625,10.52595,19.6734,19.799525000000003,1146.527175,180.753,108.66265,99.138975,79.465575,2021,156,62.5575,23.610000000000007
2021-06-06,68.23935,6.2956,9.298825,33.89905,1074.335425,121.818425,120.375375,83.833775,74.53495000000001,2021,157,59.4375,32.489999999999995
2021-06-07,69.65889999999999,9.65415,25.438525000000002,13.2419,1345.39195,182.059525,70.192975,104.75157499999999,79.31304999999999,2021,158,77.33791666666666,30.03
2021-06-08,68.38255000000001,12.080725000000001,23.296,19.7677,1380.255375,219.823575,55.321275,103.759275,80.46327500000001,2021,159,76.92041666666667,37.349999999999994
2021-06-09,68.3059,10.9886,22.18105,20.234675,1387.2318500000001,243.69085,32.928324999999994,101.47555,79.2945,2021,160,76.73583333333333,34.510000000000005
2021-06-10,67.507875,8.838975,20.704974999999997,21.826825,1387.1108000000002,256.89355,44.698225,97.05182500000001,76.34685,2021,161,78.83333333333333,31.989999999999995
2021-06-11,68.6717,11.094225,24.37675,17.142125,1374.8267250000001,270.222525,103.89314999999999,104.142675,79.765925,2021,162,78.09541666666667,32.81999999999999
2021-06-12,69.5195,6.953425,19.88195,34.40515,1201.338675,201.527875,446.701,96.35487499999999,76.47292499999999,2021,163,39.17583333333334,104.76
2021-06-13,68.9456,6.9720249999999995,17.648349999999997,48.799375,1094.8796750000001,274.671425,288.67082500000004,93.565975,75.917625,2021,164,19.40125,123.75
2021-06-14,69.0968,10.898950000000001,27.005625,19.600875,1347.0851,309.0805,136.65789999999998,107.001375,79.99575,2021,165,74.2225,51.480000000000004
2021-06-15,68.35102499999999,11.504475000000001,24.215799999999998,24.170875,1399.0631,270.246675,59.730275,104.0713,79.85549999999999,2021,166,82.60625,31.97
2021-06-16,67.81405000000001,11.426375,22.499924999999998,24.110525000000003,1411.812925,286.541625,101.942,101.74035,79.24042500000002,2021,167,85.00375,51.28999999999999
2021-06-17,66.69275,9.934674999999999,23.330775000000003,34.25755,1463.8913,289.59995000000004,247.60657500000002,99.9582,76.627425,2021,168,77.51208333333334,53.88
2021-06-18,65.086375,10.356225,26.123425,28.056150000000002,1443.995075,275.3046,166.98735,101.566025,75.4426,2021,169,80.11958333333332,35.239999999999995
2021-06-19,63.894974999999995,9.532774999999999,22.253175,25.63805,1238.6503500000001,266.49985,172.0518,95.68092499999999,73.42774999999999,2021,170,70.0975,43.38
2021-06-20,64.8262,7.995825,20.389825000000002,44.071574999999996,1138.6556,205.59957500000002,298.45635,93.21185,72.822025,2021,171,58.432500000000005,64.41
2021-06-21,66.10594999999999,8.906274999999999,17.362724999999998,24.55905,1415.5879750000001,227.8137,301.27902500000005,92.37494999999998,75.01222499999999,2021,172,77.63250000000001,35.449999999999996
2021-06-22,65.3185,11.560525,21.2144,19.039375,1423.31735,165.2514,182.615725,98.093425,76.879025,2021,173,84.58916666666667,35.61999999999999
2021-06-23,65.408625,12.278175,22.534275,25.620775000000002,1381.1694499999999,184.3919,66.52475,100.22107500000001,77.6868,2021,174,92.84458333333333,69.63
2021-06-24,67.64552499999999,13.57915,27.581174999999998,19.69755,1373.4399250000001,155.6009,39.473625,108.80584999999999,81.22467499999999,2021,175,94.82708333333333,56.22999999999999
2021-06-25,68.6112,6.924300000000001,17.275825,23.255125,1351.936375,185.94992499999998,39.109725,92.811325,75.5355,2021,176,89.72625,33.64
2021-06-26,68.78225,7.172225,15.4519,19.683675,1154.9388999999999,250.72367500000001,23.80795,91.406375,75.954475,2021,177,79.875,31.08
2021-06-27,68.7056,7.952100000000001,14.798,41.766725,1076.229775,263.57425,76.744525,91.45570000000001,76.6577,2021,178,64.96166666666666,73.27
2021-06-28,68.636825,12.255375,23.049149999999997,15.546899999999999,1406.4973,245.92565,104.8933,103.94135,80.8922,2021,179,88.73,55.03999999999999
2021-06-29,69.08535,11.832025,27.315424999999998,21.536575,1422.281625,173.956775,183.688125,108.2328,80.917375,2021,180,91.6475,37.58
2021-06-30,69.72705,10.440375,19.528075,21.590675,1411.9238,131.00985,207.74370000000002,99.69550000000001,80.16742500000001,2021,181,92.37625000000001,33.97
2021-07-01,70.095575,9.137575,16.7476,19.443375,1441.58335,95.4369,280.693875,95.98075,79.23315,2021,182,89.39,32.53
2021-07-02,68.41655,6.067725,15.538924999999999,17.614275000000003,1371.3258999999998,192.18275,131.7098,90.0232,74.484275,2021,183,96.58375000000001,40.31999999999999
2021-07-03,66.1568,4.8978,12.36515,17.72565,1159.0862,256.29745,45.968525,83.41975000000001,71.05460000000001,2021,184,83.60416666666667,42.43000000000001
2021-07-04,64.502375,4.579575,9.600950000000001,32.5968,1080.4977749999998,195.00455,57.72625,78.6829,69.08195,2021,185,82.96375,35.85000000000001
2021-07-05,67.64264999999999,7.300725000000001,25.989825,16.7264,1365.4338249999998,164.90765,129.20875,100.93319999999999,74.94337499999999,2021,186,93.84500000000001,46.459999999999994
2021-07-06,66.29780000000001,6.504125,9.1923,32.93045,1431.569,195.26142499999997,414.635375,81.99422500000001,72.80192500000001,2021,187,80.67583333333333,45.46
2021-07-07,65.213375,7.218425,19.6128,14.12245,1408.1871,162.9367,181.2438,92.0446,72.4318,2021,188,99.10583333333334,58.41999999999999
2021-07-08,67.168925,11.6111,32.380525,14.361375,1392.496625,121.93072500000001,63.319875,111.16055,78.780025,2021,189,109.04208333333334,70.51
2021-07-09,62.769925,8.261524999999999,17.791025,22.959049999999998,1381.3521,118.7097,176.18255,88.82247500000001,71.03145,2021,190,91.42333333333333,32.81999999999999
2021-07-10,64.6563,4.721325,14.647174999999999,25.004450000000002,1173.196275,233.24875,130.390975,84.0248,69.377625,2021,191,80.44958333333334,34.239999999999995
2021-07-11,63.595800000000004,6.891325,12.827875,27.732425,1081.726175,179.905175,94.73705,83.31500000000001,70.487125,2021,192,77.74,39.629999999999995
2021-07-12,64.743375,8.745925,17.4034,11.554375,1386.09595,230.42247500000002,114.450825,90.8927,73.4893,2021,193,93.45125,47.56999999999999
2021-07-13,65.498275,8.97655,17.526725,12.263225,1423.5903999999998,143.7512,106.13669999999999,92.00155000000001,74.47482500000001,2021,194,95.015,32.92999999999999
2021-07-14,63.940625,8.473799999999999,27.428875,20.156875,1419.6818,121.7027,197.5072,99.8433,72.414425,2021,195,87.38916666666667,39.92999999999999
2021-07-15,65.022775,9.165075,14.74865,17.57155,1387.298675,173.388025,185.5052,88.9365,74.18785,2021,196,89.73583333333333,29.28
2021-07-16,65.53739999999999,9.019,17.81615,11.384,1372.8350249999999,195.61065,186.14495000000002,92.37254999999999,74.5564,2021,197,84.96458333333334,31.590000000000003
2021-07-17,63.641275,10.78135,22.6233,23.046875,1178.767525,167.82045000000002,303.615625,97.045925,74.422625,2021,198,61.69,64.14
2021-07-18,43.722449999999995,6.47195,14.266350000000001,45.757625,1097.43915,254.151375,269.254325,64.46074999999999,50.194399999999995,2021,199,45.781666666666666,99.19
2021-07-19,46.572925000000005,9.141375,19.732525000000003,16.26465,1353.976975,209.98507500000002,169.00560000000002,75.44682500000002,55.71430000000001,2021,200,89.20958333333334,50.8
2021-07-20,54.34505,8.289075,19.980349999999998,19.116725,1385.3495500000001,225.32389999999998,99.814325,82.614475,62.634125,2021,201,91.69375000000001,38.97999999999999
2021-07-21,62.801275000000004,10.032525,18.968075000000002,16.021575000000002,1365.80745,219.2005,75.49964999999999,91.801875,72.8338,2021,202,89.98541666666667,37.66
2021-07-22,66.433425,9.790424999999999,21.159474999999997,10.245524999999999,1367.5348999999999,224.476625,51.16055,97.383325,76.22385,2021,203,87.56166666666667,31.25
2021-07-23,67.574175,8.4956,18.770025,15.284175,1346.177975,241.75175,39.031825,94.8398,76.06977499999999,2021,204,88.80083333333333,32.39999999999999
2021-07-24,66.8413,7.531625,14.546149999999999,11.534,1165.9766499999998,191.9002,189.804575,88.919075,74.37292500000001,2021,205,75.76375,27.109999999999992
2021-07-25,66.307625,7.4165,9.327174999999999,34.025,1103.01485,190.9733,181.349375,83.0513,73.724125,2021,206,60.706250000000004,45.12
2021-07-26,66.23305,9.3408,20.596224999999997,11.972225,1350.73,197.73532500000002,84.997875,96.170075,75.57385000000001,2021,207,88.50291666666668,39.93000000000001
2021-07-27,67.4404,9.002075000000001,19.4372,11.073525,1375.2686999999999,203.75545000000002,159.034625,95.879675,76.442475,2021,208,87.22375,40.92
2021-07-28,68.25019999999999,7.204875,16.200425,21.546275,1367.4294499999999,157.75582500000002,340.75925,91.65549999999999,75.455075,2021,209,79.42208333333333,57.26
2021-07-29,66.672125,5.83955,18.4537,41.26795,1384.8961499999998,221.14007500000002,624.243125,90.965375,72.511675,2021,210,46.09708333333333,104.84
2021-07-30,66.394,6.5276000000000005,26.25995,22.6814,1335.3722,252.359175,347.64617499999997,99.18155000000002,72.92160000000001,2021,211,64.80583333333333,75.9
2021-07-31,65.0603,4.279125,13.2281,45.62095,1179.569375,196.2644,549.90105,82.56752499999999,69.33942499999999,2021,212,29.822916666666668,90.97
2021-08-01,66.263775,5.43225,10.112775,22.126099999999997,1056.920525,149.091275,203.53455,81.80879999999999,71.69602499999999,2021,213,58.53541666666666,31.060000000000002
2021-08-02,65.988525,8.9483,23.57065,19.579575000000002,1301.327625,188.50867499999998,261.42629999999997,98.507475,74.936825,2021,214,80.09708333333333,66.28
2021-08-03,66.888925,8.546825,21.5059,10.794075000000001,1324.394425,171.340575,52.97635,96.94165,75.43575,2021,215,96.51041666666667,54.989999999999995
2021-08-04,67.5845,11.490200000000002,23.533375,10.232149999999999,1306.6658,161.125025,39.77725,102.60807500000001,79.0747,2021,216,98.16916666666667,52.28999999999999
2021-08-05,60.802425,9.5547,17.636275,16.427875,1323.7263,175.0259,98.66335000000001,87.9934,70.357125,2021,217,94.50958333333334,55.60000000000001
2021-08-06,63.29965,6.875225,22.564974999999997,23.6155,1305.709125,182.70815,297.61425,92.73984999999999,70.174875,2021,218,71.5975,40.34
2021-08-07,66.7611,6.720075,19.9615,22.080849999999998,1125.60125,163.50307500000002,239.79997500000002,93.442675,73.481175,2021,219,61.51499999999999,28.519999999999996
2021-08-08,60.4661,7.926425,13.132475000000001,45.985775000000004,1079.80395,178.5276,483.7139,81.52499999999999,68.39252499999999,2021,220,5.630833333333334,131.07999999999998
2021-08-09,63.101375,9.44835,23.067525,19.236275000000003,1277.860875,210.87205,354.426525,95.61725,72.549725,2021,221,67.58916666666667,75.69
2021-08-10,65.01169999999999,12.0875,26.953075000000002,22.510724999999997,1304.070725,198.77285,184.1093,104.052275,77.0992,2021,222,90.76791666666666,72.10999999999999
2021-08-11,65.867575,13.1273,22.961825,22.0088,1309.4778000000001,230.800225,59.20345,101.95670000000001,78.99487500000001,2021,223,100.76208333333334,59.730000000000004
2021-08-12,66.208525,11.920525,18.35575,19.931775000000002,1313.2997,242.4607,51.808724999999995,96.48479999999999,78.12904999999999,2021,224,106.5425,60.36
2021-08-13,66.06389999999999,13.2337,20.278575,19.628400000000003,1324.94585,224.07504999999998,209.766625,99.57617499999999,79.29759999999999,2021,225,94.90458333333333,52.14
2021-08-14,65.4901,9.416675,21.260825,27.4488,1155.2267,251.17405,291.627325,96.1676,74.906775,2021,226,63.36875,88.56
2021-08-15,64.7788,5.650399999999999,12.332,31.389650000000003,1075.3814,221.42655,179.454375,82.7612,70.42920000000001,2021,227,61.944583333333334,82.45
2021-08-16,64.711775,5.518875,17.664025000000002,21.819599999999998,1353.359825,128.118775,596.139675,87.894675,70.23065,2021,228,67.60041666666667,57.74
2021-08-17,61.4032,4.88945,18.74975,30.799125,1389.314675,143.57475,705.88815,85.04239999999999,66.29265,2021,229,57.39208333333334,78.24
2021-08-18,67.064475,6.1507,17.341875,18.53525,1384.0613999999998,114.61975,533.12335,90.55705,73.215175,2021,230,78.64333333333333,37.48
2021-08-19,66.395375,11.0019,19.855700000000002,22.6885,1374.6872250000001,109.27317500000001,319.048625,97.252975,77.39727500000001,2021,231,91.62333333333333,67.58000000000001
2021-08-20,65.67235000000001,10.590549999999999,27.679025000000003,17.213125,1320.08095,166.600025,78.23065,103.941925,76.2629,2021,232,102.18,42.94
2021-08-21,64.414825,7.471675,17.1032,17.926625,1120.0655749999999,219.51147500000002,29.679375,88.9897,71.8865,2021,233,91.46291666666667,35.58
2021-08-22,62.525275,4.058675,13.308475,29.446775000000002,1063.8052,106.538,228.490375,79.892425,66.58395,2021,234,78.05458333333333,31.209999999999994
2021-08-23,65.82735000000001,7.147975000000001,20.46595,19.184375,1342.03865,129.214175,274.539575,93.44127500000002,72.97532500000001,2021,235,93.87916666666666,42.42
2021-08-24,65.986575,8.359975,24.7699,26.403325000000002,1355.4288999999999,178.586475,186.3044,99.11645000000001,74.34655000000001,2021,236,95.39958333333334,44.099999999999994
2021-08-25,63.7996,5.744275,18.876724999999997,32.554425,1370.0958500000002,216.30929999999998,343.76054999999997,88.4206,69.543875,2021,237,84.30958333333334,43.94
2021-08-26,62.0854,9.130700000000001,25.2796,19.103925,1374.3941750000001,130.202675,390.53407500000003,96.4957,71.2161,2021,238,92.615,54.7
2021-08-27,63.164199999999994,5.811649999999999,22.663349999999998,26.0045,1345.0689,125.79945,371.88340000000005,91.63919999999999,68.97585,2021,239,95.90750000000001,39.099999999999994
2021-08-28,62.119099999999996,4.828825,14.713725,14.07415,1150.051,115.2615,274.678,81.66165,66.947925,2021,240,84.71958333333333,33.099999999999994
2021-08-29,63.08375,5.293699999999999,9.824625,23.89445,1095.53665,73.193825,265.8177,78.202075,68.37745,2021,241,80.74249999999999,34.36
2021-08-30,64.105925,7.876600000000001,27.2114,19.731,1374.715925,105.101725,276.93829999999997,99.193925,71.982525,2021,242,106.57499999999999,60.11999999999999
2021-08-31,61.47445,8.323025,19.5257,28.259925,1401.4623000000001,146.11329999999998,243.54435,89.32317499999999,69.79747499999999,2021,243,110.05416666666667,49.93000000000001
2022-06-01,55.3665,8.0716,27.8714,25.6628,1325.3896750000001,240.62044999999998,131.53955,91.30950000000001,63.438100000000006,2022,152,215.28916666666666,82.56000000000003
2022-06-02,53.511625,8.8247,25.917225,29.745900000000002,1339.2486000000001,281.31982500000004,193.16332500000001,88.25355,62.336325,2022,153,188.8708333333333,88.57
2022-06-03,52.872025,5.870550000000001,27.868075,28.696,1315.08995,278.142575,128.86407499999999,86.61065,58.742575,2022,154,184.54541666666668,74.88000000000002
2022-06-04,54.216325,8.32295,26.798599999999997,31.512325,1101.200525,253.429625,132.84085000000002,89.337875,62.539274999999996,2022,155,162.49333333333334,114.38000000000001
2022-06-05,52.5489,5.3598,17.791125,33.298474999999996,1009.905875,196.32397500000002,300.553125,75.699825,57.9087,2022,156,141.57791666666665,79.08
2022-06-06,54.31915,2.668375,13.113675,67.4007,1052.94785,227.4084,445.468375,70.1012,56.987525,2022,157,91.32875,218.01
2022-06-07,57.00865,6.28855,21.63575,22.603925,1305.4211,191.24695,346.6628,84.93295,63.297200000000004,2022,158,183.88166666666666,83.09
2022-06-08,59.812725,11.108424999999999,30.857325,9.09585,1330.6858,219.844725,113.02255000000001,101.778475,70.92115,2022,159,190.3479166666667,64.23999999999998
2022-06-09,58.149025,9.95345,17.00405,15.51925,1344.3190749999999,186.50017499999998,200.08855,85.106525,68.102475,2022,160,185.49166666666667,68.60999999999999
2022-06-10,59.30435,7.292925,25.8763,33.10635,1310.122125,270.91470000000004,163.78825,92.473575,66.597275,2022,161,185.75458333333333,68.85
2022-06-11,59.002025,7.158024999999999,31.9148,46.427475,1133.25375,276.54595,173.798625,98.07485,66.16005,2022,162,134.70083333333335,206.83
2022-06-12,55.737425,6.1648000000000005,19.872700000000002,54.815599999999996,1054.08915,302.033725,175.19885,81.774925,61.902225,2022,163,116.95583333333333,210.89999999999998
2022-06-13,53.5687,7.7387749999999995,28.1207,42.309725,1320.08005,258.2552,315.364,89.428175,61.307475,2022,164,165.56416666666667,140.74
2022-06-14,55.66945,9.4003,32.712225,23.666775,1327.4712749999999,299.319125,130.247175,97.78197499999999,65.06975,2022,165,194.98083333333332,143.94
2022-06-15,55.471375,9.29345,30.30715,19.874525000000002,1306.6219250000001,320.72865,67.0685,95.07197500000001,64.764825,2022,166,211.82958333333332,138.87
2022-06-16,55.869475,10.695975,27.71725,43.03845,1164.984775,294.99802500000004,137.526725,94.2827,66.56545,2022,167,201.9725,171.91000000000003
2022-06-17,55.02045,7.3698999999999995,37.792975,29.239875,1234.317475,298.5514,136.20425,100.183325,62.39035,2022,168,255.43125,181.26999999999998
2022-06-18,51.268825,4.930675,36.452574999999996,51.115975,1143.565625,308.542275,243.49875,92.652075,56.1995,2022,169,195.39499999999998,253.81000000000003
2022-06-19,47.420925000000004,5.09295,21.003125,61.464275,1080.00485,268.64027500000003,255.619775,73.51700000000001,52.513875000000006,2022,170,154.65208333333334,246.84
2022-06-20,50.8557,12.927475000000001,35.260475,19.338475,1312.1326000000001,177.19332500000002,226.82997500000002,99.04365,63.783175,2022,171,267.37166666666667,319.56
2022-06-21,52.64635,8.9274,31.26035,45.127325,1341.962575,301.1392,136.7262,92.83409999999999,61.57375,2022,172,288.59375,247.23000000000002
2022-06-22,53.798325,9.670975,34.0818,24.697325,1331.989125,242.354025,52.956199999999995,97.55109999999999,63.4693,2022,173,323.34083333333336,246.58
2022-06-23,55.790225,7.8696,27.650475000000004,40.2176,1333.08845,307.70952500000004,129.567725,91.3103,63.659825,2022,174,295.0804166666667,218.69
2022-06-24,56.384625,8.417975,31.448375,34.013625,1344.443675,199.149,294.442875,96.250975,64.8026,2022,175,274.3,141.53
2022-06-25,58.435925000000005,4.2101999999999995,30.54345,47.162099999999995,1125.2491750000002,260.612025,85.499425,93.189575,62.646125000000005,2022,176,240.39291666666668,163.11
2022-06-26,50.1477,5.2031,13.832,52.783675,1044.877125,262.71392499999996,91.3095,69.1828,55.3508,2022,177,201.67083333333335,255.89
2022-06-27,50.22635,9.201049999999999,33.093525,24.49145,1318.7554750000002,208.48165,150.44492499999998,92.52092499999999,59.42739999999999,2022,178,316.6475,192.59
2022-06-28,54.9021,6.6535,31.064875,41.6386,1320.117175,264.667825,92.47494999999999,92.620475,61.5556,2022,179,331.5154166666667,220.48999999999998
2022-06-29,56.312075,7.55715,28.666725,37.11185,1334.112625,198.2201,186.57282500000002,92.53595,63.869225,2022,180,315.54291666666666,152.89999999999998
2022-06-30,54.216375,7.137575,31.70555,31.258275,1354.992775,269.525925,162.660375,93.0595,61.35395,2022,181,325.4775,220.92000000000002
2022-07-01,59.5811,9.095375,27.779,32.451375,1320.5837250000002,129.565825,274.72605,96.45547499999999,68.676475,2022,182,314.3845833333333,164.5
2022-07-02,54.553375,3.3899,32.26075,56.96405,1123.258575,321.87982500000004,162.592525,90.204025,57.943275,2022,183,218.9225,286.52000000000004
2022-07-03,47.2854,3.78175,11.6567,58.837075,1057.1534,307.961675,170.94432500000002,62.723850000000006,51.067150000000005,2022,184,200.10541666666666,282.63
2022-07-04,49.046275,6.3675749999999995,44.7,38.080675,1306.2275,274.0943,210.735225,100.11385000000001,55.413850000000004,2022,185,293.89,227.53000000000003
2022-07-05,57.049225,6.947550000000001,39.2407,35.996425,1340.53125,275.26565000000005,214.695825,103.23747499999999,63.996775,2022,186,318.37208333333336,201.64
2022-07-06,53.392175,6.4045749999999995,35.3196,36.519574999999996,1333.7158,247.903,267.30145,95.11635000000001,59.79675,2022,187,303.53541666666666,250.67999999999998
2022-07-07,52.33355,4.532825,20.899125,36.0484,1381.1504499999999,121.33905,502.178875,77.7655,56.866375000000005,2022,188,213.21875,141.70000000000002
2022-07-08,53.649875,6.81075,46.149725,42.642625,1322.874875,225.481,324.09592499999997,106.61035,60.460625,2022,189,295.91541666666666,244.02999999999997
2022-07-09,47.349675000000005,3.1540749999999997,19.958525,47.577025,1137.031675,203.2099,360.3575,70.462275,50.503750000000004,2022,190,148.13750000000002,338.06
2022-07-10,42.905550000000005,2.299175,17.18295,64.01180000000001,1071.83765,207.493025,388.927175,62.387675,45.204725,2022,191,115.16375,377.32
2022-07-11,42.317675,5.693925,38.37675,18.7647,1275.114775,209.915625,110.08565,86.38835,48.0116,2022,192,372.595,200.63
2022-07-12,45.999375,7.041375,38.567525,37.942724999999996,1294.8850249999998,297.890125,98.28475,91.608275,53.04075,2022,193,377.66125000000005,246.62
2022-07-13,46.34015,4.757475,30.509700000000002,40.680925,1349.0191,237.65615,257.028325,81.607325,51.097625,2022,194,352.15875,272.94
2022-07-14,44.588025,3.323925,24.911974999999998,32.474925,1341.93955,253.679875,259.766375,72.823925,47.911950000000004,2022,195,367.37791666666664,196.82999999999998
2022-07-15,43.246925000000005,2.8676500000000003,34.008675000000004,44.135125,1306.5282,245.66039999999998,280.67415,80.12325000000001,46.114575,2022,196,329.92333333333335,243.99
2022-07-16,41.82015,2.3880250000000003,28.391775000000003,66.22355,1127.1373999999998,271.6801,370.73915,72.59995,44.208175,2022,197,174.81208333333333,385.01000000000005
2022-07-17,38.317,2.477625,26.890625,54.8924,1023.1089000000001,314.63395,105.633425,67.68525,40.794625,2022,198,221.85666666666665,394.93
2022-07-18,42.17695,5.082825,38.266125,34.17315,1261.34115,285.2926,85.93464999999999,85.52590000000001,47.259775,2022,199,396.06541666666664,407.96999999999997
2022-07-19,46.037825,4.7984,33.246425,36.727650000000004,1315.447975,305.3617,124.43052499999999,84.08265,50.836225,2022,200,397.0854166666666,295.34
2022-07-20,45.650875,7.7136499999999995,36.887025,50.42365,1373.6756,283.47427500000003,328.633325,90.25155000000001,53.364525,2022,201,332.70458333333335,297.53999999999996
2022-07-21,49.852375,5.451425,37.355375,49.193375,1339.2821999999999,183.430225,238.5132,92.659175,55.3038,2022,202,396.73375000000004,207.51000000000005
2022-07-22,48.078125,2.787375,37.050050000000006,45.44875,1278.9735500000002,237.91504999999998,153.01139999999998,87.91555,50.8655,2022,203,377.45125,220.56
2022-07-23,51.982800000000005,3.7395500000000004,30.096049999999998,38.136325,1097.3796499999999,221.431725,127.10310000000001,85.8184,55.722350000000006,2022,204,324.98541666666665,221.64000000000001
2022-07-24,47.91,3.302475,32.3242,63.516925,1029.6114,298.69445,143.411675,83.536675,51.212475,2022,205,260.62833333333333,384.38
2022-07-25,46.72005,1.739825,18.43345,58.49275,1329.5119,249.32705,396.149675,66.893325,48.459875000000004,2022,206,309.81125000000003,208.72999999999996
2022-07-26,52.39765,4.3221750000000005,44.389525,32.995400000000004,1307.0001750000001,201.6571,349.320725,101.10935,56.719825,2022,207,316.5729166666667,274.78999999999996
2022-07-27,49.8127,2.1813000000000002,22.430349999999997,40.9137,1280.55525,219.2805,252.70175,74.42435,51.994,2022,208,424.4916666666666,211.92000000000002
2022-07-28,45.06775,3.9306750000000004,20.41395,36.897349999999996,1286.924,277.7753,116.939825,69.412375,48.998425,2022,209,473.25333333333333,199.23000000000008
2022-07-29,49.645824999999995,4.581225000000001,32.41435,24.7529,1273.991925,205.09797500000002,177.2932,86.6414,54.22705,2022,210,438.65000000000003,152.12999999999994
2022-07-30,54.16685,2.745375,33.960425,40.8906,1065.11675,218.97869999999998,91.704325,90.87265,56.912225,2022,211,380.77416666666664,230.92999999999998
2022-07-31,46.639725,1.999375,14.993525,65.731875,1008.869475,218.27985,113.42032499999999,63.632625,48.6391,2022,212,317.79291666666666,256.93
2022-08-01,42.18425,4.657225,33.441525,25.525299999999998,1247.503825,199.035225,169.53832500000001,80.283,46.841475,2022,213,424.62166666666667,210.01999999999998
2022-08-02,47.081475,3.547475,30.4767,42.69815,1272.93355,274.26417499999997,132.03915,81.10565,50.628949999999996,2022,214,380.5125,314.78
2022-08-03,45.6024,6.678325,39.7176,36.564825,1290.19605,288.620625,137.1646,91.998325,52.280725000000004,2022,215,384.82666666666665,384.37
2022-08-04,45.03065,5.913175,30.789575,30.142274999999998,1299.23235,261.7553,135.5826,81.7334,50.943825000000004,2022,216,414.15958333333333,229.72000000000003
2022-08-05,45.002425,5.124,24.84135,34.817225,1279.747525,190.424325,210.29695,74.967775,50.126425000000005,2022,217,380.31125,231.47000000000003
2022-08-06,46.968075,3.10085,27.324900000000003,52.5229,1093.1773,245.3018,173.863075,77.393825,50.068925,2022,218,273.80916666666667,280.79
2022-08-07,40.17465,2.646875,13.1129,54.548075,994.6234499999999,280.97085,96.8654,55.934425000000005,42.821525,2022,219,214.92499999999998,352.25
2022-08-08,40.289575,4.0849,31.6337,29.175325,1224.569375,276.761325,79.445175,76.008175,44.374475,2022,220,359.54791666666665,224.32999999999998
2022-08-09,40.818349999999995,5.198575,28.61315,41.074324999999995,1257.74595,280.437925,115.720425,74.63007499999999,46.01692499999999,2022,221,344.87208333333336,210.86
2022-08-10,40.935525,5.237125,36.715574999999994,41.089150000000004,1263.7625249999999,283.8628,124.90164999999999,82.88822499999999,46.17265,2022,222,335.08,201.73000000000002
2022-08-11,43.787275,10.149725,40.920474999999996,30.968025,1264.514425,290.82235,129.041175,94.857475,53.937,2022,223,368.1458333333333,272.03999999999996
2022-08-12,48.741525,8.372,35.352025000000005,35.6655,1237.514725,276.5312,163.9566,92.46555000000001,57.113525,2022,224,436.79833333333335,236.95
2022-08-13,44.711425000000006,6.869425000000001,28.413125,33.73675,1074.4761,240.89385000000001,134.34792499999998,79.993975,51.580850000000005,2022,225,377.74499999999995,312.59
2022-08-14,42.3273,5.809075,19.368525,44.9958,1034.1084250000001,254.080125,187.23795,67.5049,48.136375,2022,226,330.4558333333333,388.58000000000004
2022-08-15,41.949175000000004,7.3575,26.3543,28.046924999999998,1236.105,192.151125,164.489075,75.66097500000001,49.306675000000006,2022,227,426.6045833333333,205.72000000000003
2022-08-16,46.841075,7.802275,33.167125,30.141150000000003,1262.302125,245.400575,71.922675,87.810475,54.64335,2022,228,490.7929166666666,254.82999999999998
2022-08-17,46.421025,7.310575,24.52355,22.7778,1279.04675,197.990475,83.013975,78.25515,53.7316,2022,229,551.9525,288.7099999999999
2022-08-18,46.255050000000004,2.3116999999999996,11.549175,33.067425,1291.5841,156.22617499999998,128.1171,60.115925000000004,48.566750000000006,2022,230,563.76,183.52000000000004
2022-08-19,46.8538,3.381525,23.403299999999998,19.75665,1252.7388999999998,114.11139999999999,96.32345,73.638625,50.235325,2022,231,515.0970833333333,153.41999999999996
2022-08-20,56.155875,4.93135,24.557175,34.253699999999995,1058.375225,131.972325,102.98795,85.6444,61.087225000000004,2022,232,457.97375000000005,213.20000000000005
2022-08-21,55.0071,2.470775,12.249975000000001,70.894275,984.9682750000001,237.7234,104.80695,69.72785,57.477875000000004,2022,233,364.13208333333336,546.43
2022-08-22,48.74245,2.633675,20.471349999999997,24.5352,1230.77025,215.527175,66.01227499999999,71.847475,51.376125,2022,234,563.81375,232.04000000000002
2022-08-23,47.86055,3.192175,23.442,26.081925,1273.1283999999998,243.609875,127.52255000000001,74.494725,51.052725,2022,235,605.1279166666667,294.38000000000005
2022-08-24,45.803475,4.1545749999999995,25.73135,25.615099999999998,1276.48975,239.731775,122.276125,75.6894,49.95805,2022,236,624.3416666666667,333.88
2022-08-25,43.913475,5.3012,23.3002,35.7066,1300.6612,231.213625,206.329625,72.514875,49.214675,2022,237,599.8304166666667,264.2
2022-08-26,46.471925000000006,6.933875,23.570700000000002,17.585,1273.84305,165.809325,157.6393,76.97650000000002,53.405800000000006,2022,238,699.4416666666666,233.77999999999997
2022-08-27,48.8939,5.23275,13.426225,15.48975,1083.1136000000001,105.371475,191.06455,67.552875,54.126650000000005,2022,239,607.8391666666666,242.89
2022-08-28,48.817425,2.4347,8.559975,67.2832,1017.5941750000001,189.05035,287.161825,59.8121,51.252125,2022,240,401.0329166666667,687.46
2022-08-29,44.449975,3.0315,29.969450000000002,22.6923,1238.922125,213.9597,142.79727499999998,77.45092500000001,47.481475,2022,241,658.4104166666667,354.92999999999995
2022-08-30,42.579724999999996,3.3325500000000003,18.478775000000002,36.35595,1268.1605749999999,218.186025,154.4118,64.39104999999999,45.912274999999994,2022,242,660.23625,301.48
2022-08-31,45.258300000000006,3.043025,30.4083,21.814,1286.520775,151.604525,202.35915,78.709625,48.301325000000006,2022,243,604.4908333333334,253.01999999999998
2023-06-01,62.566475,8.138725,28.399224999999998,31.575174999999998,1263.63565,302.49809999999997,319.59367499999996,99.10442499999999,70.70519999999999,2023,152,72.90041666666666,117.03
2023-06-02,64.025425,7.530774999999999,31.749225,30.641849999999998,1222.8582250000002,304.01645,243.875025,103.305425,71.5562,2023,153,81.01666666666667,88.75999999999999
2023-06-03,62.513,4.548225,27.7327,42.045525000000005,1019.8416,350.74609999999996,197.230475,94.793925,67.061225,2023,154,56.36708333333333,99.81
2023-06-04,61.66395,4.99855,17.347125,47.78845,949.2288249999999,342.85705,125.9747,84.009625,66.6625,2023,155,49.67291666666667,146.14000000000001
2023-06-05,63.21445,7.0009,37.46775,32.51875,1198.0359250000001,311.09905,125.1301,107.6831,70.21535,2023,156,90.75708333333334,89.30000000000001
2023-06-06,64.5565,10.0359,34.174699999999994,29.490075,1238.11505,253.26817499999999,122.881,108.7671,74.5924,2023,157,98.13916666666667,82.67
2023-06-07,63.960975,6.098274999999999,30.923724999999997,31.118075,1230.3023249999999,269.078425,99.468975,100.98297499999998,70.05924999999999,2023,158,100.93083333333334,71.24999999999999
2023-06-08,63.115775,5.96955,24.449625,30.980024999999998,1072.75965,277.17582500000003,146.821925,93.53495,69.085325,2023,159,84.51791666666666,50.0
2023-06-09,61.8835,5.044475,24.520625,28.859525,1142.19975,320.915175,243.88475,91.4486,66.927975,2023,160,86.68374999999999,42.39
2023-06-10,61.16335,5.7909250000000005,30.032049999999998,35.807875,1062.745425,310.8159,341.972425,96.986325,66.954275,2023,161,55.1275,109.06
2023-06-11,59.6027,5.1309499999999995,15.956775,58.020075,1000.0250749999999,333.8369,345.3308,80.690425,64.73365,2023,162,40.74666666666666,141.94
2023-06-12,60.10685,6.626925,33.870725,29.81315,1260.690475,340.106575,312.420275,100.6045,66.73377500000001,2023,163,96.39875,81.88
2023-06-13,60.4576,5.81155,25.78265,28.457475,1277.281625,344.858475,341.385625,92.0518,66.26915,2023,164,90.02708333333334,71.58
2023-06-14,60.9026,6.969475,27.620849999999997,30.0917,1263.5303000000001,309.393375,247.2012,95.49292499999999,67.872075,2023,165,102.93958333333335,78.05000000000001
2023-06-15,60.809,7.103225,25.05855,26.972724999999997,1257.1707749999998,285.41775,111.017825,92.97077499999999,67.91222499999999,2023,166,120.30833333333334,89.28
2023-06-16,59.744475,6.8995,23.560724999999998,23.627625,1241.1387,246.51510000000002,128.1586,90.2047,66.643975,2023,167,127.52,75.78999999999999
2023-06-17,57.27565,5.3821,24.870974999999998,28.05585,1050.518675,300.27915,50.686225,87.528725,62.65775,2023,168,104.53833333333334,115.62
2023-06-18,54.688,4.662525,16.954974999999997,32.028375,988.8655,305.405825,49.493375,76.3055,59.350525000000005,2023,169,93.02458333333334,115.26
2023-06-19,53.40295,6.26065,30.902425,34.434425000000005,1249.958175,235.96325,248.673575,90.566025,59.663599999999995,2023,170,116.97291666666666,109.34
2023-06-20,57.9161,5.84325,24.465825000000002,24.79775,1297.5436499999998,263.72055,148.810625,88.22517500000001,63.75935,2023,171,121.1475,70.46000000000001
2023-06-21,61.33595,5.98175,21.137125,27.44605,1311.7999750000001,257.2584,192.0346,88.454825,67.3177,2023,172,123.46916666666668,98.35000000000001
2023-06-22,62.602525,5.945375,17.854325,20.2901,1290.8851499999998,251.4695,194.97310000000002,86.402225,68.5479,2023,173,125.71125,50.97000000000001
2023-06-23,62.3104,6.660525,25.584,23.108925,1247.3934,161.16907500000002,345.09122499999995,94.554925,68.970925,2023,174,106.40625,57.8
2023-06-24,62.04755,6.045075,23.169075,28.88325,1040.6668,320.246875,71.64255,91.26169999999999,68.092625,2023,175,81.81708333333334,150.41
2023-06-25,57.52165,5.4495249999999995,23.4226,33.10835,972.05575,324.6675,46.431975,86.393775,62.971175,2023,176,75.48333333333333,163.54
2023-06-26,55.202525,5.817,17.409599999999998,33.9319,1259.23245,285.407,441.72355,78.429125,61.019525,2023,177,97.48958333333333,81.12
2023-06-27,54.009525000000004,5.89945,23.0216,30.844825,1280.3274,245.820025,386.651925,82.930575,59.908975000000005,2023,178,101.94625,71.32999999999998
2023-06-28,55.131925,5.926,24.457900000000002,27.659825,1269.2473,253.273225,163.056525,85.515825,61.057925000000004,2023,179,112.51583333333333,81.33
2023-06-29,54.752425,7.149425,22.770775,21.35145,1274.11345,233.035875,78.132375,84.67262500000001,61.90185,2023,180,118.08083333333333,73.50000000000001
2023-06-30,54.61265,6.272975000000001,21.114375,16.404825000000002,1242.9766000000002,170.873275,100.82560000000001,82.0,60.885625000000005,2023,181,110.02666666666666,50.510000000000005
2023-07-01,59.032275,3.1612750000000003,20.43555,38.07545,1061.968875,190.82435,478.9346,82.6291,62.19355,2023,182,66.41458333333334,109.67
2023-07-02,50.25,2.76525,16.3629,45.326025,1007.6892750000001,246.205425,544.8291999999999,69.37815,53.01525,2023,183,-53.87083333333334,594.9
2023-07-03,51.5072,6.916925,27.954925,30.585725,1263.41425,227.67435,594.0098,86.37904999999999,58.424125,2023,184,53.22083333333333,133.77
2023-07-04,52.948125,7.529675,23.097424999999998,22.307325000000002,1289.7447,277.239,477.78805,83.57522499999999,60.477799999999995,2023,185,85.12333333333333,173.93
2023-07-05,55.6566,5.527925,17.792424999999998,26.205599999999997,1290.215125,225.128175,681.508675,78.97694999999999,61.184524999999994,2023,186,69.79916666666666,134.25
2023-07-06,57.1698,9.76085,20.410474999999998,18.396675,1253.0989,299.587925,224.71295,87.341125,66.93065,2023,187,107.20458333333333,107.71
2023-07-07,56.3375,8.529475,24.327375,17.8595,1220.479775,350.89979999999997,78.87707499999999,89.19435,64.866975,2023,188,102.96791666666667,108.26
2023-07-08,49.985324999999996,7.475175,16.215600000000002,30.686125,1050.949275,325.81329999999997,216.74947500000002,73.67609999999999,57.460499999999996,2023,189,82.19166666666666,116.15
2023-07-09,48.970725,8.936,17.8221,26.858349999999998,1003.40205,310.70795000000004,170.1734,75.728825,57.906725,2023,190,89.33208333333333,97.10999999999999
2023-07-10,50.298525,11.382325000000002,33.110225,17.029225,1258.361125,251.95335,176.742425,94.791075,61.68085,2023,191,113.98625,107.85
2023-07-11,52.19825,6.869325,22.763575,26.39705,1277.39505,316.67334999999997,208.714775,81.83115000000001,59.067575000000005,2023,192,105.95791666666668,134.60000000000002
2023-07-12,53.88955,5.6042749999999995,20.4166,26.87045,1285.181,242.987225,431.5067,79.910425,59.493825,2023,193,87.5075,138.97
2023-07-13,60.462375,7.2401,22.951525,21.9597,1260.372175,255.86792499999999,313.2378,90.65400000000001,67.702475,2023,194,97.71,87.86999999999998
2023-07-14,60.82675,5.989175,23.50215,21.0138,1224.88095,285.149,111.25775,90.318075,66.815925,2023,195,96.96708333333333,70.2
2023-07-15,52.772349999999996,4.40725,22.15865,33.680800000000005,1087.7012,261.759325,446.11722499999996,79.33824999999999,57.17959999999999,2023,196,33.32375,89.39
2023-07-16,48.4437,3.7137,17.3691,47.025825,988.5136,265.01725,446.83617499999997,69.5265,52.1574,2023,197,14.529583333333333,174.42
2023-07-17,53.37985,6.280275,24.188,28.81335,1227.09155,268.57534999999996,408.09045000000003,83.848125,59.660124999999994,2023,198,81.91875,129.66
2023-07-18,52.620875,8.829274999999999,27.464299999999998,19.024,1249.8249250000001,289.07395,150.131625,88.91444999999999,61.450149999999994,2023,199,106.46458333333334,109.19
2023-07-19,58.932475,8.268325,22.125,16.14565,1236.3406,237.1805,124.426625,89.3258,67.2008,2023,200,97.31708333333334,66.34
2023-07-20,58.45045,7.355675,23.5868,21.21345,1236.689325,259.89525,202.1775,89.39292499999999,65.806125,2023,201,96.50875,74.14000000000001
2023-07-21,57.232949999999995,6.487375,25.439575,13.0994,1197.335675,189.98114999999999,100.8096,89.1599,63.720324999999995,2023,202,104.39999999999999,69.85000000000001
2023-07-22,53.90135,3.6565,22.720950000000002,34.016,1013.56475,247.66557500000002,241.157575,80.2788,57.55785,2023,203,76.73416666666667,99.23
2023-07-23,47.3645,3.3541999999999996,11.767775,44.414625,979.872,193.532025,506.301075,62.486475,50.7187,2023,204,30.923333333333332,111.83
2023-07-24,47.06035,6.9834499999999995,29.3667,17.658900000000003,1221.543925,175.789575,395.385975,83.4105,54.0438,2023,205,90.52999999999999,54.73
2023-07-25,58.510275,8.103125,22.888975,18.551825,1225.2374499999999,172.456375,270.85095,89.502375,66.6134,2023,206,104.15458333333333,66.95
2023-07-26,65.873025,5.218025,17.250775,29.8898,1215.9437,217.849275,301.7258,88.341825,71.09105,2023,207,95.24458333333332,51.31999999999999
2023-07-27,59.752975,6.919125,22.611375,15.075175,1227.4395749999999,120.9155,338.36475,89.283475,66.6721,2023,208,93.91125,45.89
2023-07-28,56.47795,7.4144499999999995,29.964425,16.9935,1205.1791,170.08005,237.137275,93.856825,63.8924,2023,209,95.91916666666667,54.349999999999994
2023-07-29,58.493300000000005,5.590925,26.262425,27.657925,1026.357575,193.204425,245.285925,90.34665000000001,64.084225,2023,210,76.67541666666666,84.89
2023-07-30,55.97905,3.638325,10.744125,45.042775,956.2834250000001,215.80445,393.56870000000004,70.3615,59.617375,2023,211,31.754583333333333,135.07
2023-07-31,52.445325,5.6945749999999995,27.933474999999998,30.966425,1211.4231000000002,152.76852499999998,542.46915,86.073375,58.1399,2023,212,70.96916666666667,71.06
2023-08-01,54.10995,6.6053999999999995,26.219275000000003,31.936375,1224.604825,167.32215,526.125175,86.93462500000001,60.71535,2023,213,79.42791666666666,55.0
2023-08-02,60.03465,6.940825,31.04685,24.913775,1249.47075,137.540125,506.37595,98.022325,66.975475,2023,214,68.28791666666667,90.72
2023-08-03,59.046125,6.688524999999999,17.573900000000002,46.0345,1243.911875,199.706475,689.43965,83.30855,65.73465,2023,215,45.41458333333333,93.37
2023-08-04,63.409425000000006,9.135325,42.317375,20.550849999999997,1189.244025,186.013325,199.0002,114.862125,72.54475000000001,2023,216,98.59458333333333,62.72000000000001
2023-08-05,64.3031,7.4512,25.3225,29.3107,1002.5490749999999,191.58225,93.642975,97.0768,71.7543,2023,217,90.30708333333332,70.95000000000002
2023-08-06,62.944775,5.877625,26.916349999999998,35.39185,971.733575,141.40945000000002,262.00455,95.73875,68.8224,2023,218,57.90958333333333,80.00999999999999
2023-08-07,62.41885,4.9125,29.400125,41.8804,1212.29245,161.0115,699.979475,96.731475,67.33135,2023,219,19.435416666666665,83.36999999999999
2023-08-08,58.687400000000004,6.098825,27.929325000000002,40.714275,1221.13745,214.252575,631.820675,92.71555000000001,64.786225,2023,220,12.057083333333333,110.95
2023-08-09,60.904675000000005,9.958025,28.929599999999997,33.726175000000005,1224.4528,192.553925,331.85555,99.7923,70.8627,2023,221,88.34875,97.06
2023-08-10,64.68505,8.984525,28.821575,25.402875,1209.9984,291.93129999999996,96.46964999999999,102.49115,73.66957500000001,2023,222,102.1725,164.73000000000002
2023-08-11,59.7913,7.346550000000001,30.8093,29.1162,1184.31455,301.94467499999996,80.82515,97.94715,67.13785,2023,223,100.44416666666666,136.47
2023-08-12,54.715900000000005,5.470825,21.783775000000002,26.44185,1055.439175,180.58970000000002,196.516525,81.9705,60.186725,2023,224,80.135,106.28
2023-08-13,52.569625,3.6155,17.18625,42.10755,963.501575,228.760075,158.004425,73.371375,56.185125,2023,225,65.20875,119.09
2023-08-14,54.701675,6.247199999999999,34.0241,25.365375,1188.984925,253.502475,83.007175,94.97297499999999,60.948875,2023,226,103.37166666666667,114.10999999999999
2023-08-15,54.9437,6.590375,27.268325,32.1408,1209.3543,221.66154999999998,168.982625,88.8024,61.534075,2023,227,93.55666666666667,119.07000000000002
2023-08-16,60.042175,6.3769,24.092,27.873725,1220.6357,233.728575,85.722925,90.511075,66.419075,2023,228,110.80708333333332,73.12
2023-08-17,60.027300000000004,6.89895,27.927725,24.458099999999998,1241.67445,190.24360000000001,180.986725,94.853975,66.92625000000001,2023,229,111.3625,60.64999999999999
2023-08-18,59.633849999999995,5.886725,30.098825,30.1045,1220.74935,277.08759999999995,146.83975,95.6194,65.520575,2023,230,108.99000000000001,78.53
2023-08-19,55.336275,4.28315,25.344925,35.994099999999996,1065.8691000000001,239.7495,211.645175,84.96435,59.619425,2023,231,84.79208333333334,119.94
2023-08-20,52.330125,5.445925,22.19975,38.893525000000004,978.94945,273.98652500000003,66.080525,79.9758,57.776050000000005,2023,232,90.12208333333332,126.75
2023-08-21,50.339825,7.12815,35.962625,28.3777,1230.3628999999999,270.21375,47.043275,93.4306,57.467974999999996,2023,233,121.10708333333332,113.49
2023-08-22,54.04835,5.9108,30.927675,39.581574999999994,1254.5111499999998,253.4066,67.5513,90.886825,59.95915,2023,234,123.15208333333334,114.03999999999999
2023-08-23,54.97425,6.5487,34.4223,37.114174999999996,1241.4958000000001,273.86225,54.7265,95.94524999999999,61.522949999999994,2023,235,146.5525,194.38
2023-08-24,54.488074999999995,6.688125,32.432975,28.177825000000002,1261.6572250000002,235.00854999999999,82.681375,93.609175,61.176199999999994,2023,236,146.94583333333333,157.43
2023-08-25,54.4612,7.936375,29.42605,21.91245,1253.612875,147.730875,184.447225,91.82362499999999,62.397574999999996,2023,237,116.26083333333334,67.99
2023-08-26,55.7521,2.510025,14.7482,38.207825,1054.69785,198.35035,209.86545,73.010325,58.262125,2023,238,96.51541666666667,88.75
2023-08-27,60.573525000000004,2.482725,11.638825,31.86505,973.384275,119.20175,134.702325,74.695075,63.056250000000006,2023,239,101.89916666666666,41.53
2023-08-28,55.041875,3.742675,22.47295,18.8436,1221.190125,121.982625,155.182775,81.2575,58.784549999999996,2023,240,118.67208333333333,94.30000000000001
2023-08-29,44.726625,5.056225,29.465625,31.7512,1251.768075,108.920675,58.475225,79.248475,49.782849999999996,2023,241,122.90375,76.77
2023-08-30,54.4039,7.24955,23.70035,25.250974999999997,1240.4187,167.356,135.1412,85.3538,61.65345,2023,242,114.92750000000001,74.91
2023-08-31,61.205875,7.359274999999999,18.931275000000003,28.8406,1245.2970249999998,190.36795,324.02320000000003,87.496425,68.56515,2023,243,104.29666666666667,62.290000000000006
2024-06-01,56.6143,4.407675,30.468224999999997,36.57165,1072.78525,185.13445000000002,317.079425,91.49019999999999,61.021975,2024,153,58.94583333333333,85.89999999999999
2024-06-02,53.6262,4.177375,18.344625,56.147074999999994,1037.858,180.61610000000002,423.68717499999997,76.1482,57.803574999999995,2024,154,23.237916666666667,128.59
2024-06-03,50.850875,12.100175,44.510425000000005,27.924825000000002,1261.541925,177.41315,192.86577499999999,107.46147500000001,62.95105,2024,155,117.14166666666667,147.98000000000002
2024-06-04,47.539449999999995,8.580375,33.052125,38.383925000000005,1253.160325,288.063825,123.74430000000001,89.17194999999998,56.11982499999999,2024,156,107.23166666666667,191.66000000000003
2024-06-05,53.147625,6.206725,42.86485,38.318574999999996,1290.513625,242.768875,382.962175,102.2192,59.35435,2024,157,81.72416666666666,131.72
2024-06-06,57.02345,7.772175,25.832275,33.979625,1254.6069750000001,333.491775,184.05342499999998,90.6279,64.795625,2024,158,86.3675,148.22
2024-06-07,58.629825,9.021675,34.419824999999996,35.315275,1223.694825,331.1462,141.511675,102.071325,67.6515,2024,159,83.14541666666666,141.67
2024-06-08,58.544025000000005,5.766,32.66225,40.938725,1041.59325,323.90290000000005,301.58545000000004,96.97227500000001,64.31002500000001,2024,160,45.96875,130.03
2024-06-09,56.735949999999995,5.6115,23.721125,55.993224999999995,984.088525,305.190825,306.23654999999997,86.068575,62.347449999999995,2024,161,27.255416666666665,153.0
2024-06-10,56.684475,7.461225000000001,31.1092,34.887525000000004,1238.77075,269.190125,291.0425,95.2549,64.1457,2024,162,92.64625000000001,119.30000000000001
2024-06-11,57.062675000000006,7.71805,25.328525000000003,44.4613,1288.72135,247.191875,531.2685250000001,90.10925,64.780725,2024,163,61.632083333333334,127.64
2024-06-12,60.57855,7.05755,24.39365,34.67835,1297.1777749999999,298.21872499999995,307.39105,92.02975,67.6361,2024,164,91.19125000000001,114.97999999999999
2024-06-13,63.6656,8.389825,32.50505,28.817875,1265.39985,307.848675,144.96825,104.560475,72.055425,2024,165,94.77958333333333,145.0
2024-06-14,65.382475,10.2405,39.2367,25.725099999999998,1258.818,189.828075,344.55854999999997,114.859675,75.622975,2024,166,78.395,95.25999999999999
2024-06-15,62.146175,3.579625,26.357425,58.433575,1049.889,246.0545,503.008825,92.083225,65.72579999999999,2024,167,7.64375,164.29000000000002
2024-06-16,63.622275,5.505525,27.980900000000002,58.539525000000005,999.38375,284.6909,332.399975,97.10870000000001,69.12780000000001,2024,168,21.404583333333335,159.95
2024-06-17,64.76485,10.521450000000002,36.368449999999996,38.056050000000006,1248.697825,264.431425,167.86335,111.65474999999999,75.2863,2024,169,94.33749999999999,170.70999999999998
2024-06-18,61.913775,14.234399999999999,32.7187,20.913625,1280.398925,293.7747,74.1633,108.866875,76.148175,2024,170,96.19833333333334,120.84
2024-06-19,61.92525,16.0904,32.770025000000004,26.9922,1293.133475,233.1046,166.09652499999999,110.785675,78.01565,2024,171,84.31375,121.25
2024-06-20,60.630025,13.899075,39.2682,31.755200000000002,1278.7462,275.506225,94.801575,113.7973,74.5291,2024,172,93.79875,146.28
2024-06-21,60.9991,14.65715,29.464325000000002,24.246175,1261.1841499999998,176.16305,176.92185,105.120575,75.65625,2024,173,97.13833333333334,44.58
2024-06-22,60.456175,6.07685,26.3955,54.082074999999996,1080.5823,282.404875,355.723675,92.92852500000001,66.53302500000001,2024,174,52.22208333333333,124.11999999999999
2024-06-23,60.219699999999996,7.6884,25.606975,42.972575,996.102225,291.535125,130.262075,93.515075,67.90809999999999,2024,175,50.04750000000001,117.64999999999999
2024-06-24,62.214625,13.011,38.9583,37.86605,1219.618975,368.380325,59.588,114.18392499999999,75.225625,2024,176,92.08541666666667,179.35999999999999
2024-06-25,62.613525,12.49535,34.309525,38.776199999999996,1257.934625,397.0695,169.39245000000003,109.41839999999999,75.108875,2024,177,75.59833333333333,136.74
2024-06-26,62.895075,11.3282,35.041725,34.77645,1281.1161000000002,351.14595,150.85765,109.265,74.223275,2024,178,103.01416666666667,57.84999999999998
2024-06-27,62.426824999999994,12.8742,35.757275,39.361125,1309.3762749999999,298.99557500000003,138.663975,111.0583,75.301025,2024,179,91.79041666666667,155.48
2024-06-28,62.980725,11.72355,31.51785,48.692325,1269.3073,327.29335000000003,319.22572499999995,106.22212499999999,74.704275,2024,180,63.05041666666667,148.01
2024-06-29,61.72935,11.778975,40.902699999999996,39.936675,1060.521975,351.239125,100.480375,114.411025,73.508325,2024,181,70.55333333333333,139.42999999999998
2024-06-30,60.226949999999995,9.9471,19.875375,52.786,1049.916475,158.56705,305.4418,90.04942499999999,70.17405,2024,182,43.7725,103.9
2024-07-01,59.9118,14.937899999999999,34.2279,25.3818,1255.2385,209.402725,234.08592499999997,109.07759999999999,74.8497,2024,183,91.89083333333333,132.18
2024-07-02,60.690400000000004,13.810725,26.670675,26.786,1305.2613999999999,159.83095,350.97540000000004,101.1718,74.501125,2024,184,85.67666666666666,54.07
2024-07-03,62.7455,14.512049999999999,39.867075,22.2873,1301.700225,184.193125,236.446925,117.124625,77.25755,2024,185,87.6225,100.70999999999998
2024-07-04,64.50507499999999,6.2051750000000006,30.009575,50.6648,1315.871525,230.41205,579.3934250000001,100.71982499999999,70.71024999999999,2024,186,28.09875,134.39
2024-07-05,65.5135,7.47705,42.18925,48.314075,1259.6289,281.5915,479.2755,115.1798,72.99055,2024,187,36.99125,143.14000000000001
2024-07-06,61.70475,4.84525,19.589599999999997,66.412475,1086.330775,259.490025,538.68055,86.1396,66.55,2024,188,7.357083333333333,137.17
2024-07-07,64.257375,6.751875,40.191575,48.791199999999996,983.058675,283.64245,305.27347499999996,111.200825,71.00925,2024,189,21.64625,155.54
2024-07-08,62.4246,12.912700000000001,41.96315,36.45375,1213.18245,346.408325,110.28697500000001,117.30045,75.3373,2024,190,88.42333333333333,227.90000000000003
2024-07-09,62.39215,14.369549999999998,30.5854,35.626349999999995,1274.2775,374.42785,242.20815,107.34710000000001,76.7617,2024,191,77.6925,148.79
2024-07-10,61.64895,18.2321,41.520175,36.459849999999996,1323.156625,238.56085000000002,222.60335,121.40122500000001,79.88105,2024,192,79.01166666666667,119.50000000000001
2024-07-11,61.763375,17.013825,43.190925,33.680625,1275.83755,292.28985,99.561875,121.96812500000001,78.77720000000001,2024,193,91.27208333333334,139.85000000000002
2024-07-12,61.15385,16.147975,29.753725,21.191125,1259.328725,194.7666,293.631075,107.05555,77.301825,2024,194,90.59583333333335,31.879999999999995
2024-07-13,60.322325,11.02515,29.185275,44.128875,1067.130625,245.35082500000001,370.5582,100.53275000000001,71.347475,2024,195,28.69,93.74000000000001
2024-07-14,59.064275,9.614325000000001,25.0209,55.86045,989.230475,313.235875,242.6524,93.6995,68.6786,2024,196,24.383333333333336,189.76
2024-07-15,60.942800000000005,14.83555,49.8551,35.039449999999995,1216.6382250000001,363.455075,167.462625,125.63345000000001,75.77835,2024,197,77.67125,225.03
2024-07-16,61.24815,12.81085,28.95055,44.7353,1268.3395249999999,256.253425,406.79177500000003,103.00954999999999,74.059,2024,198,50.30125,133.07999999999998
2024-07-17,61.207625,10.435875,35.180575,46.574574999999996,1274.5752,249.644025,344.102325,106.824075,71.6435,2024,199,76.37666666666667,177.14999999999998
2024-07-18,61.441849999999995,12.312125,42.304575,34.810375,1264.554425,348.953225,52.5425,116.05855,73.753975,2024,200,90.74166666666667,193.64
2024-07-19,61.212625,12.654549999999999,41.428,34.524550000000005,1228.4996999999998,342.510225,65.871425,115.295175,73.867175,2024,201,85.90125,154.26
2024-07-20,60.335925,10.092125,36.570800000000006,41.969575,1065.0715249999998,341.54,160.98942499999998,106.99885,70.42805,2024,202,61.99375,139.4
2024-07-21,59.416125,10.029975,32.279575,46.93865,1005.62005,288.2264,164.61905,101.725675,69.4461,2024,203,54.33083333333334,128.33
2024-07-22,62.5796,9.870700000000001,36.198275,44.127725,1249.415025,258.0912,256.983275,108.648575,72.4503,2024,204,91.22625,166.83
2024-07-23,62.415175000000005,13.189,39.4634,34.659725,1250.083,248.5559,224.560875,115.067575,75.604175,2024,205,79.50708333333334,84.5
2024-07-24,62.848974999999996,12.430950000000001,36.176525,46.942775000000005,1239.7844,273.61409999999995,239.56865,111.45644999999999,75.27992499999999,2024,206,65.8625,130.96
2024-07-25,61.881074999999996,10.38215,31.216575000000002,41.607,1222.1799250000001,333.74025,95.02535,103.4798,72.26322499999999,2024,207,79.2775,142.45
2024-07-26,61.102875,8.256549999999999,32.418275,35.152225,1226.107125,213.58845000000002,177.496025,101.77770000000001,69.359425,2024,208,90.94541666666667,83.06
2024-07-27,59.435875,7.146225,33.387425,32.314625,1047.63215,205.685875,35.922050000000006,99.969525,66.5821,2024,209,80.8325,105.3
2024-07-28,59.778974999999996,6.76355,20.92655,53.4756,975.4915749999999,292.57425,208.43472500000001,87.469075,66.542525,2024,210,46.02125,164.35
2024-07-29,57.308125,7.18245,38.304875,44.020325,1138.319,378.497525,102.9787,102.79544999999999,64.49057499999999,2024,211,71.61999999999999,179.76999999999998
2024-07-30,57.285199999999996,6.61965,34.174699999999994,39.969625,1176.721525,367.58325,53.055425,98.07954999999998,63.904849999999996,2024,212,77.24208333333333,177.19
2024-07-31,56.832074999999996,5.879675,27.660025,34.096650000000004,1215.444925,305.493575,62.89925,90.371775,62.711749999999995,2024,213,79.40458333333333,124.79
2024-08-01,61.568725,7.9452,28.59645,27.38015,1281.152475,248.92972500000002,94.83189999999999,98.110375,69.513925,2024,214,94.86625,77.69
2024-08-02,63.675125,5.7768500000000005,35.009825,31.080225000000002,1222.3471000000002,227.239175,75.445275,104.46180000000001,69.451975,2024,215,93.81208333333332,95.61
2024-08-03,61.570550000000004,4.846075,33.076875,43.081574999999994,1041.8271750000001,283.25252500000005,70.51010000000001,99.49350000000001,66.41662500000001,2024,216,75.28916666666667,132.54
2024-08-04,59.132574999999996,5.32315,17.35545,51.551525,1003.1895999999999,226.645725,238.69785000000002,81.811175,64.455725,2024,217,62.09166666666667,127.14999999999999
2024-08-05,57.907075,6.767225000000001,40.319575,41.219199999999994,1210.20625,294.14959999999996,67.96955,104.993875,64.6743,2024,218,99.85625,213.66
2024-08-06,56.0324,7.0935749999999995,35.804050000000004,40.659675,1230.9518500000001,357.75620000000004,70.5988,98.930025,63.125975000000004,2024,219,86.98,227.9
2024-08-07,56.151125,7.642425,35.174525,36.214574999999996,1265.7398500000002,252.67975,126.355425,98.968075,63.79355,2024,220,92.90958333333333,114.23
2024-08-08,57.447425,7.115275,41.723275,40.280725,1249.0666,239.7368,118.443825,106.28597500000001,64.5627,2024,221,93.15458333333333,165.13
2024-08-09,55.146,4.7767,32.054075,57.7111,1250.240475,234.33942499999998,498.6365,91.976775,59.9227,2024,222,53.31708333333333,125.77
2024-08-10,51.251050000000006,5.038399999999999,39.7828,52.826800000000006,1060.1109,314.99077500000004,281.574875,96.07225,56.28945,2024,223,49.84708333333333,173.77
2024-08-11,49.463925,4.72415,32.2799,49.35815,992.690625,331.48515000000003,120.751,86.467975,54.188075000000005,2024,224,54.7175,197.14000000000001
2024-08-12,50.533699999999996,7.299024999999999,38.83505,42.97885,1234.08295,340.96335,148.04354999999998,96.667775,57.832724999999996,2024,225,92.05833333333334,217.86
2024-08-13,53.035875,5.1082,20.399725,52.46015,1300.394675,319.644425,270.45685,78.5438,58.144075,2024,226,99.73833333333333,164.98
2024-08-14,53.4255,7.5821000000000005,36.308375,21.850925,1295.5293000000001,264.62075,143.62935000000002,97.315975,61.0076,2024,227,108.0125,146.07
2024-08-15,54.324375,4.206825,19.992150000000002,41.087925000000006,1241.759125,288.8392,123.90115,78.52335000000001,58.531200000000005,2024,228,85.52875,160.34
2024-08-16,51.295199999999994,4.320625,39.43525,39.2866,1230.7313000000001,273.48915,184.422875,95.051075,55.615824999999994,2024,229,108.03875,195.55
2024-08-17,51.751599999999996,2.877,22.702,37.958625,1058.8360249999998,227.528925,49.330425000000005,77.3306,54.6286,2024,230,93.23583333333333,109.75
2024-08-18,54.8371,3.0505500000000003,13.955950000000001,38.83355,1000.247075,134.75325,99.132975,71.84360000000001,57.88765,2024,231,88.23666666666666,97.96000000000001
2024-08-19,60.524675,5.9056750000000005,31.439674999999998,33.713725,1201.4711750000001,227.36045000000001,97.622225,97.870025,66.43035,2024,232,108.19625,124.96000000000001
2024-08-20,59.782775,6.635075,37.070175000000006,28.899600000000003,1251.54165,247.750375,224.6697,103.48802500000001,66.41785,2024,233,92.11208333333333,140.59
2024-08-21,56.4543,5.095625,27.53455,47.711074999999994,1274.8745,255.433775,503.867525,89.084475,61.549925,2024,234,52.623333333333335,161.63
2024-08-22,55.665699999999994,5.886575,39.875325,45.719474999999996,1245.99935,285.779975,409.38692499999996,101.42759999999998,61.552274999999995,2024,235,63.04208333333333,133.81
2024-08-23,52.143625,3.717225,32.389425,65.82164999999999,1268.7050749999999,274.80325,610.37465,88.250275,55.86085,2024,236,39.125,139.70000000000002
2024-08-24,49.608775,5.3323,42.600525000000005,48.630449999999996,1085.98895,308.9011,373.00584999999995,97.5416,54.941075,2024,237,49.80916666666667,154.63
2024-08-25,48.8316,4.929225000000001,21.837125,66.2705,1004.808675,206.557125,425.6765,75.59795,53.760825000000004,2024,238,21.86375,139.46
2024-08-26,50.401875,7.08955,41.374925000000005,41.723375,1226.28315,260.282725,203.012675,98.86635000000001,57.491425,2024,239,99.58541666666667,213.51
2024-08-27,49.279300000000006,4.569325,28.929299999999998,43.573425,1247.752625,316.85384999999997,136.844625,82.77792500000001,53.848625000000006,2024,240,90.89791666666667,231.07
2024-08-28,48.167474999999996,7.808949999999999,34.63245,39.195875,1291.30755,322.0174,225.33352499999998,90.60887499999998,55.97642499999999,2024,241,95.9225,195.86
2024-08-29,47.844474999999996,8.049675,37.445475,39.970825,1314.414,302.4049,163.86435,93.339625,55.894149999999996,2024,242,112.91083333333334,244.01999999999998
2024-08-30,47.402449999999995,4.6837,31.934549999999998,27.71525,1280.7625500000001,237.864625,133.009425,84.02069999999999,52.086149999999996,2024,243,106.6375,77.03000000000002
2024-08-31,44.8246,2.550875,24.769275,40.067025,1058.8278500000001,285.28479999999996,233.637325,72.14474999999999,47.375474999999994,2024,244,79.04625,149.09
2025-06-01,48.457474999999995,1.1751500000000001,18.455825,52.933925,991.524325,269.404875,301.44984999999997,68.08845,49.632625,2025,152,39.5775,127.27
2025-06-02,51.59545,5.667825,44.775400000000005,34.73875,1259.34325,258.2626,221.927825,102.03867500000001,57.263275,2025,153,87.03791666666666,234.37
2025-06-03,53.51005,4.701475,29.456,45.938224999999996,1262.216375,347.6424,247.706825,87.667525,58.211525,2025,154,71.68666666666667,137.22
2025-06-04,54.878449999999994,4.554175,27.6582,43.143449999999994,1309.261875,238.377825,377.37620000000004,87.090825,59.432624999999994,2025,155,83.11291666666666,183.16
2025-06-05,56.622550000000004,4.204775,34.180775000000004,37.163824999999996,1272.380625,241.022975,396.3451,95.00810000000001,60.827325,2025,156,80.15791666666667,129.33
2025-06-06,55.461525,2.9316,33.232575,56.629,1272.9417250000001,263.26605,689.7343000000001,91.6257,58.393125000000005,2025,157,48.63333333333333,134.35
2025-06-07,55.755475,3.976225,36.23985,42.085449999999994,1047.261775,214.193825,338.44147499999997,95.97155,59.7317,2025,158,59.71541666666667,111.13000000000001
2025-06-08,53.9041,0.96475,21.966775000000002,65.114775,968.14545,230.33352499999998,555.5505,76.83562500000001,54.86885,2025,159,22.637083333333333,146.9
2025-06-09,55.254075,2.257075,46.968275,52.021300000000004,977.1761,343.40597499999996,327.319,104.47942499999999,57.51115,2025,160,33.31125,167.75
2025-06-10,52.858324999999994,1.960125,25.175900000000002,50.582975,1216.301,253.606025,577.560375,79.99435,54.81844999999999,2025,161,54.1225,102.2
2025-06-11,51.211475,3.50845,41.903025,44.379225,1246.3346000000001,393.31059999999997,288.2195,96.62295,54.719925,2025,162,71.60458333333334,220.4
2025-06-12,49.789275,5.096525,37.529725,47.055,1231.33655,434.524175,312.76715,92.415525,54.8858,2025,163,59.28041666666667,159.9
2025-06-13,48.964349999999996,4.2978000000000005,38.632875,47.2449,1229.17755,437.370025,448.45965,91.895025,53.26215,2025,164,52.093333333333334,117.28
2025-06-14,46.428,5.55565,31.715,50.137675,1079.8667,399.838825,351.82917499999996,83.69865,51.98365,2025,165,44.375416666666666,165.26999999999998
2025-06-15,47.707825,4.763425,22.565275,49.733599999999996,1014.53755,258.156675,231.48075,75.036525,52.47125,2025,166,61.84458333333333,141.04000000000002
2025-06-16,52.727275,6.8998,31.837775,34.974075,1256.013175,318.5812,289.50685,91.46485,59.627075,2025,167,81.09666666666666,190.0
2025-06-17,51.472550000000005,6.9902,32.025325,32.626625,1255.31905,416.767875,122.394625,90.48807500000001,58.46275000000001,2025,168,84.645,248.0
2025-06-18,48.764775,7.7631499999999996,31.343375,38.19455,1254.661075,401.546175,164.6509,87.87129999999999,56.527924999999996,2025,169,79.82458333333334,177.62
2025-06-19,44.5313,6.06435,28.95965,44.208775,1116.81325,402.4399,283.626825,79.5553,50.59565,2025,170,56.0225,207.24
2025-06-20,45.033199999999994,6.29525,34.4546,37.072199999999995,1128.20365,455.14685,108.21539999999999,85.78305,51.32845,2025,171,87.05333333333334,202.29
2025-06-21,43.25315,7.142725,33.06465,42.796324999999996,1024.1475,421.47785,76.258,83.46052499999999,50.395875,2025,172,72.6125,195.28
2025-06-22,40.74385,4.44225,32.879425000000005,45.29715,988.039125,384.64227500000004,226.314675,78.06552500000001,45.1861,2025,173,41.464999999999996,233.34000000000003
2025-06-23,41.4854,4.810149999999999,22.339425,40.8352,1291.396125,287.05285,661.79425,68.634975,46.29555,2025,174,38.737500000000004,130.53
2025-06-24,40.29655,4.518225,23.09375,40.129725,1291.52745,320.626025,658.339525,67.908525,44.814775000000004,2025,175,47.219166666666666,146.65
2025-06-25,40.878225,8.624,32.47305,32.99125,1297.156475,368.687675,409.356725,81.97527500000001,49.502225,2025,176,80.14874999999999,247.53
2025-06-26,42.166824999999996,8.055575,21.285925,27.26415,1309.3424,281.80375,372.227675,71.50832499999999,50.22239999999999,2025,177,91.36458333333333,71.91999999999999
2025-06-27,44.5192,5.08645,23.793075,31.360675,1299.277225,231.178975,479.422525,73.398725,49.60565,2025,178,81.18708333333333,127.07
2025-06-28,40.71115,2.207575,24.472,39.870175,1093.230775,358.980925,407.365475,67.390725,42.918725,2025,179,52.51458333333333,126.95
2025-06-29,37.418125,3.1917750000000003,19.988349999999997,45.646525000000004,1040.36045,375.584,320.942875,60.59825,40.6099,2025,180,54.119166666666665,142.07999999999998
2025-06-30,39.441224999999996,6.13225,34.311425,27.419224999999997,1255.0482,432.27345,130.845475,79.88489999999999,45.573474999999995,2025,181,102.42375,279.01000000000005
2025-07-01,41.183675,7.79275,28.47745,30.326325,1307.0035,402.08105,137.380325,77.453875,48.976425,2025,182,138.36458333333334,433.72
2025-07-02,41.328,7.201975,22.778724999999998,29.346375,1334.77315,380.134275,218.96804999999998,71.3087,48.529975,2025,183,103.88499999999999,207.48
2025-07-03,42.2285,7.257875,26.572675,36.053174999999996,1337.490325,296.30195000000003,368.959975,76.05905,49.486374999999995,2025,184,86.46583333333332,141.95
2025-07-04,42.430625,2.8469,31.52025,37.055475,1264.0360500000002,379.13135,178.33425,76.797775,45.277525,2025,185,79.615,151.66
2025-07-05,40.5259,2.6959250000000003,23.073900000000002,49.84735,1085.139,331.162175,386.902075,66.295725,43.221825,2025,186,53.85666666666666,125.22
2025-07-06,38.237550000000006,4.042275,30.747474999999998,37.791775,1029.455625,225.158975,294.36102500000004,73.0273,42.279825,2025,187,73.49041666666666,119.19000000000001
2025-07-07,41.68895,4.542675,25.939,26.606275,1272.024825,224.793325,266.03597499999995,72.170625,46.231625,2025,188,99.97333333333334,101.61999999999999
2025-07-08,47.782050000000005,2.9932,21.427875,35.162475,1272.612625,251.99460000000002,372.02984999999995,72.203125,50.77525000000001,2025,189,90.0125,70.30000000000001
2025-07-09,51.234975,4.305125,25.766375,29.761875,1256.383875,257.84815,267.600125,81.30647499999999,55.540099999999995,2025,190,91.79833333333333,100.46000000000001
2025-07-10,47.07425,4.025575,26.656025000000003,31.649825,1238.40015,329.627025,125.394925,77.75585,51.099824999999996,2025,191,90.41333333333334,95.16
2025-07-11,43.961400000000005,4.09495,27.3511,33.157,1252.048475,297.78445,237.16267499999998,75.40745,48.05635,2025,192,87.88291666666667,86.03999999999999
2025-07-12,43.166025000000005,2.783975,27.009075,41.609375,1076.1665,229.53682500000002,240.90917499999998,72.959075,45.95,2025,193,72.25625000000001,125.02
2025-07-13,40.701625,3.8241750000000003,24.0251,41.663199999999996,998.775425,294.39435,106.080625,68.5509,44.525800000000004,2025,194,73.49083333333333,127.7
2025-07-14,40.717875,3.7373499999999997,30.305025,29.233925,1222.517175,261.20645,117.60085000000001,74.76025,44.455225,2025,195,98.47166666666668,85.75
2025-07-15,41.5373,3.2298,15.733025,34.770574999999994,1230.1542,251.56879999999998,234.864325,60.500125,44.7671,2025,196,90.82458333333334,101.79
2025-07-16,43.141349999999996,3.430225,27.53365,26.403825,1257.582275,239.09575,229.10154999999997,74.10522499999999,46.571574999999996,2025,197,95.75041666666668,60.97999999999999
2025-07-17,49.699225,3.38495,20.110775,36.01055,1244.254375,237.377375,315.80920000000003,73.19495,53.084175,2025,198,92.61208333333333,82.22
2025-07-18,49.11365,3.8950500000000003,33.0732,25.79375,1189.939175,305.43455,37.416675000000005,86.08189999999999,53.0087,2025,199,100.93374999999999,75.35000000000001
2025-07-19,44.0485,4.350575,28.109099999999998,40.234474999999996,1036.075675,366.3877,136.94,76.508175,48.399074999999996,2025,200,70.14208333333333,114.48
2025-07-20,44.973074999999994,4.123575,13.213825,45.081475,986.8461500000001,320.649125,191.7064,62.310475,49.09665,2025,201,71.48083333333334,116.01
2025-07-21,49.62525,6.51405,34.35375,9.3725,1246.908575,150.7331,190.5288,90.49305,56.1393,2025,202,100.23,46.83
2025-07-22,55.23975,6.8294250000000005,21.26935,37.384975,1246.405,237.21345000000002,366.8633,83.338525,62.069175,2025,203,78.38083333333334,113.05
2025-07-23,50.8868,9.733475,20.113825000000002,38.406800000000004,1254.44045,265.310925,514.028125,80.7341,60.620275,2025,204,78.25083333333333,96.00999999999999
2025-07-24,49.81435,10.014225,31.441375,15.814675,1244.556075,222.67967499999997,92.711325,91.26995,59.828575,2025,205,102.54833333333333,73.72999999999999
2025-07-25,53.8303,8.020325,24.433349999999997,19.607975,1219.1402,236.39917499999999,123.98402499999999,86.283975,61.850625,2025,206,97.42833333333334,44.89999999999999
2025-07-26,55.089925,8.284575,21.851025,33.1245,1041.632725,226.09775,65.406075,85.225525,63.3745,2025,207,91.15875,77.19999999999999
2025-07-27,58.2419,5.66995,21.55265,43.84375,972.402025,224.58092499999998,106.968575,85.4645,63.91185,2025,208,79.43166666666666,105.86
2025-07-28,60.029375,7.564274999999999,22.1262,35.434725,1208.5805249999999,214.95147500000002,308.25445,89.71985,67.59365,2025,209,94.07583333333334,53.64
2025-07-29,56.768225,7.1485,41.657925000000006,40.488074999999995,1248.6716000000001,275.36602500000004,390.4549,105.57465,63.916725,2025,210,76.9525,124.94000000000001
2025-07-30,57.0865,6.65835,32.4065,37.744375,1233.729925,230.51872500000002,408.22990000000004,96.15135000000001,63.74485,2025,211,75.9525,98.36999999999999
2025-07-31,58.425650000000005,8.028075,28.29385,36.1462,1227.6330500000001,210.304775,410.614075,94.74757500000001,66.453725,2025,212,85.52208333333334,93.21000000000001
2025-08-01,59.9925,5.878675,32.965175,32.736,1188.027775,248.50402499999998,221.2186,98.83635,65.871175,2025,213,93.19041666666668,70.17
2025-08-02,61.237199999999994,5.83785,33.109449999999995,45.334975,1020.379125,238.10514999999998,292.92609999999996,100.18449999999999,67.07504999999999,2025,214,67.14708333333333,109.49
2025-08-03,59.905800000000006,5.798274999999999,17.6861,55.736775,969.2254250000001,201.49335,410.842125,83.390175,65.704075,2025,215,42.248333333333335,107.95
2025-08-04,59.03075,7.65875,39.27225,34.254400000000004,1186.266325,226.339325,466.42395,105.96175,66.6895,2025,216,63.45708333333334,102.7
2025-08-05,55.161525000000005,5.616125,36.977824999999996,59.78905,1226.280325,236.170175,606.88545,97.755475,60.77765000000001,2025,217,36.04958333333334,118.98
2025-08-06,55.751725,8.30935,38.344125,38.697725,1208.954375,336.79665,380.73690000000005,102.40520000000001,64.061075,2025,218,61.944583333333334,181.95
2025-08-07,54.258775,8.106175,30.837725,38.778349999999996,1191.2056750000002,359.66022499999997,166.666525,93.202675,62.36495,2025,219,71.79208333333334,143.93
2025-08-08,51.732875,7.166024999999999,30.206049999999998,31.86765,1177.651275,328.5786,197.8035,89.10495,58.8989,2025,220,76.16166666666666,151.53
2025-08-09,49.693825,6.1458,31.0825,44.472125,1012.7076,345.794875,130.73194999999998,86.922125,55.839625,2025,221,61.42083333333334,142.99
2025-08-10,45.092400000000005,5.2877,24.75645,50.172375,952.55415,358.918925,232.47877499999998,75.13655,50.380100000000006,2025,222,46.80291666666667,183.53
2025-08-11,46.770175,7.080475000000001,30.47785,38.007075,1142.49375,399.24084999999997,81.4987,84.3285,53.85065,2025,223,84.47833333333334,191.95
2025-08-12,45.511875,8.348475,25.902849999999997,30.028475,1193.0705500000001,353.55807500000003,164.8862,79.7632,53.860350000000004,2025,224,84.95291666666667,153.16
2025-08-13,44.92075,7.14575,26.905575000000002,32.092025,1233.3568,361.967775,155.344125,78.972075,52.0665,2025,225,99.83208333333333,198.75
2025-08-14,44.970074999999994,7.883775,29.979200000000002,29.306575000000002,1260.0417,341.505775,100.617875,82.83305,52.853849999999994,2025,226,105.06166666666667,242.86999999999998
2025-08-15,43.373675000000006,5.7234,29.1777,37.675625,1215.53925,340.55995,212.2569,78.274775,49.097075000000004,2025,227,73.61416666666666,124.01
2025-08-16,42.130375,4.221875,26.127200000000002,33.43535,1075.9294,251.547675,377.25015,72.47945,46.35225,2025,228,60.93291666666667,102.63000000000001
2025-08-17,42.318075,4.6267,20.3098,41.939625,962.7718249999999,298.59117499999996,170.0844,67.254575,46.944775,2025,229,64.04958333333333,111.91
2025-08-18,42.76455,5.6468,31.549025,32.71315,1158.297925,388.177325,61.334675000000004,79.960375,48.41135,2025,230,91.53125,183.19
2025-08-19,41.5735,6.139125,28.968049999999998,34.13435,1202.992175,380.47525,115.75439999999999,76.68067500000001,47.712625,2025,231,82.38708333333334,119.65
2025-08-20,41.964475,6.844,22.275775000000003,26.34685,1224.3773500000002,288.15115000000003,189.64817499999998,71.08425,48.808475,2025,232,91.0075,100.15
2025-08-21,47.15985,6.3842,17.815475,29.2638,1232.3730500000001,268.20202500000005,296.52729999999997,71.35952499999999,53.54405,2025,233,92.68458333333332,60.63
2025-08-22,53.724849999999996,7.0596499999999995,29.7815,28.031924999999998,1218.54825,238.1103,409.781075,90.566,60.784499999999994,2025,234,73.68583333333333,112.98
2025-08-23,52.115325,4.875075,21.420825,41.07982500000001,1051.705025,230.40525,390.459225,78.411225,56.9904,2025,235,67.87541666666667,123.61
2025-08-24,48.01435,4.5058,23.979525000000002,41.775025,967.27025,278.37655,210.845925,76.499675,52.52015,2025,236,63.05416666666667,124.76
2025-08-25,45.11895,7.2054,26.94935,23.336825,1180.205875,318.842425,148.68457500000002,79.27369999999999,52.324349999999995,2025,237,89.09041666666667,226.89
2025-08-26,45.173925000000004,5.658525,23.83935,23.0172,1203.113,340.9134,116.694225,74.6718,50.83245,2025,238,99.78916666666667,170.6
2025-08-27,44.815,6.503925000000001,24.02475,28.145025,1243.44685,266.9795,234.37207500000002,75.343675,51.318925,2025,239,104.61874999999999,171.39
2025-08-28,46.21375,5.134925,22.793025,18.47225,1267.2876,134.049225,121.8623,74.1417,51.348675,2025,240,115.89166666666667,122.91
2025-08-29,53.323025,4.917350000000001,22.46345,22.248425,1210.57865,248.556,202.951425,80.703825,58.240375,2025,241,94.12416666666667,93.72
2025-08-30,52.708675,4.9046,25.89625,34.148025000000004,1027.47125,256.849275,245.073725,83.509525,57.613275,2025,242,70.19916666666667,130.35999999999999
2025-08-31,48.521125,2.517575,17.16755,46.341975,969.314,290.47857500000003,269.85305,68.20625,51.0387,2025,243,57.6225,136.1
2026-06-01,45.3232,5.7734,41.529574999999994,31.03145,1199.7935249999998,410.3023,79.37072500000001,92.62617499999999,51.0966,2026,152,151.8646875,336.28
2026-06-02,45.689,3.4406999999999996,25.446575,29.327375,1273.098175,357.63302500000003,274.0032,74.576275,49.1297,2026,153,122.02083333333333,98.76
2026-06-03,47.299925,4.22705,31.7015,34.5885,1262.127375,312.967075,442.24455,83.228475,51.526975,2026,154,102.63583333333334,128.26
2026-06-04,44.99,2.279625,22.611125,53.00685,1144.871975,278.82534999999996,673.553275,69.88075,47.269625000000005,2026,155,61.341145833333336,121.83
2026-06-05,45.97385,3.7133499999999997,37.9491,32.26835,1144.2742250000001,345.314075,371.722875,87.6363,49.6872,2026,156,100.36270833333333,178.72
2026-06-06,44.5601,2.8411999999999997,37.47215,43.488875,1026.855475,408.476,98.50295,84.87344999999999,47.4013,2026,157,88.42177083333333,164.1
2026-06-07,39.59435,3.677775,19.88315,52.10245,980.18825,344.599575,381.833825,63.155274999999996,43.272124999999996,2026,158,42.665416666666665,198.98
2026-06-08,41.716075,4.56565,31.550099999999997,24.905375,1222.041625,396.863475,182.647975,77.831825,46.281724999999994,2026,159,124.25104166666667,183.60000000000002
2026-06-09,42.762074999999996,3.1471750000000003,15.621,38.899775,1297.902075,295.23805,506.82397499999996,61.530249999999995,45.90924999999999,2026,160,96.8746875,162.43
2026-06-10,47.277425,5.41355,31.164125,27.16885,1284.7418,310.9326,282.01570000000004,83.8551,52.690975,2026,161,122.50895833333334,175.68
2026-06-11,52.55565,5.702825,29.2163,30.494075000000002,1254.4642,369.416425,194.654125,87.474775,58.258475,2026,162,112.0634375,157.38
2026-06-12,49.827074999999994,6.2833000000000006,23.688825,23.544700000000002,1286.38905,178.57617499999998,495.32397499999996,79.79919999999998,56.11037499999999,2026,163,97.46125,83.23000000000002
2026-06-13,49.098225,3.296875,21.694325,54.607675,1068.039825,362.542025,633.979725,74.089425,52.3951,2026,164,26.8171875,163.48
2026-06-14,44.94775,2.197225,27.467275,60.25865,1018.40535,316.373975,656.9376,74.61225,47.144975,2026,165,25.11927083333333,150.01
2026-06-15,44.987474999999996,5.153074999999999,35.808125,32.264325,1258.0779499999999,359.74545,617.845625,85.948675,50.14055,2026,166,74.26479166666667,175.17
2026-06-16,44.52525,5.40015,25.486349999999998,28.48925,1269.712325,336.78934999999996,173.31525,75.41175,49.925399999999996,2026,167,113.07916666666667,155.2
2026-06-17,45.166975,7.25245,29.1567,33.106925000000004,1243.23175,405.14335,128.765775,81.576125,52.419425000000004,2026,168,117.62895833333333,119.16
2026-06-18,44.792875,6.688875,34.5404,35.236824999999996,1257.77525,469.91159999999996,82.090875,86.02215000000001,51.481750000000005,2026,169,139.9175,533.74
2026-06-19,45.141225,5.106199999999999,29.325174999999998,41.466474999999996,1246.5033,458.959,163.776,79.5726,50.247425,2026,170,108.18187499999999,202.99
2026-06-20,45.66955,4.978475,37.0353,48.527275,1077.042975,452.251,203.788125,87.683325,50.648025000000004,2026,171,87.47083333333335,194.19
2026-06-21,44.233475,6.114949999999999,34.120599999999996,46.740449999999996,1020.60965,417.814975,118.4947,84.46902499999999,50.348425,2026,172,83.0025,154.45
2026-06-22,44.287275,8.3799,34.1353,35.7872,1266.185825,475.022675,137.15120000000002,86.802475,52.667175,2026,173,124.08614583333333,278.35
2026-06-23,44.5122,10.248975,38.356925000000004,40.395525,1286.1738,468.07620000000003,44.572325,93.1181,54.761175,2026,174,174.91166666666666,557.6899999999999
2026-06-24,43.960775,9.188325,37.594474999999996,40.933225,1305.792825,502.094175,41.128675,90.74357499999999,53.1491,2026,175,207.83802083333333,682.85
2026-06-25,43.28985,8.318700000000002,30.618175,37.204575,1336.4387,497.600275,101.40717500000001,82.226725,51.60855,2026,176,133.54041666666666,339.61
2026-06-26,41.022974999999995,4.7602,35.268550000000005,39.084125,1317.0502,495.711625,169.63825,81.051725,45.78317499999999,2026,177,135.114375,377.63
2026-06-27,39.661875,5.1676,31.799525000000003,41.589225,1141.8166,462.3542,138.1767,76.629,44.829475,2026,178,99.42395833333335,252.35
2026-06-28,37.34355,5.4792749999999995,24.705925,52.9484,1090.0299750000001,428.09047499999997,253.31432500000003,67.52875,42.822825,2026,179,85.00322916666667,167.64
2026-06-29,39.82175,10.510475,41.207775,34.3901,1308.138775,336.111075,134.636975,91.53999999999999,50.332225,2026,180,140.275,264.54
2026-06-30,43.310575,10.573649999999999,34.944050000000004,32.171099999999996,1301.72675,374.61675,87.5649,88.828275,53.884225,2026,181,187.32697916666666,445.37
2026-07-01,54.334125,8.860575,34.89455,27.825325,1325.337425,298.80584999999996,122.31647500000001,98.08924999999999,63.1947,2026,182,151.43239583333335,197.89
2026-07-02,57.0787,4.40255,24.8558,47.750325,1301.78055,386.69284999999996,465.25295,86.33704999999999,61.481249999999996,2026,183,73.309375,170.89
2026-07-03,46.593125,5.3645,42.816050000000004,47.25145,1218.5771499999998,411.52122499999996,583.506975,94.773675,51.957625,2026,184,59.54260416666667,148.14
2026-07-04,41.43455,4.125825,33.7942,51.88025,1079.431225,373.8581,369.398875,79.354575,45.560375,2026,185,63.401562500000004,149.28
2026-07-05,38.033825,2.5585,26.85895,53.815425000000005,1007.7807750000001,289.8963,517.78165,67.45127500000001,40.592325,2026,186,62.75458333333333,147.74
2026-07-06,38.601074999999994,2.479775,30.998925,43.94515,1279.190475,274.49095,592.419925,72.079775,41.08085,2026,187,98.8271875,154.9
2026-07-07,37.689125,2.41385,30.265,42.449400000000004,1291.537375,295.74879999999996,788.0458000000001,70.367975,40.102975,2026,188,72.80229166666668,132.68
2026-07-08,35.871675,5.832199999999999,34.860775000000004,30.347450000000002,1290.8182749999999,344.40655,472.074,76.56465,41.703875000000004,2026,189,98.9575,164.49
2026-07-09,37.5938,5.2838,31.32525,35.654125,1294.712825,411.68595,214.84904999999998,74.20285,42.8776,2026,190,124.21302083333335,209.84
2026-07-10,35.109375,3.8014,33.9694,38.878449999999994,1251.036825,493.67522499999995,111.337375,72.88017500000001,38.910775,2026,191,123.67427083333332,164.59
2026-07-11,35.821949999999994,3.451025,34.36945,46.563475,1077.9197749999998,488.40772499999997,126.45775,73.642425,39.272974999999995,2026,192,94.60427083333333,161.32
2026-07-12,31.973200000000002,2.114225,20.2501,52.78035,1017.09195,453.6487,228.17595,54.337525,34.087425,2026,193,75.2271875,161.53
2026-07-13,31.718799999999998,3.374325,38.05485,35.802875,1295.3191000000002,462.309575,197.66242499999998,73.147975,35.093125,2026,194,119.10770833333333,172.08
2026-07-14,34.500925,4.48595,35.435449999999996,37.422725,1321.64565,400.58617499999997,263.6631,74.422325,38.986875000000005,2026,195,123.96833333333335,140.49
2026-07-15,38.891225,4.992825,30.534875,33.337475,1329.0065749999999,415.41072499999996,200.36464999999998,74.418925,43.88405,2026,196,136.42416666666665,162.08
2026-07-16,42.00935,5.294725000000001,36.26045,30.499775000000003,1340.58155,416.92154999999997,93.21605000000001,83.564525,47.304075,2026,197,159.8621875,257.65999999999997
2026-07-17,39.549425,4.502375,27.300099999999997,31.739575000000002,1314.1805,366.065,175.3588,71.3519,44.0518,2026,198,140.62812499999998,79.26999999999998
2026-07-18,38.519225,4.058725,29.208025000000003,46.491550000000004,1096.16585,354.248625,479.155275,71.78597500000001,42.57795,2026,199,82.46145833333334,173.28
2026-07-19,37.1418,3.47035,30.191525000000002,57.526824999999995,1008.4760749999999,316.407075,419.53592499999996,70.803675,40.61215,2026,200,70.95791666666666,164.87
2026-07-20,35.54635,3.2656750000000003,34.4946,47.36425,1228.014375,365.5785,430.34572499999996,73.306625,38.812025,2026,201,103.16395833333333,194.77
2026-07-21,32.99995,4.773025,35.462824999999995,39.119825,1235.5156499999998,435.803725,217.859225,73.23579999999998,37.772974999999995,2026,202,112.95958333333334,177.29
2026-07-22,34.904775,2.825,23.07705,40.301,1276.109875,340.6823,507.96545000000003,60.806825,37.729775000000004,2026,203,100.4346875,167.23000000000002
2026-07-23,33.04885,3.6225500000000004,32.775400000000005,39.2609,1260.381125,367.182575,401.38095,69.44680000000001,36.671400000000006,2026,204,117.65447916666666,197.5
2026-07-24,31.464975,2.8433249999999997,36.661175,43.478575,1243.462625,469.98825,123.129025,70.96947499999999,34.308299999999996,2026,205,130.53270833333332,208.74
2026-07-25,29.570825,2.3400250000000002,32.95205,54.803225,1073.0220749999999,452.647825,188.519525,64.8629,31.91085,2026,206,91.116875,191.88
2026-07-26,27.937974999999998,0.9797250000000001,19.575875,55.93965,1030.338925,285.165625,376.45927500000005,48.49357499999999,28.917699999999996,2026,207,90.16927083333333,157.72
2026-07-27,29.535224999999997,2.006675,41.151225,43.002075,1224.6462,321.787475,574.46405,72.693125,31.5419,2026,208,77.0884375,188.05
2026-07-28,29.65325,2.44175,35.131949999999996,45.353975,1265.56725,463.00515,206.741175,67.22694999999999,32.095,2026,209,116.82375,238.48
2026-07-29,31.292475,3.61525,34.81515,43.104074999999995,1291.349375,483.89425,178.128825,69.722875,34.907725,2026,210,126.83614583333333,352.46000000000004
2026-07-30,31.861775,2.482475,24.90525,38.817125,1322.4117250000002,421.38120000000004,293.64422499999995,59.2495,34.34425,2026,211,121.32541666666667,220.33
2026-07-31,32.38555,3.49885,39.028475,30.59955,1267.003025,373.58665,98.9765,74.912875,35.8844,2026,212,148.59229166666668,123.65
2026-08-01,33.106825,3.0331,30.39675,39.157475,1083.376325,343.54935,126.54352499999999,66.536675,36.139925,2026,213,119.74354166666666,190.2
2026-08-02,34.0076,2.978725,22.452,49.20555,987.246025,451.335825,137.39170000000001,59.43832499999999,36.986324999999994,2026,214,105.45604166666668,197.70000000000002
2026-08-03,33.61795,2.289975,32.10175,30.139924999999998,1217.5939250000001,445.46885,338.850875,68.009675,35.907925,2026,215,128.091875,236.9
2026-08-04,33.7857,4.984225,37.61495,34.06725,1267.18325,408.016775,232.611425,76.384875,38.769925,2026,216,149.78802083333332,232.58999999999997
2026-08-05,34.4666,5.180725000000001,30.7978,45.907075,1259.321025,402.390325,338.020375,70.445125,39.647325,2026,217,110.51854166666668,226.77
2026-08-06,38.128875,3.766775,27.358775,47.116099999999996,1231.02065,370.1437,422.476475,69.254425,41.89565,2026,218,99.50885416666667,174.06
2026-08-07,41.57775,2.580775,35.356225,37.521875,1170.604175,397.674375,207.246175,79.51475,44.158525000000004,2026,219,122.07677083333334,203.51999999999998
2026-08-08,34.56665,0.974475,30.6205,49.099199999999996,1021.136375,464.79335000000003,93.68577499999999,66.161625,35.541125,2026,220,99.08666666666666,210.21
2026-08-09,30.396775,1.796225,28.571424999999998,48.936575,971.91105,415.415,228.94565,60.764425,32.193000000000005,2026,221,94.47458333333333,192.96
2026-08-10,32.501025,2.1448,26.48435,40.9919,1202.6587,382.06505,355.704375,61.130175,34.645825,2026,222,117.90864583333332,195.85
2026-08-11,33.58615,1.7918,34.54875,42.756724999999996,1194.324875,457.075775,283.6361,69.92670000000001,35.377950000000006,2026,223,110.38197916666667,205.14000000000001
2026-08-12,32.682475,1.5850250000000001,28.798375,38.822675000000004,1188.8827250000002,490.502325,132.089875,63.065875,34.2675,2026,224,138.40166666666667,461.17
2026-08-13,31.372,3.370075,30.553150000000002,35.556275,1198.271875,488.822225,233.995875,65.295225,34.742075,2026,225,147.068125,487.39
2026-08-14,30.971425,2.957625,32.812,33.667525000000005,1192.2890249999998,474.55055,228.7459,66.74105,33.929050000000004,2026,226,140.33135416666667,303.48
2026-08-15,30.655900000000003,2.551375,26.876775000000002,31.77425,1070.182425,372.780525,207.68515,60.084050000000005,33.207275,2026,227,120.0984375,198.51999999999998
2026-08-16,29.484925,4.401575,25.322650000000003,42.11885,1016.920375,344.20054999999996,115.04960000000001,59.20915,33.8865,2026,228,138.0740625,192.14999999999998
2026-08-17,35.3181,4.233925,30.4301,17.329625,1188.15745,196.2344,179.06072500000002,69.982125,39.552025,2026,229,176.73187499999997,83.73999999999998
2026-08-18,37.629075,5.361325,23.65,15.9107,1216.0183,151.75555,217.020275,66.6404,42.9904,2026,230,163.92885416666667,79.80000000000001
2026-08-19,40.432725,5.284675,26.178775,26.4345,1209.3507749999999,244.707825,338.557025,71.896175,45.7174,2026,231,166.02645833333335,97.98
2026-08-20,36.4982,3.9343000000000004,19.80775,36.258224999999996,1157.8615249999998,321.80715000000004,263.68795,60.240249999999996,40.4325,2026,232,148.22187499999998,150.12
2026-08-21,42.129949999999994,2.5162750000000003,21.517075000000002,13.513475,1145.919025,235.56875,175.4935,66.16329999999999,44.646224999999994,2026,233,169.56208333333333,79.16
2026-08-22,44.82425,2.14485,30.97335,53.84185,1014.375375,297.431,432.17582500000003,77.94245,46.9691,2026,234,101.48916666666666,183.26999999999998
2026-08-23,35.71875,3.0370250000000003,30.313025000000003,55.292375,939.64475,339.7915,394.607775,69.06880000000001,38.755775,2026,235,85.56541666666668,195.26000000000002
2026-08-24,34.30975,1.6228,33.046825,33.035050000000005,1161.9132,374.7855,169.19315,68.979375,35.93255,2026,236,143.18354166666668,229.79
2026-08-25,35.349475,2.91065,27.183049999999998,26.399425,1219.6358500000001,276.532925,382.13245,65.443175,38.260124999999995,2026,237,141.42666666666665,163.23000000000002
2026-08-26,37.830525,2.934225,26.68625,32.894574999999996,1248.195325,321.094375,406.32390000000004,67.451,40.76475,2026,238,153.65354166666665,145.01
2026-08-27,35.10765,2.1910250000000002,25.10775,34.34205,1237.0102,378.63745,553.448525,62.406425,37.298675,2026,239,125.54135416666666,212.03
2026-08-28,36.161199999999994,3.450975,25.3071,15.495925000000002,1213.793825,185.727175,486.6385,64.919275,39.61217499999999,2026,240,143.55333333333334,101.88
2026-08-29,37.60475,1.57725,30.6212,56.37315,1032.089125,318.727,571.656575,69.8032,39.182,2026,241,86.34791666666666,219.52
2026-08-30,33.011824999999995,2.622975,34.4354,57.9483,959.4576999999999,281.85152500000004,566.4151750000001,70.0702,35.63479999999999,2026,242,75.628125,213.46
2026-08-31,33.823425,2.632475,25.543225,44.0591,1212.30145,297.946025,545.8781,61.999125,36.4559,2026,243,111.85208333333333,208.70000000000002
