date,ror,res,ps_gen,ps_pump,load,solar,wind,hydro,year,doy,price_mean,price_spread
2017-06-01,94.7763,15.4391,8.1627,4.5446,170.2177,4.257975,3.558425,118.3781,2017,152,,
2017-06-02,100.873,15.6226,10.568,3.6055,167.01579999999998,4.861524999999999,0.344,127.06360000000001,2017,153,,
2017-06-03,98.0394,12.2038,6.434399999999999,6.1175,140.4168,5.34445,1.1767249999999998,116.6776,2017,154,,
2017-06-04,94.3727,10.533299999999999,1.6963,24.035700000000002,128.7047,3.7725999999999997,17.719724999999997,106.60229999999999,2017,155,,
2017-06-05,93.4282,10.3818,4.248600000000001,15.4363,128.721,4.25695,6.109625,108.0586,2017,156,,
2017-06-06,91.2073,13.7534,2.8916,13.517700000000001,169.7276,4.1118999999999994,22.340825000000002,107.8523,2017,157,,
2017-06-07,97.7386,10.796700000000001,0.8559,24.1002,169.7053,4.0988500000000005,12.750399999999999,109.39120000000001,2017,158,,
2017-06-08,92.61319999999999,15.9981,16.7737,7.9017,166.78820000000002,5.744149999999999,6.62775,125.385,2017,159,,
2017-06-09,86.5362,20.791900000000002,22.8428,2.0025,166.008,5.920725,8.17545,130.1709,2017,160,,
2017-06-10,87.0975,14.7211,11.1951,4.6945,141.33929999999998,4.834725000000001,12.491275,113.0137,2017,161,,
2017-06-11,83.98110000000001,12.235899999999999,4.649100000000001,26.1925,127.4607,5.979075,2.08445,100.86610000000002,2017,162,,
2017-06-12,77.9962,14.2105,11.9728,12.5722,171.239,5.311175,8.57745,104.17949999999999,2017,163,,
2017-06-13,80.18730000000001,20.5961,13.7271,1.9112,173.4013,5.8241499999999995,10.5912,114.51050000000001,2017,164,,
2017-06-14,80.7395,19.5785,13.453899999999999,4.3638,171.73620000000003,5.3702250000000005,5.708725,113.77190000000002,2017,165,,
2017-06-15,77.0979,16.4851,15.967600000000001,0.2733,138.0186,5.893025,1.3228499999999999,109.5506,2017,166,,
2017-06-16,76.9889,13.0094,3.5193000000000003,13.3546,157.3767,4.375850000000001,12.238725,93.5176,2017,167,,
2017-06-17,75.42689999999999,13.7454,9.7214,13.5276,137.8653,5.1118500000000004,22.6068,98.8937,2017,168,,
2017-06-18,67.0834,10.819700000000001,9.574200000000001,11.27,126.0035,5.87495,16.12835,87.4773,2017,169,,
2017-06-19,64.1289,18.424400000000002,21.4088,1.2403,165.8945,6.043,1.1682000000000001,103.9621,2017,170,,
2017-06-20,63.3534,17.774,15.9079,1.1531,172.75779999999997,5.903175,2.1706,97.03529999999999,2017,171,,
2017-06-21,66.1614,18.1448,17.6124,1.1947,176.68689999999998,4.989375,4.363125,101.9186,2017,172,,
2017-06-22,66.01780000000001,18.6037,9.5317,2.158,176.43210000000002,5.45645,2.0674,94.15320000000001,2017,173,,
2017-06-23,65.7326,19.5295,6.623600000000001,6.657,175.5461,4.5325500000000005,11.39385,91.8857,2017,174,,
2017-06-24,63.369099999999996,10.7043,3.0278,9.238,148.589,5.644349999999999,9.590549999999999,77.10119999999999,2017,175,,
2017-06-25,67.1145,15.3215,2.4913000000000003,24.3262,136.82729999999998,3.645825,9.180275,84.9273,2017,176,,
2017-06-26,76.6424,15.1229,11.3164,2.9668,170.3786,5.7592,7.139275,103.0817,2017,177,,
2017-06-27,68.31,16.6947,24.1007,2.2958000000000003,177.1697,4.4867,12.497399999999999,109.1054,2017,178,,
2017-06-28,67.23689999999999,15.407200000000001,16.701,2.5086,178.81529999999998,4.960775,21.953200000000002,99.3451,2017,179,,
2017-06-29,73.3945,16.916700000000002,8.890600000000001,3.528,177.5076,4.359625,17.4605,99.2018,2017,180,,
2017-06-30,77.6645,17.3364,5.4723999999999995,7.9885,169.8823,5.31085,11.311725000000001,100.4733,2017,181,,
2017-07-01,78.6037,13.4402,1.9102000000000001,7.1006,145.4234,5.07955,14.726075000000002,93.95410000000001,2017,182,,
2017-07-02,74.128,13.956100000000001,2.8118000000000003,15.469,133.0171,3.8752,24.564425,90.89590000000001,2017,183,,
2017-07-03,76.7237,20.3536,8.2385,6.3235,168.6457,5.0196499999999995,23.12155,105.3158,2017,184,,
2017-07-04,78.96419999999999,21.0059,13.913799999999998,2.9422,172.1571,5.576524999999999,6.900075,113.88389999999998,2017,185,,
2017-07-05,73.099,22.4211,20.75,0.6068,173.39939999999999,5.7520500000000006,3.6879,116.2701,2017,186,,
2017-07-06,69.1377,21.6543,19.663700000000002,1.4255,173.5172,5.7235,5.584875,110.45570000000001,2017,187,,
2017-07-07,64.3813,21.4232,17.3717,1.4617,171.8618,5.115425,10.2783,103.1762,2017,188,,
2017-07-08,64.8694,16.0271,8.0067,1.7386,148.24429999999998,4.924975000000001,14.9555,88.9032,2017,189,,
2017-07-09,63.652,14.371,5.6855,5.505199999999999,134.7457,4.478899999999999,4.20835,83.7085,2017,190,,
2017-07-10,71.0098,22.7521,10.0749,1.6025,172.6526,4.779975,10.321299999999999,103.8368,2017,191,,
2017-07-11,81.2611,19.241799999999998,7.8427,4.2578000000000005,173.6514,4.263225,19.0943,108.34559999999999,2017,192,,
2017-07-12,82.7778,19.3446,6.2743,3.8116,173.7697,4.4255249999999995,6.16315,108.3967,2017,193,,
2017-07-13,80.5811,21.409299999999998,11.3416,6.1616,168.3021,5.65045,36.325175,113.33200000000001,2017,194,,
2017-07-14,79.5222,21.4471,15.198799999999999,1.2390999999999999,164.903,4.71605,2.495875,116.16810000000001,2017,195,,
2017-07-15,85.0321,16.7737,2.0389,11.3349,140.7929,4.04065,28.293599999999998,103.8447,2017,196,,
2017-07-16,87.97919999999999,14.027700000000001,6.940600000000001,20.239099999999997,126.1166,4.8048,14.706674999999999,108.94749999999999,2017,197,,
2017-07-17,75.4555,24.1369,16.048299999999998,2.23,161.9896,5.197875,0.9639,115.6407,2017,198,,
2017-07-18,71.6082,20.6078,10.3361,1.5205,168.5157,5.55275,7.9146,102.5521,2017,199,,
2017-07-19,70.61489999999999,19.7931,10.5617,2.2988000000000004,170.55339999999998,4.5886499999999995,14.030299999999999,100.96969999999999,2017,200,,
2017-07-20,68.48710000000001,22.6166,10.291,1.4068,171.2957,5.10295,6.095975,101.3947,2017,201,,
2017-07-21,77.1661,21.3246,7.0926,2.994,165.8657,4.90705,11.889149999999999,105.58330000000001,2017,202,,
2017-07-22,72.8443,19.87,9.772200000000002,1.4607,143.0505,4.433325,6.2184,102.4865,2017,203,,
2017-07-23,69.9487,14.4965,7.2982,6.8762,130.3653,3.93795,7.2318,91.7434,2017,204,,
2017-07-24,89.1484,21.530099999999997,8.9427,3.5856,165.93779999999998,2.956825,13.363,119.62119999999999,2017,205,,
2017-07-25,110.6563,20.900599999999997,4.3147,6.2334,160.9145,4.74595,44.647825,135.87159999999997,2017,206,,
2017-07-26,104.4769,28.2682,11.3717,2.2386999999999997,162.67079999999999,3.220425,21.571125,144.1168,2017,207,,
2017-07-27,109.99510000000001,25.5613,9.6292,5.6324,162.68460000000002,3.85805,22.58635,145.1856,2017,208,,
2017-07-28,113.5052,20.8495,5.5072,5.351,159.64170000000001,4.478475,25.528425,139.86190000000002,2017,209,,
2017-07-29,105.926,15.5719,3.2585,19.367900000000002,137.135,5.335274999999999,7.164175,124.7564,2017,210,,
2017-07-30,99.44930000000001,15.453700000000001,1.9376,22.710900000000002,127.48219999999999,4.753625,16.476425,116.84060000000001,2017,211,,
2017-07-31,96.035,26.522299999999998,6.884399999999999,2.2151,159.3389,5.207050000000001,4.4467,129.4417,2017,212,,
2017-08-01,89.00619999999999,21.6666,14.441600000000001,2.4788,164.9245,6.01945,31.736549999999998,125.11439999999999,2017,213,,
2017-08-02,83.264,25.444599999999998,13.962,1.6725,167.586,5.204375,13.800375,122.6706,2017,214,,
2017-08-03,79.9718,21.3126,9.2465,3.0541,167.3254,5.466175,6.2859750000000005,110.5309,2017,215,,
2017-08-04,79.1922,20.080099999999998,12.908299999999999,8.7211,165.79420000000002,5.054600000000001,3.16395,112.1806,2017,216,,
2017-08-05,92.3689,14.027,2.2545,7.498,145.1322,4.888325,5.651025,108.65039999999999,2017,217,,
2017-08-06,93.4085,12.1314,4.928100000000001,15.6305,133.1511,3.1660749999999998,22.373450000000002,110.468,2017,218,,
2017-08-07,97.85239999999999,12.183,15.3467,4.0302,156.8374,5.9254,15.409424999999999,125.38209999999998,2017,219,,
2017-08-08,90.8968,15.4375,22.544900000000002,2.0659,161.72070000000002,5.747725,24.826825,128.8792,2017,220,,
2017-08-09,89.11630000000001,20.0826,17.2993,2.9086,164.57170000000002,5.4278249999999995,7.52695,126.49820000000001,2017,221,,
2017-08-10,93.7267,25.2198,21.5683,2.74,167.9156,3.94165,12.277875,140.51479999999998,2017,222,,
2017-08-11,102.68480000000001,26.638900000000003,5.0146999999999995,3.2554000000000003,160.5517,3.29005,22.267575,134.3384,2017,223,,
2017-08-12,107.5871,16.9159,3.2398000000000002,13.463899999999999,137.352,4.099225000000001,43.7016,127.74280000000002,2017,224,,
2017-08-13,103.57719999999999,15.3131,10.6121,17.2769,123.9609,5.164875,25.734525,129.5024,2017,225,,
2017-08-14,95.6828,21.101599999999998,28.9701,0.0,148.2724,5.50075,3.35465,145.7545,2017,226,,
2017-08-15,91.1516,27.5735,24.844900000000003,1.343,131.2759,5.476649999999999,5.846675,143.57,2017,227,,
2017-08-16,87.1429,23.1847,26.582099999999997,0.0,162.3903,4.103,11.5081,136.9097,2017,228,,
2017-08-17,85.6412,22.0467,27.735,0.0,166.3561,6.20995,3.6081999999999996,135.4229,2017,229,,
2017-08-18,83.25210000000001,26.2675,23.0074,0.0,164.8098,4.856225,10.9908,132.52700000000002,2017,230,,
2017-08-19,90.55160000000001,17.972,2.5975,13.8039,145.69129999999998,3.0273000000000003,23.02745,111.12110000000001,2017,231,,
2017-08-20,114.9143,14.0795,2.7494,30.2973,127.824,3.82465,22.1945,131.7432,2017,232,,
2017-08-21,107.43589999999999,25.0117,21.8536,7.2794,160.3791,5.326775,16.563575,154.3012,2017,233,,
2017-08-22,97.5467,26.3368,16.0305,0.6951,163.64010000000002,5.381575,5.577025,139.914,2017,234,,
2017-08-23,90.0689,24.7908,19.1098,0.1487,164.56310000000002,5.248,3.1519,133.9695,2017,235,,
2017-08-24,85.611,27.3257,21.3065,0.5223,168.2269,4.92155,3.2157750000000003,134.2432,2017,236,,
2017-08-25,84.69489999999999,24.228099999999998,23.0423,0.4733,167.8104,4.917825,5.050325,131.96529999999998,2017,237,,
2017-08-26,83.1017,21.2759,22.8171,0.0,145.10170000000002,5.0486,2.11075,127.1947,2017,238,,
2017-08-27,80.7153,14.977799999999998,6.3155,8.0833,132.6923,4.4011000000000005,9.2404,102.0086,2017,239,,
2017-08-28,77.4401,22.4681,23.9001,0.0,168.9219,4.031125,6.97465,123.80829999999999,2017,240,,
2017-08-29,77.7671,19.9916,18.6569,1.2732999999999999,168.7485,5.213225,3.5985,116.41560000000001,2017,241,,
2017-08-30,73.5006,24.4985,15.0504,2.1641,171.7413,5.072575,20.945974999999997,113.0495,2017,242,,
2017-08-31,71.05460000000001,20.3642,20.107599999999998,7.8711,177.0405,4.607399999999999,14.938575,111.5264,2017,243,,
2018-06-01,100.8715,21.9887,10.935,0.9538,158.4874,6.080825,5.43475,133.7952,2018,152,,
2018-06-02,103.9342,17.206799999999998,3.7620999999999998,4.301399999999999,140.9553,6.79985,12.7456,124.90310000000001,2018,153,,
2018-06-03,100.958,15.704799999999999,2.7483,21.3146,129.1234,6.755925,10.235425,119.4111,2018,154,,
2018-06-04,94.3107,25.4776,17.0961,4.6297,170.19639999999998,7.133825,1.5429000000000002,136.8844,2018,155,,
2018-06-05,94.2523,27.5303,13.9411,0.6391,172.62189999999998,6.733524999999999,2.857125,135.7237,2018,156,,
2018-06-06,93.9202,22.8187,7.670100000000001,1.2126,173.3079,6.8452,9.4209,124.409,2018,157,,
2018-06-07,95.5133,27.2985,13.2261,0.8603999999999999,173.90820000000002,6.434525,5.190175,136.0379,2018,158,,
2018-06-08,96.6186,27.685599999999997,11.5581,0.0,173.6567,6.9471750000000005,12.03485,135.8623,2018,159,,
2018-06-09,94.7995,25.109,12.0575,1.0808,147.81670000000003,6.074875,5.94955,131.966,2018,160,,
2018-06-10,91.2118,20.261599999999998,6.4796000000000005,6.934900000000001,134.2628,7.170850000000001,1.091125,117.953,2018,161,,
2018-06-11,91.31710000000001,26.3812,17.1517,0.3527,175.4331,7.5026,5.6284,134.85000000000002,2018,162,,
2018-06-12,93.8473,24.735,14.6745,1.866,178.22129999999999,6.463550000000001,16.195149999999998,133.2568,2018,163,,
2018-06-13,106.1306,29.8156,19.7156,1.9810999999999999,178.6319,3.9090749999999996,16.1386,155.6618,2018,164,,
2018-06-14,118.2092,19.864099999999997,7.1899,3.8894,173.5806,5.036125,43.831075,145.26319999999998,2018,165,,
2018-06-15,113.9916,23.789099999999998,17.7069,1.4519000000000002,166.88060000000002,6.8508249999999995,30.01525,155.4876,2018,166,,
2018-06-16,102.9588,17.6541,6.9285,2.3466,142.7978,7.5095,13.26535,127.5414,2018,167,,
2018-06-17,92.2286,10.715200000000001,3.6250999999999998,20.4838,132.8164,6.410825,12.013200000000001,106.5689,2018,168,,
2018-06-18,87.963,19.1845,14.2287,2.3194,170.97070000000002,6.6202,37.394074999999994,121.3762,2018,169,,
2018-06-19,84.6251,21.9336,23.0733,6.0378,173.7798,5.475625,24.312575000000002,129.632,2018,170,,
2018-06-20,81.7411,22.0334,16.6014,0.8334,174.784,7.783225000000001,5.350475,120.3759,2018,171,,
2018-06-21,81.96260000000001,12.472700000000001,4.224,6.1921,179.7928,7.152025,12.38845,98.65930000000002,2018,172,,
2018-06-22,89.4225,13.7955,0.372,18.961599999999997,173.4938,6.435,30.957925,103.59,2018,173,,
2018-06-23,86.9619,8.9498,2.1195999999999997,18.6391,144.6199,6.35225,34.8266,98.0313,2018,174,,
2018-06-24,75.7209,11.1509,6.641,7.4835,131.47129999999999,5.9917,14.348700000000001,93.51280000000001,2018,175,,
2018-06-25,77.4298,22.1014,15.8926,1.1775,169.6746,5.888225,8.364775,115.4238,2018,176,,
2018-06-26,81.548,24.700599999999998,26.3135,0.38930000000000003,171.89010000000002,6.046475,12.224975,132.5621,2018,177,,
2018-06-27,81.2012,19.9737,17.145400000000002,0.0081,171.9867,5.487025,23.151925,118.3203,2018,178,,
2018-06-28,94.8371,25.3375,20.291,1.2526,178.5222,4.17545,29.811375,140.4656,2018,179,,
2018-06-29,109.9902,19.892400000000002,8.729,3.5307000000000004,172.5144,5.028524999999999,39.1739,138.6116,2018,180,,
2018-06-30,104.458,9.8775,11.2462,4.6025,142.977,6.93875,33.378699999999995,125.5817,2018,181,,
2018-07-01,90.0603,8.0158,5.5853,13.6065,124.6987,7.67265,8.76135,103.6614,2018,182,,
2018-07-02,80.13369999999999,17.177400000000002,19.021,1.9564000000000001,161.6375,7.96795,1.573525,116.3321,2018,183,,
2018-07-03,77.844,20.144299999999998,14.2034,0.7328,166.485,7.114199999999999,0.7567,112.1917,2018,184,,
2018-07-04,78.8546,27.791900000000002,22.7258,0.7589000000000001,168.3736,6.641525,3.6301,129.3723,2018,185,,
2018-07-05,77.3618,20.363,13.469,0.1144,169.50379999999998,7.248425,7.8616,111.1938,2018,186,,
2018-07-06,85.3712,16.6757,9.4215,5.6211,166.1146,4.496449999999999,29.072200000000002,111.46839999999999,2018,187,,
2018-07-07,101.44330000000001,8.8184,0.8075,17.2065,139.2775,6.60885,32.33705,111.06920000000001,2018,188,,
2018-07-08,90.1194,15.6244,3.283,15.3315,125.5183,6.452725,18.56305,109.0268,2018,189,,
2018-07-09,81.62589999999999,19.096700000000002,10.2332,0.24180000000000001,163.6678,6.580425,15.210450000000002,110.95579999999998,2018,190,,
2018-07-10,77.21889999999999,18.8143,12.4992,1.3836,167.1707,5.779875,4.9582749999999995,108.5324,2018,191,,
2018-07-11,77.3635,23.0308,14.823,0.0698,165.0898,4.458525,4.192875,115.2173,2018,192,,
2018-07-12,77.39989999999999,21.2163,14.967799999999999,0.3412,165.56629999999998,7.6289750000000005,9.2217,113.58399999999999,2018,193,,
2018-07-13,78.07260000000001,20.36,9.267700000000001,0.32289999999999996,161.9225,7.00765,17.267049999999998,107.70030000000001,2018,194,,
2018-07-14,68.30030000000001,16.0147,3.4835,1.6080999999999999,137.2244,7.0645,7.8408,87.79850000000002,2018,195,,
2018-07-15,61.632400000000004,14.6081,2.2475,5.9834,125.73530000000001,7.098325,3.989425,78.488,2018,196,,
2018-07-16,61.9739,16.0461,13.133899999999999,1.9899,161.02970000000002,6.79105,3.5966750000000003,91.1539,2018,197,,
2018-07-17,62.12,13.2979,5.3238,2.1315,164.84629999999999,6.32185,26.727425,80.74170000000001,2018,198,,
2018-07-18,61.5682,18.3522,3.7515,2.3651,164.96970000000002,6.586475,41.5808,83.6719,2018,199,,
2018-07-19,60.6773,16.7193,9.7158,0.7569,165.4882,6.26295,25.430225,87.11240000000001,2018,200,,
2018-07-20,57.993900000000004,16.1597,11.0091,0.1474,161.5959,7.67295,7.48545,85.16270000000002,2018,201,,
2018-07-21,57.215900000000005,13.4229,6.1285,0.0086,138.1587,5.366175,9.017725,76.7673,2018,202,,
2018-07-22,60.1774,10.9674,4.5928,2.2457,125.5449,4.66765,11.93775,75.7376,2018,203,,
2018-07-23,65.94139999999999,19.3353,17.7222,0.2243,160.0226,5.85765,33.657875,102.99889999999999,2018,204,,
2018-07-24,66.6661,21.8445,21.4154,0.232,162.76829999999998,6.7329,16.440325,109.926,2018,205,,
2018-07-25,62.244099999999996,18.4894,18.946099999999998,0.4268,163.16379999999998,6.9022,15.494774999999999,99.6796,2018,206,,
2018-07-26,58.5859,14.065700000000001,7.7562,1.4805,164.2826,6.617425,20.056625,80.40780000000001,2018,207,,
2018-07-27,56.3544,9.2695,6.0482,2.4724,160.90179999999998,6.75345,6.6735,71.67209999999999,2018,208,,
2018-07-28,49.808800000000005,8.8119,3.2731,10.2941,136.2278,7.160725,1.098875,61.893800000000006,2018,209,,
2018-07-29,44.562400000000004,8.326799999999999,4.7846,17.706799999999998,125.0326,6.80265,14.505275,57.6738,2018,210,,
2018-07-30,46.4362,11.5466,11.6108,4.5011,159.3654,7.244975,8.35225,69.5936,2018,211,,
2018-07-31,46.773,10.8035,9.751,5.3576999999999995,162.9425,7.019875,11.58985,67.3275,2018,212,,
2018-08-01,55.719,12.764899999999999,9.58,4.9532,170.7186,7.20545,5.057875,78.0639,2018,213,,
2018-08-02,56.757,19.023,20.396,1.0294,173.52429999999998,6.475775,1.93815,96.176,2018,214,,
2018-08-03,60.556,21.2671,17.775299999999998,1.5124000000000002,168.0436,6.4818,3.74905,99.5984,2018,215,,
2018-08-04,57.5259,11.0954,3.0621,0.38430000000000003,145.4665,6.85555,2.679425,71.6834,2018,216,,
2018-08-05,52.3194,7.7729,3.309,11.7539,135.0555,6.18065,4.771375,63.4013,2018,217,,
2018-08-06,55.2281,16.9117,17.973599999999998,3.4862,163.7835,6.978625,2.778025,90.11339999999998,2018,218,,
2018-08-07,56.7158,17.986900000000002,12.3552,2.0278,167.8075,6.0542,9.638725,87.0579,2018,219,,
2018-08-08,58.1021,13.693200000000001,1.205,8.779,168.5638,6.48545,17.925675,73.0003,2018,220,,
2018-08-09,56.6412,10.2313,4.5355,1.0608,169.9977,6.94285,18.7568,71.408,2018,221,,
2018-08-10,55.710800000000006,8.274299999999998,2.3028000000000004,8.585799999999999,168.9307,5.056825,22.217925,66.28790000000001,2018,222,,
2018-08-11,57.5892,5.775600000000001,1.6275,14.4036,142.368,5.560125,13.0246,64.9923,2018,223,,
2018-08-12,48.679300000000005,6.8515,3.658,17.051599999999997,130.4253,7.419625,12.881225,59.18880000000001,2018,224,,
2018-08-13,50.906,16.952,18.181,0.8589,165.5146,6.535675,17.213849999999997,86.039,2018,225,,
2018-08-14,58.8086,10.565299999999999,9.4254,2.267,168.5605,3.451975,22.614875,78.79929999999999,2018,226,,
2018-08-15,55.9386,12.7507,4.155600000000001,3.0579,137.0373,5.371125,25.697125,72.84490000000001,2018,227,,
2018-08-16,51.905,11.6894,5.8703,2.7105,161.2773,6.810775,3.979275,69.4647,2018,228,,
2018-08-17,50.0062,11.9958,5.5063,0.9187,162.70229999999998,7.139625,2.710775,67.50829999999999,2018,229,,
2018-08-18,48.020300000000006,11.1875,4.5893999999999995,4.0894,144.0444,6.1472,1.233625,63.797200000000004,2018,230,,
2018-08-19,45.0003,10.007100000000001,1.3657000000000001,12.809299999999999,133.2187,6.241524999999999,1.829275,56.3731,2018,231,,
2018-08-20,48.0507,22.8499,17.954099999999997,3.437,172.7045,6.07275,3.517225,88.8547,2018,232,,
2018-08-21,50.061099999999996,17.6975,14.1733,0.1527,175.63739999999999,6.2825,13.72335,81.9319,2018,233,,
2018-08-22,50.3197,17.139599999999998,20.2047,0.0318,176.9077,6.057975000000001,6.243175,87.664,2018,234,,
2018-08-23,51.322199999999995,18.722,13.271700000000001,0.18330000000000002,179.3237,5.54965,14.2509,83.31589999999998,2018,235,,
2018-08-24,53.9591,9.888399999999999,5.9918000000000005,3.4587,174.99939999999998,4.801625,8.1158,69.8393,2018,236,,
2018-08-25,61.3159,12.4498,4.6351,4.9494,149.2254,1.956175,17.936474999999998,78.40079999999999,2018,237,,
2018-08-26,87.0776,9.814,1.7282,30.322400000000002,135.3431,2.8409250000000004,27.928974999999998,98.61980000000001,2018,238,,
2018-08-27,77.42580000000001,12.0334,6.9195,14.4336,166.6291,6.796475,9.433125,96.37870000000001,2018,239,,
2018-08-28,67.7068,20.1782,17.1355,0.6929,171.4041,5.774100000000001,4.388225,105.0205,2018,240,,
2018-08-29,63.6727,15.8504,11.1505,3.8278000000000003,173.6658,6.4528,15.91005,90.6736,2018,241,,
2018-08-30,64.1995,16.5028,8.5181,6.505199999999999,178.65120000000002,3.8655749999999998,21.43205,89.22040000000001,2018,242,,
2018-08-31,78.627,15.211200000000002,4.5092,4.674,172.3736,5.0283500000000005,5.61175,98.3474,2018,243,,
2019-06-01,122.9086,15.2873,2.388,19.479200000000002,136.7248,3.214,19.252,140.5839,2019,152,29.795833333333334,22.509999999999998
2019-06-02,126.35589999999999,17.1376,2.266,20.6481,126.2295,3.709,4.624,145.75949999999997,2019,153,21.442916666666665,47.150000000000006
2019-06-03,123.459,22.208,21.736900000000002,6.2871999999999995,166.11870000000002,3.817,0.459,167.4039,2019,154,36.885,30.86
2019-06-04,121.5228,21.057299999999998,16.5463,1.6174000000000002,169.33520000000001,3.865,1.595,159.12640000000002,2019,155,38.61958333333333,26.289999999999996
2019-06-05,119.43610000000001,22.2338,25.8362,6.3116,171.89579999999998,3.81,7.838,167.5061,2019,156,37.73041666666666,30.14
2019-06-06,116.9697,25.5856,31.0175,6.3789,174.8682,3.087,16.198,173.57279999999997,2019,157,36.089999999999996,33.37
2019-06-07,116.7594,21.716,17.9602,2.2589,167.32420000000002,3.639,13.626,156.43560000000002,2019,158,36.96458333333333,41.3
2019-06-08,117.63289999999999,16.1098,1.5811,21.3871,141.2115,3.407,33.096,135.32379999999998,2019,159,28.74416666666667,3.9899999999999984
2019-06-09,123.2277,18.4138,8.7614,17.338099999999997,124.83239999999999,3.949,5.454,150.40290000000002,2019,160,22.0525,38.66
2019-06-10,120.438,20.8989,3.2149,7.072100000000001,132.4291,3.656,29.569,144.55180000000001,2019,161,31.35166666666667,14.850000000000001
2019-06-11,109.5912,27.5083,31.489900000000002,2.5936,171.82979999999998,3.383,27.992,168.5894,2019,162,43.98833333333334,31.970000000000002
2019-06-12,107.2513,19.1271,18.441200000000002,0.36160000000000003,176.72879999999998,3.961,32.951,144.8196,2019,163,43.4325,28.65
2019-06-13,108.9053,14.883299999999998,6.0241999999999996,4.4718,174.90210000000002,3.852,12.889,129.8128,2019,164,39.26125,49.120000000000005
2019-06-14,117.41369999999999,14.5845,12.8482,2.7241999999999997,174.4025,4.277,9.106,144.8464,2019,165,41.27,34.86
2019-06-15,116.3481,16.24,0.0411,13.5349,150.4405,3.454,25.117,132.6292,2019,166,30.685833333333335,16.660000000000004
2019-06-16,114.6249,15.733799999999999,4.5258,17.1034,134.2932,2.853,37.601,134.8845,2019,167,30.499583333333334,26.06
2019-06-17,113.6629,21.875700000000002,19.7252,4.2006000000000006,170.8082,3.117,18.423,155.2638,2019,168,40.558749999999996,39.19
2019-06-18,109.7116,20.8081,18.0063,3.101,173.453,3.482,2.828,148.526,2019,169,41.53791666666667,33.05
2019-06-19,109.2695,23.2204,18.304,1.442,175.4048,3.478,6.406,150.7939,2019,170,40.70375,22.279999999999994
2019-06-20,111.4164,24.822400000000002,13.7477,3.1852,140.17270000000002,3.302,4.313,149.9865,2019,171,36.16916666666666,21.61
2019-06-21,111.1448,24.586299999999998,17.4604,5.3755,156.9928,2.964,10.751,153.1915,2019,172,38.21041666666667,16.290000000000003
2019-06-22,112.76939999999999,22.661,6.1371,1.0613,143.9597,2.247,6.6,141.5675,2019,173,31.61708333333333,9.129999999999999
2019-06-23,114.0222,17.6253,4.9268,10.4064,132.2301,2.097,7.368,136.5743,2019,174,21.15375,38.06999999999999
2019-06-24,106.05539999999999,22.793,14.482700000000001,5.7813,168.5016,3.528,12.418,143.3311,2019,175,34.1575,32.14
2019-06-25,101.5511,28.2069,21.4004,1.8275,175.2221,4.048,7.468,151.1584,2019,176,39.62208333333333,45.790000000000006
2019-06-26,103.1923,27.7057,13.7793,0.0,178.6803,4.267,13.268,144.6773,2019,177,38.27458333333333,29.509999999999998
2019-06-27,102.83030000000001,27.979400000000002,20.2516,1.1593,184.086,3.707,22.825,151.06130000000002,2019,178,35.29291666666666,27.979999999999997
2019-06-28,103.9294,29.1393,21.4696,0.0,170.0229,3.986,18.405,154.5383,2019,179,42.378750000000004,33.74000000000001
2019-06-29,104.7282,26.5639,15.7501,1.084,143.5495,4.047,1.036,147.0422,2019,180,32.95666666666667,29.000000000000004
2019-06-30,94.8,22.437900000000003,11.5291,6.7963000000000005,134.6376,4.226,25.399,128.767,2019,181,16.440833333333334,71.19
2019-07-01,93.862,25.4242,15.3045,1.6987,177.5581,3.57,11.738,134.5907,2019,182,32.9825,28.16
2019-07-02,96.9646,27.129,17.226200000000002,1.0026,177.7562,2.454,8.509,141.31980000000001,2019,183,34.007083333333334,26.21
2019-07-03,91.86460000000001,23.622,16.4144,1.6832,172.16979999999998,3.398,9.375,131.901,2019,184,34.60875,21.02
2019-07-04,90.03089999999999,23.4746,14.9162,1.1612,170.4409,3.662,3.846,128.4217,2019,185,33.983333333333334,16.919999999999998
2019-07-05,87.3978,26.214299999999998,23.882,1.1020999999999999,169.5955,3.522,12.755,137.4941,2019,186,35.14208333333333,18.28
2019-07-06,82.591,22.791900000000002,11.376100000000001,0.4843,145.5241,3.898,9.345,116.75899999999999,2019,187,29.837083333333336,11.869999999999997
2019-07-07,81.5043,20.1896,6.3042,12.3651,133.9563,2.484,30.948,107.9981,2019,188,24.91541666666667,28.630000000000003
2019-07-08,84.153,23.9931,10.3598,0.7856000000000001,166.7587,1.969,10.198,118.5059,2019,189,35.692083333333336,13.349999999999998
2019-07-09,82.1009,22.8908,14.7245,2.909,168.5786,2.912,7.497,119.7162,2019,190,37.27708333333333,17.57
2019-07-10,76.15469999999999,22.6665,18.7746,0.0,165.5425,3.101,17.681,117.5958,2019,191,41.44708333333333,20.269999999999996
2019-07-11,72.126,25.167900000000003,21.443900000000003,0.0,166.9532,2.867,9.591,118.73780000000001,2019,192,45.888749999999995,18.990000000000002
2019-07-12,74.1284,24.4882,22.196900000000003,0.0,165.7946,2.212,7.988,120.8135,2019,193,45.244166666666665,21.07
2019-07-13,79.0536,18.0745,8.4197,2.8202,142.33079999999998,2.371,20.675,105.54780000000001,2019,194,37.24375,7.690000000000005
2019-07-14,84.8938,14.818,8.7275,7.094,128.7779,2.747,25.451,108.4393,2019,195,35.614583333333336,11.68
2019-07-15,81.55030000000001,18.975,10.2859,0.8324,160.61520000000002,3.106,10.751,110.81120000000001,2019,196,41.54708333333333,15.130000000000003
2019-07-16,73.3043,20.3107,13.1345,1.5983,163.04170000000002,3.086,12.156,106.7495,2019,197,42.895833333333336,19.509999999999998
2019-07-17,69.6112,24.7443,13.3976,0.0,164.5554,3.538,6.493,107.75309999999999,2019,198,45.84583333333333,17.519999999999996
2019-07-18,67.8041,20.9053,6.917800000000001,0.0,167.27110000000002,3.145,3.141,95.6272,2019,199,44.229166666666664,16.11
2019-07-19,67.5836,21.533,11.1375,0.73,164.2714,3.142,2.77,100.25410000000001,2019,200,45.04791666666667,19.35
2019-07-20,62.5353,15.5379,1.6782000000000001,3.3516999999999997,143.9794,3.719,6.53,79.7514,2019,201,35.91625,9.189999999999998
2019-07-21,62.452,14.5432,1.4245999999999999,10.446299999999999,133.1283,2.751,15.051,78.4198,2019,202,34.7975,16.74
2019-07-22,65.3137,21.5318,9.7829,1.7359,165.8044,3.402,5.001,96.6284,2019,203,43.2575,19.32
2019-07-23,64.5976,22.9827,15.228200000000001,1.509,169.8684,3.537,10.364,102.8085,2019,204,47.23333333333333,26.889999999999993
2019-07-24,63.8019,21.680400000000002,24.6948,0.0,171.1406,3.933,2.294,110.17710000000001,2019,205,51.48416666666666,35.690000000000005
2019-07-25,63.150800000000004,24.847099999999998,24.6238,0.0,174.0252,3.867,3.094,112.6217,2019,206,50.32041666666667,30.68
2019-07-26,64.6472,21.9651,12.375399999999999,0.9572999999999999,168.9174,3.681,6.275,98.9877,2019,207,46.98875,19.57
2019-07-27,62.996300000000005,13.8883,0.26330000000000003,9.0137,144.7089,2.855,15.329,77.1479,2019,208,36.77,5.43
2019-07-28,67.301,16.5484,0.0018,19.463,133.21079999999998,2.778,14.354,83.8512,2019,209,32.08583333333333,15.86
2019-07-29,85.3733,25.6311,19.529400000000003,3.7681999999999998,162.2806,2.147,13.374,130.5338,2019,210,46.149166666666666,27.619999999999997
2019-07-30,90.9722,18.381700000000002,12.9282,4.141,163.6669,3.035,30.648,122.28210000000001,2019,211,43.377916666666664,15.630000000000003
2019-07-31,83.2835,20.047900000000002,13.851799999999999,1.4219000000000002,164.3052,2.553,21.241,117.1832,2019,212,49.73166666666666,32.1
2019-08-01,80.62910000000001,21.4577,13.529200000000001,1.3051,161.04,3.103,13.216,115.61600000000001,2019,213,44.6325,28.210000000000008
2019-08-02,79.02810000000001,23.419400000000003,13.9904,0.6814,160.7432,2.037,2.119,116.43790000000001,2019,214,44.01958333333334,12.030000000000001
2019-08-03,86.57039999999999,16.1512,3.417,1.9467999999999999,137.63410000000002,2.553,23.766,106.1386,2019,215,36.531666666666666,11.86
2019-08-04,87.4653,13.342600000000001,10.3565,5.430899999999999,123.1945,3.001,9.2,111.1644,2019,216,34.99,18.74
2019-08-05,78.46860000000001,20.7377,19.4462,0.0,155.3367,3.012,3.174,118.65250000000002,2019,217,47.13083333333333,21.919999999999995
2019-08-06,71.6138,21.917099999999998,17.0077,0.0,161.08270000000002,2.939,5.787,110.5386,2019,218,42.08958333333333,20.18
2019-08-07,72.34519999999999,24.067,16.375899999999998,0.0,163.6026,2.608,8.947,112.78809999999999,2019,219,41.39416666666667,10.060000000000002
2019-08-08,73.9412,24.3592,10.196299999999999,2.2283000000000004,160.5005,2.926,11.033,108.49669999999999,2019,220,34.80083333333334,15.380000000000003
2019-08-09,74.1015,24.7254,18.5901,0.104,158.43929999999997,3.432,6.244,117.417,2019,221,38.88791666666666,22.66
2019-08-10,69.66680000000001,20.0579,3.0456999999999996,2.2331999999999996,143.3618,3.2,13.371,92.77040000000001,2019,222,29.457916666666666,24.04
2019-08-11,65.6842,17.0177,3.36,4.381600000000001,129.5595,2.801,10.887,86.06190000000001,2019,223,21.749583333333334,46.01
2019-08-12,63.0226,22.319200000000002,10.7431,2.3063000000000002,163.6224,2.854,16.481,96.0849,2019,224,41.06166666666667,43.65
2019-08-13,70.3666,23.1233,4.3582,6.754,163.7252,2.149,26.423,97.8481,2019,225,37.620416666666664,20.63
2019-08-14,80.0098,22.5018,13.681799999999999,2.5798,157.511,2.443,24.524,116.1934,2019,226,37.60166666666667,32.96
2019-08-15,80.0963,19.2603,1.7984,8.3537,131.8549,2.951,3.416,101.155,2019,227,30.650833333333335,15.900000000000002
2019-08-16,72.908,18.7852,10.9324,1.883,149.9667,2.507,17.483,102.6256,2019,228,35.388333333333335,27.42
2019-08-17,70.6407,14.0021,7.402399999999999,1.9883,137.7074,2.779,2.704,92.0452,2019,229,26.365416666666665,27.47
2019-08-18,63.8705,12.206,6.3071,1.4405,129.3818,3.148,13.102,82.3836,2019,230,28.052916666666665,27.9
2019-08-19,59.0524,17.208,13.6134,1.7107,170.3226,2.692,16.479,89.8738,2019,231,35.95708333333334,25.139999999999997
2019-08-20,64.1449,21.4512,18.113400000000002,0.003,174.8555,2.176,8.297,103.7095,2019,232,39.80708333333333,25.61
2019-08-21,66.835,22.2163,12.0929,2.815,173.89,1.774,40.581,101.1442,2019,233,41.434999999999995,37.67999999999999
2019-08-22,76.0457,21.5972,8.0668,3.389,171.6061,2.765,8.918,105.7097,2019,234,36.74125,25.33
2019-08-23,74.02189999999999,20.694200000000002,22.408,0.0,170.0936,2.223,2.639,117.12409999999998,2019,235,37.01208333333333,25.699999999999996
2019-08-24,68.8864,13.195200000000002,4.4834,1.8242,147.48770000000002,2.535,5.496,86.565,2019,236,32.45875,15.560000000000002
2019-08-25,64.0546,16.594,10.252,1.5567,134.17270000000002,2.658,4.538,90.90059999999998,2019,237,30.635833333333334,22.12
2019-08-26,62.8915,22.725900000000003,14.1454,2.7929,170.5107,2.528,2.752,99.7628,2019,238,45.666666666666664,37.25999999999999
2019-08-27,63.1865,19.3368,7.2481,0.1958,173.93329999999997,2.703,7.642,89.7714,2019,239,46.42291666666667,28.759999999999998
2019-08-28,60.6008,19.0697,12.469299999999999,0.8896000000000001,175.737,2.949,9.363,92.13980000000001,2019,240,50.833333333333336,45.17
2019-08-29,58.2011,17.094099999999997,12.359399999999999,0.1093,177.56810000000002,2.215,6.588,87.65459999999999,2019,241,44.49666666666667,27.990000000000002
2019-08-30,60.707,16.2914,11.3216,0.0878,171.4424,2.187,9.215,88.32000000000001,2019,242,41.39083333333333,20.240000000000002
2019-08-31,58.0221,15.5684,18.8513,0.0,146.8117,2.783,4.735,92.4418,2019,243,33.67125,19.18
2020-06-01,72.1327,6.4623,4.9657,20.7894,122.73660000000001,3.481,32.399,83.5607,2020,153,8.695416666666667,36.02
2020-06-02,70.3433,11.361799999999999,16.6612,3.7885,154.7833,3.909,32.111,98.3663,2020,154,27.10625,40.35
2020-06-03,71.4983,15.1564,19.7909,0.1754,159.49360000000001,3.98,11.246,106.44560000000001,2020,155,28.395,27.430000000000003
2020-06-04,75.5482,19.5224,33.885,0.3526,161.7858,3.669,21.163,128.9556,2020,156,26.5525,25.93
2020-06-05,90.2665,14.6025,7.1475,5.5397,158.9506,1.914,10.93,112.0165,2020,157,24.218333333333334,20.560000000000002
2020-06-06,89.2204,7.9683,7.2329,26.4572,133.4303,3.889,21.036,104.4216,2020,158,6.892916666666667,27.37
2020-06-07,86.21119999999999,12.5884,6.7832,14.2739,124.6048,3.273,28.112,105.58279999999999,2020,159,17.613333333333333,21.64
2020-06-08,85.1745,25.0118,37.353699999999996,3.8675,160.0747,2.01,28.241,147.54,2020,160,31.162499999999998,19.700000000000003
2020-06-09,94.6071,24.733400000000003,21.7637,3.3913,164.5884,1.952,10.135,141.1042,2020,161,36.01291666666667,27.44
2020-06-10,102.0291,24.8171,22.294700000000002,2.2579000000000002,165.80110000000002,2.054,4.601,149.1409,2020,162,31.2625,20.05
2020-06-11,115.50919999999999,17.474400000000003,0.45380000000000004,10.642299999999999,127.591,3.914,0.845,133.4374,2020,163,24.063333333333333,11.689999999999998
2020-06-12,109.23819999999999,14.589,3.6874000000000002,12.758,140.0704,4.912,2.193,127.51459999999999,2020,164,21.102500000000003,11.510000000000002
2020-06-13,108.3142,12.881,1.2270999999999999,11.7886,128.6729,4.498,3.114,122.42229999999999,2020,165,19.895,10.120000000000001
2020-06-14,102.1712,18.1187,4.4493,16.4173,123.8177,2.296,30.268,124.7392,2020,166,18.76875,13.42
2020-06-15,106.7435,27.591900000000003,39.941900000000004,1.2590999999999999,162.2585,1.853,30.406,174.2773,2020,167,31.05333333333333,26.120000000000005
2020-06-16,113.0255,28.071900000000003,37.2518,0.0,162.9084,1.491,26.94,178.3492,2020,168,33.96875,20.76
2020-06-17,112.25269999999999,25.5333,27.341,0.062299999999999994,162.7505,3.117,16.688,165.127,2020,169,36.870416666666664,27.189999999999998
2020-06-18,113.2097,21.044,26.645799999999998,7.2924,162.34570000000002,2.217,41.612,160.89950000000002,2020,170,31.79958333333333,14.170000000000002
2020-06-19,112.3795,22.8609,27.7452,0.6572,158.351,3.538,26.917,162.9856,2020,171,29.855,15.599999999999998
2020-06-20,116.69139999999999,14.96,3.3383,11.777,137.761,3.03,56.803,134.9897,2020,172,24.08458333333333,19.669999999999998
2020-06-21,119.3225,13.0528,1.9412,22.9157,129.29410000000001,1.433,59.732,134.31650000000002,2020,173,19.447916666666668,24.67
2020-06-22,113.3253,22.931900000000002,29.5954,3.1494,160.6248,3.748,47.773,165.85260000000002,2020,174,29.719166666666666,17.97
2020-06-23,108.9242,23.6388,34.4207,0.0,161.15189999999998,4.123,41.367,166.9837,2020,175,32.35708333333333,19.240000000000002
2020-06-24,102.2881,23.6,28.8368,0.0,161.7483,3.956,13.333,154.72490000000002,2020,176,35.49041666666667,20.279999999999998
2020-06-25,101.2033,25.6935,28.0418,1.8004,165.17260000000002,3.652,2.301,154.9386,2020,177,34.800000000000004,18.700000000000003
2020-06-26,101.7239,22.2777,26.828400000000002,3.925,158.6499,3.961,21.971,150.82999999999998,2020,178,34.92458333333334,21.209999999999997
2020-06-27,100.67160000000001,17.5431,6.4089,6.5023,137.2235,4.291,3.526,124.62360000000001,2020,179,26.825,18.400000000000002
2020-06-28,100.55030000000001,14.228299999999999,3.1138000000000003,26.7305,127.94760000000001,4.39,5.607,117.89240000000001,2020,180,17.334166666666665,34.43
2020-06-29,107.1164,23.176,14.12,6.53,166.7125,2.351,18.23,144.4124,2020,181,28.49875,22.550000000000004
2020-06-30,115.62780000000001,20.571099999999998,19.0186,5.1866,164.4363,3.93,12.159,155.2175,2020,182,27.368750000000002,19.480000000000004
2020-07-01,109.81989999999999,27.2618,30.7909,1.9753,169.2488,3.849,7.756,167.87259999999998,2020,183,33.040416666666665,18.369999999999997
2020-07-02,114.5322,22.958599999999997,25.319200000000002,1.6396,168.5186,2.838,10.548,162.81,2020,184,38.952083333333334,25.31
2020-07-03,116.42760000000001,25.042099999999998,13.868,1.6774,162.31029999999998,2.142,27.569,155.3377,2020,185,35.294583333333335,24.290000000000003
2020-07-04,124.4927,14.0959,0.45280000000000004,25.0484,137.1936,3.339,7.504,139.04139999999998,2020,186,20.46,18.19
2020-07-05,111.1759,11.7196,1.8460999999999999,25.9689,126.7825,4.315,10.327,124.7416,2020,187,0.8624999999999998,74.93
2020-07-06,99.3074,19.624200000000002,17.089299999999998,4.948300000000001,166.62560000000002,3.489,24.533,136.0209,2020,188,23.999583333333334,31.47
2020-07-07,102.2792,22.742900000000002,24.9151,0.31860000000000005,161.01579999999998,3.863,25.492,149.93720000000002,2020,189,32.63708333333333,14.070000000000004
2020-07-08,94.538,27.9716,35.9122,0.7504,162.214,4.803,7.97,158.4218,2020,190,41.21375,25.45
2020-07-09,88.061,28.1904,22.7189,2.207,163.7995,4.307,7.585,138.9703,2020,191,42.17125,21.53
2020-07-10,89.16380000000001,19.701,18.0143,0.0,162.1248,4.712,20.961,126.8791,2020,192,37.14125,12.399999999999999
2020-07-11,101.41489999999999,18.3672,2.9679,9.048200000000001,142.4929,1.284,29.811,122.74999999999999,2020,193,28.769166666666667,14.719999999999995
2020-07-12,114.52260000000001,12.2787,3.3358000000000003,28.596,124.7517,3.762,22.845,130.1371,2020,194,24.798333333333332,22.980000000000004
2020-07-13,97.4617,20.6086,21.6595,4.868399999999999,156.7558,4.476,4.029,139.72979999999998,2020,195,34.31333333333333,20.490000000000002
2020-07-14,91.5001,24.4791,24.8354,0.6651,159.4351,4.287,5.636,140.8146,2020,196,36.67583333333334,18.31
2020-07-15,84.25280000000001,26.8002,41.1924,1.405,164.2025,3.774,12.63,152.24540000000002,2020,197,41.42458333333333,27.569999999999997
2020-07-16,86.566,28.8277,36.9848,3.1233,165.66070000000002,1.89,20.005,152.3785,2020,198,44.00583333333333,28.49
2020-07-17,102.57860000000001,26.3405,12.0053,0.5082,159.2453,3.029,23.313,140.92440000000002,2020,199,37.47708333333333,16.18
2020-07-18,113.8052,19.796200000000002,2.9691,15.2988,138.9854,2.046,17.018,136.5705,2020,200,29.355416666666667,15.250000000000004
2020-07-19,117.9087,13.3424,3.2811999999999997,22.1442,127.1725,2.574,6.818,134.53230000000002,2020,201,27.86583333333333,20.96
2020-07-20,106.6669,21.0493,15.9855,3.005,161.1985,3.972,2.932,143.7017,2020,202,33.580416666666665,17.9
2020-07-21,96.6683,19.6457,16.650299999999998,1.4465999999999999,166.375,4.397,3.587,132.9643,2020,203,33.04333333333333,15.84
2020-07-22,91.04960000000001,21.232200000000002,23.4554,0.2171,166.5121,3.349,2.343,135.73720000000003,2020,204,35.18333333333333,19.54
2020-07-23,90.2384,23.1813,24.482400000000002,0.022200000000000004,165.31789999999998,3.871,2.67,137.90210000000002,2020,205,36.70791666666667,16.24
2020-07-24,91.78389999999999,19.131,18.640700000000002,0.5147,161.4158,3.042,5.417,129.5556,2020,206,32.53541666666667,14.310000000000002
2020-07-25,97.1302,14.3757,3.0648,10.1639,137.2936,2.949,6.782,114.5707,2020,207,26.961249999999996,11.780000000000001
2020-07-26,88.37,12.8423,4.9937,20.8474,127.02489999999999,3.202,4.642,106.206,2020,208,20.40041666666667,36.54
2020-07-27,79.1554,22.9242,21.3465,0.7389,154.8928,4.16,9.216,123.42609999999999,2020,209,33.46041666666667,15.309999999999999
2020-07-28,78.99210000000001,17.041900000000002,15.1074,7.7108,161.6849,4.324,14.411,111.1414,2020,210,31.0775,18.209999999999997
2020-07-29,85.518,20.225900000000003,18.9228,1.6596,161.88139999999999,3.082,7.909,124.66669999999999,2020,211,31.662916666666664,13.320000000000004
2020-07-30,83.6388,18.9945,29.8744,0.4249,159.47670000000002,4.129,2.127,132.5077,2020,212,36.814166666666665,31.81
2020-07-31,76.5175,25.0987,30.3602,1.0814000000000001,155.9101,4.41,7.284,131.97639999999998,2020,213,39.41375,22.4
2020-08-01,75.8,14.268799999999999,7.7789,13.6419,135.925,4.434,3.654,97.8477,2020,214,29.490416666666665,14.220000000000002
2020-08-02,74.5264,14.8553,3.2873,14.978399999999999,127.7449,3.216,6.607,92.669,2020,215,28.862083333333334,13.34
2020-08-03,96.2149,26.3834,26.4041,2.6469,158.4247,0.984,3.507,149.0024,2020,216,36.72166666666667,20.390000000000004
2020-08-04,100.98360000000001,28.1719,18.7684,3.2146,159.3928,2.009,24.567,147.9239,2020,217,36.385,23.84
2020-08-05,96.31869999999999,19.713,17.680799999999998,5.847899999999999,156.5588,2.223,42.495,133.7125,2020,218,30.477500000000003,23.9
2020-08-06,112.84819999999999,20.24,20.7389,1.6879000000000002,153.7896,3.895,15.621,153.8271,2020,219,34.001666666666665,30.12
2020-08-07,114.5512,24.4203,26.8019,0.0,151.6333,4.113,4.561,165.77339999999998,2020,220,36.38916666666667,22.63
2020-08-08,110.09660000000001,17.7695,16.121100000000002,3.857,133.98420000000002,4.336,1.52,143.98720000000003,2020,221,32.293749999999996,15.240000000000002
2020-08-09,100.9067,15.5108,7.7074,12.5619,124.9734,4.058,2.689,124.1249,2020,222,28.767083333333332,16.32
2020-08-10,89.635,21.936700000000002,31.3167,1.4735,158.9795,4.123,3.44,142.88840000000002,2020,223,37.36875,26.64
2020-08-11,88.0927,18.9151,25.4642,0.0687,162.8065,3.533,3.628,132.47199999999998,2020,224,36.96125,16.450000000000003
2020-08-12,88.4895,17.5371,26.085,4.746,162.1465,3.636,0.857,132.1116,2020,225,36.82875,30.349999999999998
2020-08-13,87.0174,24.977700000000002,22.3427,2.21,164.58,3.311,13.734,134.3378,2020,226,38.82083333333333,25.25
2020-08-14,95.6812,26.6495,12.0329,3.5576999999999996,158.2815,2.132,2.923,134.36360000000002,2020,227,40.19541666666667,21.560000000000002
2020-08-15,98.8365,14.9679,6.3624,11.2568,130.6376,2.712,7.296,120.1668,2020,228,31.860833333333332,13.86
2020-08-16,88.5354,12.299299999999999,6.5892,19.3853,126.9768,3.38,1.954,107.4239,2020,229,28.71083333333333,20.55
2020-08-17,85.7231,22.207099999999997,34.0211,3.717,163.71429999999998,2.426,4.753,141.9513,2020,230,40.33541666666667,33.01
2020-08-18,96.20739999999999,22.1018,22.4142,0.0,167.164,2.546,12.403,140.7234,2020,231,42.23458333333333,28.129999999999995
2020-08-19,98.2649,21.1318,22.1902,0.1612,163.1773,3.345,23.481,141.58689999999999,2020,232,38.26083333333333,22.96
2020-08-20,88.61760000000001,21.389,29.7543,2.3321,165.4895,3.8,1.483,139.7609,2020,233,38.08291666666667,38.099999999999994
2020-08-21,81.169,15.6822,22.6037,3.4565,164.2467,3.961,18.482,119.4549,2020,234,32.30125,20.86
2020-08-22,76.76180000000001,11.493799999999998,7.390899999999999,3.6411,145.8628,3.234,17.073,95.6465,2020,235,27.238333333333333,14.77
2020-08-23,93.2916,9.7131,4.2001,26.5016,131.8449,3.077,19.482,107.2048,2020,236,21.895,37.51
2020-08-24,83.0976,21.934,33.572300000000006,3.5051,166.5304,2.396,10.878,138.6039,2020,237,44.74125,44.66
2020-08-25,79.13889999999999,20.707,22.8598,0.731,166.706,3.474,12.012,122.70570000000001,2020,238,38.968333333333334,24.85
2020-08-26,72.8558,12.7175,12.079600000000001,8.4001,169.2879,3.556,24.874,97.6529,2020,239,33.57416666666666,30.019999999999996
2020-08-27,68.9114,21.3685,33.1395,4.6779,168.6923,3.382,28.612,123.4194,2020,240,48.07375,64.03999999999999
2020-08-28,69.5662,19.6673,19.7918,5.1497,164.2161,3.222,23.331,109.02529999999999,2020,241,41.16166666666667,22.169999999999998
2020-08-29,80.6688,19.055,4.499,11.7445,143.6269,2.347,5.052,104.2228,2020,242,35.76375,18.599999999999998
2020-08-30,101.7637,18.319200000000002,0.2631,14.043299999999999,132.8055,1.627,25.675,120.34599999999999,2020,243,33.80958333333333,13.900000000000002
2020-08-31,105.94669999999999,24.9649,14.820799999999998,3.3806,166.52470000000002,1.929,32.547,145.73239999999998,2020,244,54.03666666666667,51.14
2021-06-01,104.8299,17.8882,15.4515,0.0,167.7918,4.205,6.559,138.1696,2021,152,68.24916666666667,31.699999999999996
2021-06-02,106.4518,16.2035,12.3116,2.4291,166.928,4.191,3.985,134.9669,2021,153,66.53875000000001,29.510000000000005
2021-06-03,107.9754,18.910700000000002,14.200700000000001,4.7633,137.57520000000002,4.747,2.61,141.0868,2021,154,63.12625,31.53
2021-06-04,110.443,21.624200000000002,26.322599999999998,0.0,153.1576,4.283,6.172,158.3898,2021,155,71.79666666666667,26.900000000000006
2021-06-05,116.7168,20.121,9.0603,4.3628,140.712,3.816,8.211,145.89810000000003,2021,156,62.71083333333333,23.610000000000007
2021-06-06,125.86319999999999,19.057299999999998,3.0681,14.4811,134.0454,2.405,11.649,147.9886,2021,157,59.09458333333333,32.489999999999995
2021-06-07,123.74419999999999,23.45,23.9043,0.0,168.3988,3.63,6.544,171.0985,2021,158,77.33791666666666,30.03
2021-06-08,123.689,23.4195,20.9358,0.0,171.2005,3.879,5.371,168.0443,2021,159,76.81583333333333,35.67
2021-06-09,122.87960000000001,22.9468,21.0213,0.0,173.0087,3.641,16.809,166.8477,2021,160,76.54875,32.59
2021-06-10,122.778,22.5363,27.1097,0.0,172.3667,3.478,14.147,172.424,2021,161,78.74083333333333,30.909999999999997
2021-06-11,123.652,22.772599999999997,22.999599999999997,0.0,168.7884,3.379,15.777,169.42419999999998,2021,162,78.00208333333333,31.61999999999999
2021-06-12,124.6738,17.0457,3.0091,15.152,144.36079999999998,3.798,16.672,144.7286,2021,163,40.123333333333335,99.72
2021-06-13,120.9055,16.2011,3.2584,24.927400000000002,130.0924,4.856,52.016,140.365,2021,164,19.5925,121.65
2021-06-14,119.685,21.264200000000002,21.556900000000002,3.2088,163.6694,4.431,15.822,162.50610000000003,2021,165,75.40666666666667,44.46
2021-06-15,115.81110000000001,23.7516,26.9345,0.0,168.8794,4.443,1.359,166.49720000000002,2021,166,82.67208333333333,31.97
2021-06-16,112.5242,25.059099999999997,23.148,0.0,171.2659,4.239,1.525,160.73129999999998,2021,167,85.105,51.28999999999999
2021-06-17,109.8444,21.8831,18.3429,2.2098,173.2595,4.311,11.019,150.0704,2021,168,80.07916666666667,49.56
2021-06-18,109.1508,22.0055,20.187900000000003,0.0315,170.9759,4.211,15.033,151.34420000000003,2021,169,80.33416666666666,34.83
2021-06-19,110.3948,20.337,13.7246,2.2616,147.025,4.175,3.758,144.4564,2021,170,71.02791666666667,38.8
2021-06-20,109.526,19.092299999999998,7.329,18.5812,136.9529,4.251,8.457,135.9473,2021,171,58.39291666666667,64.41
2021-06-21,106.8502,21.766299999999998,19.3968,2.3608000000000002,177.5396,3.915,10.671,148.01330000000002,2021,172,77.63250000000001,35.449999999999996
2021-06-22,111.52680000000001,21.59,21.9525,0.1973,179.7629,4.164,7.538,155.0693,2021,173,84.46708333333333,35.400000000000006
2021-06-23,109.7763,23.056,27.1966,0.6214,181.1025,4.057,13.765,160.0289,2021,174,92.36458333333333,69.20000000000002
2021-06-24,111.6865,23.9496,20.8328,4.2314,180.54410000000001,3.928,7.778,156.4689,2021,175,94.69375000000001,51.33
2021-06-25,110.064,22.223,18.116799999999998,0.0,172.59560000000002,3.338,27.091,150.4038,2021,176,89.5425,32.900000000000006
2021-06-26,109.4195,17.0439,9.850200000000001,3.7676999999999996,143.9799,4.258,11.708,136.3136,2021,177,79.50666666666667,30.039999999999992
2021-06-27,104.0416,15.346200000000001,7.4699,18.1687,133.11370000000002,4.462,1.953,126.8577,2021,178,66.00583333333333,71.25999999999999
2021-06-28,95.1022,21.2393,24.3706,0.2039,173.9303,4.06,4.982,140.7121,2021,179,88.78666666666668,55.03999999999999
2021-06-29,94.438,19.9187,23.073700000000002,0.7934,178.3956,3.93,10.453,137.43040000000002,2021,180,91.63958333333333,37.58
2021-06-30,96.38789999999999,19.365299999999998,23.670900000000003,0.877,174.5839,2.778,32.936,139.4241,2021,181,92.26666666666667,33.53
2021-07-01,100.7212,20.3659,22.7025,0.6744,171.56670000000003,3.032,35.233,143.7896,2021,182,89.355,31.760000000000005
2021-07-02,95.0525,20.842599999999997,27.3563,0.0,168.0924,3.621,32.278,143.2514,2021,183,97.04083333333334,39.81999999999999
2021-07-03,91.8403,16.47,9.3726,3.9359,141.9846,4.467,15.675,117.6829,2021,184,84.84625,33.95
2021-07-04,88.58019999999999,16.4318,2.7032,18.0868,133.6345,4.103,1.386,107.71519999999998,2021,185,82.63958333333333,35.85000000000001
2021-07-05,96.1935,24.2744,17.2005,6.879899999999999,171.0496,3.502,12.125,137.6684,2021,186,93.67666666666666,44.22999999999999
2021-07-06,91.9272,21.5185,13.3407,4.9654,175.8717,4.219,13.854,126.7864,2021,187,87.02166666666666,40.07
2021-07-07,84.0168,26.3244,31.3813,0.902,181.5207,4.008,13.589,141.7225,2021,188,100.75666666666666,58.41999999999999
2021-07-08,88.59360000000001,25.206799999999998,31.3637,0.8065,183.86870000000002,3.371,18.699,145.16410000000002,2021,189,109.4575,69.06000000000002
2021-07-09,105.1258,23.3216,5.6166,2.9677,171.16070000000002,3.157,30.339,134.064,2021,190,91.29791666666667,32.80999999999999
2021-07-10,105.4992,18.3945,6.628,13.391,142.30970000000002,4.621,11.0,130.5217,2021,191,81.29541666666667,29.799999999999997
2021-07-11,103.7063,18.1442,2.5751,18.675,134.1319,3.136,7.878,124.4256,2021,192,77.74,39.629999999999995
2021-07-12,105.54780000000001,21.6367,13.7828,4.8395,168.8647,3.871,8.163,140.96730000000002,2021,193,93.49416666666667,47.56999999999999
2021-07-13,98.7325,24.5302,20.4773,0.0883,179.0854,3.772,30.818,143.74,2021,194,95.00916666666666,32.92999999999999
2021-07-14,107.8195,23.788,16.4378,3.9146,177.5016,2.729,16.899,148.04530000000003,2021,195,88.61083333333333,40.61
2021-07-15,107.2405,25.0951,24.8878,1.0241,173.8525,3.34,8.263,157.2234,2021,196,88.93666666666667,31.430000000000007
2021-07-16,102.89389999999999,24.713900000000002,21.1319,1.8797000000000001,169.73,3.443,17.32,148.7397,2021,197,85.08291666666666,30.28
2021-07-17,107.1396,24.6801,5.2116999999999996,14.6855,150.04979999999998,2.204,19.75,137.03140000000002,2021,198,65.79125,50.980000000000004
2021-07-18,91.34819999999999,19.188200000000002,2.7724,14.4469,137.6662,2.752,34.472,113.30879999999999,2021,199,45.844166666666666,99.19
2021-07-19,85.845,21.9967,12.2626,6.0443,167.9528,3.711,36.39,120.10430000000001,2021,200,89.48,49.95
2021-07-20,102.2068,17.8418,19.733400000000003,0.0,165.78529999999998,3.681,24.803,139.78199999999998,2021,201,91.78125,37.47
2021-07-21,107.2059,17.5897,17.332,0.4248,164.2181,3.931,14.029,142.1276,2021,202,92.35000000000001,37.44
2021-07-22,106.8606,22.2832,22.1373,0.0451,166.2415,3.665,5.296,151.2811,2021,203,88.35541666666667,31.129999999999995
2021-07-23,105.1127,23.284200000000002,20.083,0.132,163.091,3.687,1.062,148.47990000000001,2021,204,88.90791666666667,31.89999999999999
2021-07-24,100.6101,17.0575,6.598599999999999,5.226,140.95510000000002,4.273,14.897,124.26620000000001,2021,205,75.91375000000001,27.109999999999992
2021-07-25,104.2415,16.8345,5.8683000000000005,19.9256,132.6804,4.119,12.011,126.9443,2021,206,61.020833333333336,45.12
2021-07-26,101.731,24.6513,26.8963,1.5534000000000001,165.95,3.482,7.672,153.27859999999998,2021,207,88.33166666666666,41.31
2021-07-27,103.1664,27.0141,25.815,2.0518,167.9556,3.574,10.026,155.9955,2021,208,87.07416666666666,41.22
2021-07-28,99.53580000000001,22.963900000000002,17.6007,1.6636,170.7234,3.165,15.17,140.1004,2021,209,85.08874999999999,41.75999999999999
2021-07-29,96.318,14.0587,14.0622,10.260200000000001,167.6621,3.873,9.754,124.4389,2021,210,69.59,58.07000000000001
2021-07-30,88.84060000000001,17.8424,21.1893,2.5795,163.1809,3.502,2.517,127.87230000000001,2021,211,70.64916666666666,63.58
2021-07-31,97.224,12.4137,1.4187,21.6925,143.5701,3.698,8.707,111.05640000000001,2021,212,47.68875,41.69
2021-08-01,111.2469,20.8146,3.8337000000000003,17.6293,150.8318,2.384,20.28,135.8952,2021,213,57.78875,31.83
2021-08-02,121.2485,21.9668,23.756700000000002,6.219,169.9574,3.129,15.538,166.972,2021,214,80.15625,63.52
2021-08-03,115.7024,28.665599999999998,31.2849,0.0,161.9855,2.868,4.778,175.6529,2021,215,96.07458333333334,53.03
2021-08-04,108.40910000000001,33.1675,37.552,0.0,161.019,2.64,4.668,179.1286,2021,216,97.7525,52.980000000000004
2021-08-05,113.1733,34.786,11.3881,0.5886,167.2608,1.499,19.38,159.3474,2021,217,93.92333333333333,54.19000000000001
2021-08-06,117.68730000000001,21.6483,13.614700000000001,6.422,168.06210000000002,3.38,13.656,152.9503,2021,218,67.41125,31.58
2021-08-07,117.2088,14.3226,5.6232,10.2531,153.1022,4.083,22.097,137.1546,2021,219,59.165416666666665,30.260000000000005
2021-08-08,111.43260000000001,17.1606,3.2167,16.089,149.9002,1.99,12.937,131.8099,2021,220,4.902916666666666,131.07999999999998
2021-08-09,112.0688,27.429599999999997,30.4208,0.0,160.39970000000002,3.823,6.347,169.9192,2021,221,67.50375,75.69
2021-08-10,112.1943,29.2536,30.927599999999998,0.6161,165.0161,3.748,5.092,172.3755,2021,222,90.39333333333333,75.41
2021-08-11,108.6242,30.1122,33.2491,0.0,163.97129999999999,3.619,10.3,171.9855,2021,223,100.63083333333333,58.40999999999998
2021-08-12,102.8119,31.4797,38.8795,0.0,162.95329999999998,3.774,2.117,173.1711,2021,224,106.47874999999999,59.769999999999996
2021-08-13,98.0868,30.5057,31.6197,0.7566,163.55960000000002,3.665,4.354,160.2122,2021,225,94.84416666666668,51.78
2021-08-14,94.6673,19.498,12.7187,2.356,147.0419,3.803,1.516,126.884,2021,226,70.53291666666667,38.190000000000005
2021-08-15,89.9243,15.706,7.6258,5.5102,139.2848,3.634,5.467,113.2561,2021,227,61.91458333333333,80.66
2021-08-16,91.4747,21.903299999999998,13.4802,5.3387,173.2296,2.581,13.011,126.8582,2021,228,71.85583333333334,40.04
2021-08-17,114.03689999999999,18.561400000000003,8.0893,14.737,180.66920000000002,3.443,31.731,140.6876,2021,229,58.45666666666667,78.24
2021-08-18,105.73339999999999,21.2117,17.5077,7.1932,174.06570000000002,2.55,12.097,144.4528,2021,230,78.52374999999999,37.459999999999994
2021-08-19,98.9158,25.391299999999998,24.820400000000003,9.321200000000001,171.5325,3.17,2.65,149.1275,2021,231,91.66291666666666,67.57000000000001
2021-08-20,95.7175,27.4946,30.4256,0.0,163.10029999999998,2.884,0.784,153.6377,2021,232,102.08333333333333,42.94
2021-08-21,90.2633,23.4073,15.8958,0.0,140.1176,3.864,0.817,129.56640000000002,2021,233,91.46291666666667,35.58
2021-08-22,87.49010000000001,18.5095,5.0691999999999995,16.2346,145.2393,3.312,2.687,111.06880000000001,2021,234,78.07666666666667,30.83999999999999
2021-08-23,102.3622,25.9452,18.4471,5.585,161.12879999999998,2.776,16.247,146.7545,2021,235,93.79541666666667,42.31
2021-08-24,103.72760000000001,23.1623,23.2486,1.7389000000000001,169.1438,1.853,26.114,150.13850000000002,2021,236,93.96416666666666,46.709999999999994
2021-08-25,106.1756,17.2725,11.0293,4.680899999999999,169.808,3.518,17.542,134.47740000000002,2021,237,86.17125,33.34
2021-08-26,96.84339999999999,22.7621,30.6234,3.0801999999999996,171.7361,2.27,15.615,150.22889999999998,2021,238,92.63291666666667,54.7
2021-08-27,101.65180000000001,23.0502,25.6433,0.097,166.359,2.653,10.122,150.3453,2021,239,95.90750000000001,39.099999999999994
2021-08-28,104.86630000000001,18.1107,10.298200000000001,2.1758,149.03220000000002,2.442,4.906,133.2752,2021,240,86.2075,26.33999999999999
2021-08-29,104.23910000000001,19.0794,3.4978000000000002,13.417,150.1005,2.642,24.01,126.8163,2021,241,81.05875,34.36
2021-08-30,102.6752,29.4452,28.0813,5.2608999999999995,173.87,2.054,12.596,160.20170000000002,2021,242,106.56124999999999,60.11999999999999
2021-08-31,104.492,27.0656,17.352400000000003,2.779,175.4245,1.921,32.303,148.91000000000003,2021,243,109.75625000000001,51.010000000000005
2022-06-01,87.1704,21.980700000000002,19.5532,0.13169999999999998,166.6436,4.527,9.804,128.7043,2022,152,218.11249999999998,82.56000000000003
2022-06-02,92.3001,15.3411,7.697400000000001,8.459100000000001,166.93970000000002,4.472,6.428,115.3386,2022,153,194.26333333333332,77.00999999999999
2022-06-03,94.68180000000001,16.907400000000003,6.0937,7.0091,163.4614,4.391,19.41,117.6829,2022,154,186.2229166666667,69.07000000000002
2022-06-04,99.905,12.829799999999999,3.0998,12.8849,138.51510000000002,4.37,12.464,115.83460000000001,2022,155,171.36833333333334,62.22
2022-06-05,98.32730000000001,11.727799999999998,0.0,22.12,126.3653,4.487,14.152,110.05510000000001,2022,156,143.59291666666667,66.37
2022-06-06,113.95339999999999,11.481200000000001,3.6734,20.4448,129.88230000000001,4.496,6.892,129.10799999999998,2022,157,112.6175,188.57999999999998
2022-06-07,105.0051,19.097099999999998,18.4892,3.8257,170.05610000000001,2.646,14.422,142.5914,2022,158,184.60791666666668,83.09
2022-06-08,113.9849,22.6723,28.8897,0.0,166.8105,4.08,11.183,165.5469,2022,159,191.12749999999997,61.17999999999998
2022-06-09,113.6765,21.6175,19.8898,0.5298999999999999,174.3174,1.367,32.575,155.18380000000002,2022,160,188.88,52.43000000000001
2022-06-10,120.6934,17.8066,18.303,6.3125,170.3098,2.27,55.434,156.803,2022,161,185.58041666666668,68.85
2022-06-11,118.8252,14.8366,7.7439,13.5095,138.2191,4.362,30.316,141.4057,2022,162,138.73875,206.83
2022-06-12,108.7554,13.7795,6.5004,21.7851,126.8185,4.844,9.305,129.0353,2022,163,119.015,209.53
2022-06-13,98.24430000000001,19.2896,16.305,3.614,166.419,3.577,16.901,133.83890000000002,2022,164,174.88541666666666,85.70999999999998
2022-06-14,95.225,19.784599999999998,26.4671,1.0953,164.0095,4.624,9.122,141.4767,2022,165,200.47583333333333,130.32
2022-06-15,88.8485,24.8097,28.971799999999998,0.5027,162.9136,5.172,3.325,142.63,2022,166,214.54583333333335,134.30999999999997
2022-06-16,87.5883,23.8496,21.8327,3.4421999999999997,136.1132,4.328,11.252,133.2706,2022,167,204.80291666666665,119.73000000000002
2022-06-17,87.10010000000001,21.8677,27.4857,1.3904,148.3588,4.381,17.23,136.45350000000002,2022,168,256.45750000000004,153.49
2022-06-18,81.65610000000001,14.655700000000001,11.4394,13.7843,133.8618,5.257,5.375,107.75120000000001,2022,169,213.43083333333334,191.57000000000002
2022-06-19,74.6303,12.941799999999999,11.1865,22.6625,127.964,5.278,43.243,98.7586,2022,170,154.88666666666668,257.67
2022-06-20,69.50280000000001,25.5909,38.8352,0.0734,169.9746,4.517,16.509,133.9289,2022,171,287.05291666666665,249.53000000000003
2022-06-21,76.4487,23.694,23.4852,2.8377999999999997,166.32129999999998,3.203,18.485,123.62790000000001,2022,172,314.6254166666667,226.94
2022-06-22,73.8027,25.560299999999998,28.717,2.5276,168.806,2.895,1.37,128.07999999999998,2022,173,343.94416666666666,280.75
2022-06-23,76.8061,19.3212,18.465799999999998,0.7514,169.318,3.379,2.795,114.5931,2022,174,312.9554166666667,183.24
2022-06-24,78.7935,18.0921,8.8811,6.858599999999999,167.98229999999998,2.716,27.125,105.7667,2022,175,282.16875,131.20000000000002
2022-06-25,88.8635,11.437899999999999,1.865,20.2407,140.9331,3.807,18.935,102.1664,2022,176,250.25666666666666,141.14000000000001
2022-06-26,78.67,14.258799999999999,4.8357,19.412200000000002,129.2284,4.662,1.019,97.7645,2022,177,226.4525,220.15
2022-06-27,70.8865,17.4542,17.5634,5.9814,171.1421,3.701,22.803,105.9041,2022,178,333.34708333333333,162.52999999999997
2022-06-28,73.9675,20.5123,28.3921,7.7852,176.5036,3.14,16.657,122.8719,2022,179,362.16083333333336,207.14999999999998
2022-06-29,94.5274,14.5018,8.6521,10.2906,177.1542,3.173,11.853,117.68130000000001,2022,180,334.58958333333334,130.7
2022-06-30,103.6913,16.500400000000003,16.2048,2.6386,174.4085,3.495,11.193,136.3965,2022,181,347.6345833333333,210.45999999999998
2022-07-01,95.619,17.8703,13.922600000000001,2.4526,171.21220000000002,3.251,18.19,127.4119,2022,182,334.1775,118.19999999999999
2022-07-02,97.47139999999999,10.9641,0.6742999999999999,24.2662,138.645,4.787,30.14,109.10979999999999,2022,183,255.67916666666667,224.3
2022-07-03,85.685,9.6244,1.7135,17.009700000000002,128.67860000000002,4.671,3.159,97.02289999999999,2022,184,225.01916666666668,224.64999999999998
2022-07-04,74.81689999999999,17.1625,21.739900000000002,4.829,169.8795,2.383,6.586,113.7193,2022,185,344.1020833333334,168.62000000000003
2022-07-05,88.421,16.388900000000003,20.3173,1.3869,170.0199,2.215,18.481,125.12720000000002,2022,186,353.74125,112.67999999999995
2022-07-06,86.1287,14.5685,16.699,4.152699999999999,166.886,5.259,13.61,117.3962,2022,187,347.32666666666665,133.81
2022-07-07,76.1775,11.8685,6.4085,8.549,170.8171,3.242,20.727,94.4545,2022,188,310.7075,191.42999999999998
2022-07-08,93.4298,12.5699,10.515600000000001,17.7746,162.13139999999999,4.457,49.614,116.51530000000001,2022,189,303.8308333333333,215.88
2022-07-09,97.9907,8.314,0.1771,24.046200000000002,138.04229999999998,4.363,34.07,106.48179999999999,2022,190,174.23541666666665,292.8
2022-07-10,81.8306,8.8309,5.1,15.385399999999999,129.418,4.557,35.851,95.7615,2022,191,124.92916666666667,357.15
2022-07-11,74.8035,17.3504,27.9842,2.4997,159.87189999999998,3.847,17.938,120.1381,2022,192,376.94,200.7
2022-07-12,71.31569999999999,19.1693,29.1651,0.0522,162.845,4.506,13.216,119.65009999999998,2022,193,396.7658333333333,177.26
2022-07-13,70.9521,14.980799999999999,12.0564,10.4754,164.6365,5.966,26.038,97.9893,2022,194,377.98625,147.25
2022-07-14,65.6852,17.3895,12.7836,3.8548,167.38070000000002,5.546,10.31,95.85829999999999,2022,195,391.15083333333337,106.15999999999997
2022-07-15,63.0971,13.666,10.895100000000001,4.373399999999999,161.6934,5.137,25.739,87.6582,2022,196,384.28458333333333,134.18
2022-07-16,64.607,9.2394,0.9074,20.017,137.4041,4.98,13.697,74.7538,2022,197,294.5154166666667,257.21000000000004
2022-07-17,57.647800000000004,10.719899999999999,6.2578000000000005,23.9404,124.891,5.628,5.323,74.6255,2022,198,242.26375,349.26
2022-07-18,53.615300000000005,18.9415,34.9046,5.4958,159.5002,4.362,0.467,107.46140000000001,2022,199,449.0645833333333,394.78000000000003
2022-07-19,57.4176,17.4543,22.930400000000002,4.6956999999999995,162.80110000000002,4.325,0.713,97.8023,2022,200,444.49125000000004,275.27
2022-07-20,54.2885,17.525,18.7578,6.6218,165.8885,6.28,6.162,90.57130000000001,2022,201,419.4041666666667,338.95000000000005
2022-07-21,54.0676,18.0425,23.6116,3.6635999999999997,168.7369,5.476,8.188,95.7217,2022,202,451.61625000000004,224.91000000000003
2022-07-22,56.0567,15.9385,16.3201,7.1582,163.0219,5.793,11.921,88.3153,2022,203,436.8141666666666,229.90000000000003
2022-07-23,59.6079,15.6127,1.4502000000000002,9.316799999999999,144.54410000000001,4.271,13.238,76.6708,2022,204,364.8591666666667,87.88
2022-07-24,59.564800000000005,11.0006,3.499,17.7379,130.0317,5.177,12.982,74.0644,2022,205,333.3620833333333,222.49
2022-07-25,50.793099999999995,15.015799999999999,21.422099999999997,0.0993,163.1658,5.837,11.64,87.231,2022,206,385.5466666666666,216.96000000000004
2022-07-26,62.8235,16.3235,24.4627,7.1831000000000005,167.57139999999998,1.453,19.898,103.6097,2022,207,443.0370833333333,185.28000000000003
2022-07-27,60.7428,17.0323,17.1098,5.1211,161.072,5.003,3.349,94.88490000000002,2022,208,465.7816666666667,211.76000000000005
2022-07-28,57.511,18.5978,11.584100000000001,6.050800000000001,157.0567,5.224,6.871,87.69290000000001,2022,209,497.5254166666667,196.19
2022-07-29,61.8241,18.056099999999997,4.9465,8.8476,156.2237,4.75,6.69,84.8267,2022,210,477.1433333333334,166.09999999999997
2022-07-30,84.20939999999999,12.898399999999999,0.5962999999999999,17.1735,137.7354,3.338,20.928,97.70409999999998,2022,211,407.7616666666667,167.06
2022-07-31,80.5487,11.873899999999999,1.0492000000000001,25.140900000000002,125.553,4.828,46.101,93.47179999999999,2022,212,316.95166666666665,259.03
2022-08-01,62.4865,17.4577,15.4746,7.0521,153.1725,4.405,4.31,95.41879999999999,2022,213,431.64625,220.71000000000004
2022-08-02,61.589800000000004,14.6336,10.287600000000001,7.1476999999999995,154.47310000000002,4.46,6.38,86.511,2022,214,452.8325,184.47999999999996
2022-08-03,60.3082,17.140400000000003,16.737099999999998,9.3704,154.33079999999998,5.432,0.818,94.1857,2022,215,427.55041666666665,208.77000000000004
2022-08-04,58.0544,16.9346,17.7972,3.5939,155.4159,3.306,2.066,92.78620000000001,2022,216,427.77375,171.99999999999994
2022-08-05,56.2756,15.0648,17.673299999999998,2.9589000000000003,156.55429999999998,5.3,5.794,89.0137,2022,217,413.31375,146.27000000000004
2022-08-06,61.056599999999996,9.254,1.0411,25.321,141.1416,2.637,47.898,71.3517,2022,218,306.61333333333334,188.41000000000003
2022-08-07,57.8746,10.0138,4.6164,23.6546,125.36189999999999,3.425,26.305,72.5048,2022,219,216.84333333333333,335.17
2022-08-08,54.0773,14.911,12.7101,9.956100000000001,153.3295,4.23,13.408,81.69839999999999,2022,220,376.96625,224.32999999999998
2022-08-09,58.5805,13.7616,11.040899999999999,11.8629,152.3468,4.668,26.876,83.383,2022,221,355.92541666666665,180.60000000000002
2022-08-10,53.7413,15.2141,11.097700000000001,13.835,152.8278,4.35,16.617,80.0531,2022,222,342.3458333333333,169.13
2022-08-11,51.019,20.171,38.0368,0.9411,154.8135,4.63,10.273,109.2268,2022,223,380.9925,239.87
2022-08-12,53.6356,19.7849,32.5732,0.0063,150.79229999999998,4.476,5.064,105.9937,2022,224,444.4675,175.44
2022-08-13,52.027,18.1214,10.065700000000001,2.8158000000000003,134.54579999999999,4.515,14.205,80.21410000000002,2022,225,412.89124999999996,139.45
2022-08-14,47.5459,15.5685,7.3439,13.2675,123.9905,4.007,6.897,70.45830000000001,2022,226,381.88875,153.60000000000002
2022-08-15,48.4088,20.1613,13.944600000000001,9.7679,128.8076,4.863,2.363,82.5147,2022,227,426.9291666666666,205.72000000000003
2022-08-16,50.201,23.550099999999997,23.5607,2.7924,158.1943,4.947,14.055,97.31179999999999,2022,228,490.7929166666666,254.82999999999998
2022-08-17,51.7752,22.295099999999998,25.8045,4.3658,163.2489,5.498,1.691,99.87480000000001,2022,229,555.1266666666667,287.28
2022-08-18,49.012699999999995,21.824,21.899900000000002,0.1255,165.0424,4.876,6.296,92.7366,2022,230,562.535,179.37999999999994
2022-08-19,51.3551,17.8023,10.59,6.1979,164.3628,3.184,6.138,79.7474,2022,231,516.9016666666666,146.66999999999996
2022-08-20,60.508,19.498,3.8036999999999996,14.9246,143.148,3.328,24.071,83.8097,2022,232,470.445,158.76999999999998
2022-08-21,88.04169999999999,13.6299,2.2297,31.817400000000003,130.9818,1.669,52.019,103.90129999999998,2022,233,405.3808333333333,351.03
2022-08-22,84.6541,18.6624,20.4941,4.1953000000000005,164.5282,1.567,51.165,123.81060000000001,2022,234,564.6591666666667,232.38000000000005
2022-08-23,70.3301,18.403200000000002,28.272599999999997,0.0,164.71529999999998,2.159,27.489,117.0059,2022,235,615.7529166666667,294.38000000000005
2022-08-24,63.8266,15.290700000000001,13.2173,6.2001,162.76129999999998,4.091,23.76,92.3346,2022,236,635.5183333333333,314.02
2022-08-25,56.706,16.9946,20.5545,2.6548000000000003,166.7982,4.097,1.285,94.25510000000001,2022,237,628.5558333333333,253.73000000000002
2022-08-26,55.8273,20.8466,21.737599999999997,0.6628,163.2639,4.135,0.621,98.4115,2022,238,707.2312499999999,233.77999999999997
2022-08-27,62.6589,11.821200000000001,0.5818,4.956899999999999,141.34920000000002,3.794,7.142,75.06190000000001,2022,239,647.8595833333334,194.14
2022-08-28,65.341,9.840399999999999,0.0902,24.6851,132.243,2.973,8.251,75.27159999999999,2022,240,545.9383333333334,305.65000000000003
2022-08-29,66.5998,11.7915,3.835,12.7597,163.2399,4.567,13.697,82.2263,2022,241,764.1658333333334,396.34000000000003
2022-08-30,57.9874,15.946399999999999,11.4688,3.8407,162.50910000000002,4.784,6.114,85.4026,2022,242,725.9779166666667,241.36
2022-08-31,59.5024,15.4771,10.2343,8.633299999999998,170.0226,1.886,14.927,85.2138,2022,243,673.2833333333333,250.54999999999995
2023-06-01,117.4515,17.806900000000002,19.2426,4.3373,147.73860000000002,11.525,0.862,154.501,2023,152,73.45625,112.75
2023-06-02,118.1612,17.8489,20.5085,4.91,144.8164,11.986,12.807,156.5186,2023,153,79.2925,76.78999999999999
2023-06-03,116.1018,13.8745,8.8059,13.5238,121.5768,13.703,13.024,138.78220000000002,2023,154,55.895833333333336,96.72
2023-06-04,115.6966,14.2915,10.1917,17.633,114.6465,7.653,6.26,140.1798,2023,155,50.850833333333334,124.71
2023-06-05,114.3623,19.8959,19.5783,0.4502,150.5261,5.998,4.437,153.8365,2023,156,88.4425,76.85000000000001
2023-06-06,119.53710000000001,21.7016,32.2522,0.0,152.0578,6.071,2.002,173.4909,2023,157,92.64833333333333,72.51
2023-06-07,120.9927,22.1888,22.1073,0.3517,151.63170000000002,9.688,0.886,165.2888,2023,158,98.01916666666666,64.41000000000001
2023-06-08,113.84939999999999,16.1752,11.4043,0.663,118.1938,10.348,1.447,141.4289,2023,159,83.93875,47.05
2023-06-09,124.1219,15.4584,8.5135,3.7351,140.06879999999998,11.423,3.741,148.0938,2023,160,86.46875,42.39
2023-06-10,110.6618,13.7439,9.1336,11.2401,119.97510000000001,9.972,7.638,133.5393,2023,161,59.18875,87.64
2023-06-11,110.3921,12.015600000000001,6.7448999999999995,23.036,115.6798,10.116,16.476,129.1526,2023,162,43.595,125.86
2023-06-12,115.27510000000001,18.334400000000002,21.567400000000003,2.1733000000000002,151.032,11.278,16.324,155.17690000000002,2023,163,97.4825,68.16999999999999
2023-06-13,110.3168,16.113,13.3165,6.9766,146.9196,11.671,5.997,139.7463,2023,164,94.51416666666667,52.18000000000001
2023-06-14,102.8484,17.388,18.955099999999998,1.3432,146.6053,9.979,4.137,139.1915,2023,165,104.15541666666667,71.94000000000001
2023-06-15,99.0395,17.457099999999997,21.6354,0.0,144.7585,10.714,3.988,138.132,2023,166,117.58541666666667,86.25999999999999
2023-06-16,99.594,17.0502,17.5532,0.6387,147.0175,11.187,20.971,134.1974,2023,167,126.79791666666667,73.38999999999999
2023-06-17,92.4996,15.2394,8.712200000000001,11.844,121.31519999999999,13.273,22.064,116.4512,2023,168,104.43874999999998,114.15
2023-06-18,87.29260000000001,14.933399999999999,5.334,17.3273,111.79469999999999,15.391,1.272,107.56,2023,169,92.47083333333335,112.98
2023-06-19,87.7499,17.562,10.801200000000001,7.9015,149.0193,11.468,2.252,116.1131,2023,170,115.99874999999999,104.71
2023-06-20,91.1005,17.8394,12.1277,1.8976,152.27939999999998,11.904,11.331,121.0676,2023,171,120.82916666666667,70.46000000000001
2023-06-21,88.92880000000001,16.092299999999998,10.3355,0.9021,151.2545,11.193,6.891,115.3566,2023,172,123.62,96.67
2023-06-22,93.91069999999999,16.9928,10.640799999999999,1.1462999999999999,151.378,11.751,7.025,121.54429999999999,2023,173,125.21541666666667,50.97000000000001
2023-06-23,93.0232,15.155700000000001,7.5522,2.3766,149.1064,8.508,49.587,115.7311,2023,174,110.03958333333333,47.55
2023-06-24,93.2107,13.236600000000001,5.5748,13.7659,125.3184,12.605,43.96,112.0221,2023,175,80.61625,138.9
2023-06-25,91.5438,13.456299999999999,10.0724,18.012900000000002,111.204,15.295,13.673,115.0725,2023,176,73.66083333333333,157.87
2023-06-26,85.5796,15.8843,10.0384,1.5680999999999998,149.56289999999998,11.805,5.096,111.50229999999999,2023,177,100.82416666666667,56.70000000000002
2023-06-27,75.2965,13.6371,12.5763,1.0694000000000001,154.2611,9.029,27.67,101.5099,2023,178,104.10875,56.790000000000006
2023-06-28,86.3228,14.8948,13.8173,2.0849,155.9537,10.279,18.003,115.03490000000001,2023,179,111.60416666666667,74.43999999999998
2023-06-29,88.2031,14.8231,14.4206,0.2191,152.2244,12.295,5.605,117.4468,2023,180,117.58125,71.08
2023-06-30,84.044,15.195200000000002,14.312,0.2889,153.71079999999998,9.192,8.569,113.5512,2023,181,111.05291666666666,48.12000000000002
2023-07-01,89.2333,10.3117,0.266,17.8573,131.272,8.998,14.757,99.811,2023,182,70.71333333333332,112.07000000000001
2023-07-02,86.38210000000001,9.1956,1.946,30.4159,119.7204,10.684,35.524,97.5237,2023,183,-17.32041666666667,594.9
2023-07-03,83.4226,16.09,14.5577,4.1129,155.644,9.57,7.663,114.0703,2023,184,81.13333333333334,120.17999999999999
2023-07-04,85.9163,13.835,12.991700000000002,7.0699,155.04379999999998,9.876,5.826,112.74300000000002,2023,185,107.02333333333333,95.60000000000001
2023-07-05,89.5543,12.4321,4.957,9.0519,157.8446,10.006,15.697,106.9434,2023,186,98.35625,55.16
2023-07-06,96.73830000000001,17.4776,23.192700000000002,2.7546999999999997,153.9723,8.564,10.279,137.4086,2023,187,106.80416666666667,95.59000000000002
2023-07-07,92.0096,16.5568,13.2685,8.7518,144.36370000000002,11.668,6.322,121.8349,2023,188,101.05416666666667,99.39
2023-07-08,84.5231,11.6501,8.5381,13.7021,124.2598,13.962,3.151,104.7113,2023,189,82.22708333333334,113.05000000000001
2023-07-09,82.015,13.242799999999999,6.7091,11.924199999999999,116.29010000000001,14.82,2.329,101.96690000000001,2023,190,89.35666666666667,96.82
2023-07-10,78.6106,19.3109,23.385,0.0855,152.9418,10.881,5.3,121.30650000000001,2023,191,118.29791666666667,86.45999999999998
2023-07-11,80.881,18.2476,13.769200000000001,0.124,154.9041,11.607,8.397,112.8978,2023,192,114.23791666666666,84.67999999999999
2023-07-12,80.1462,16.0657,10.3674,3.0359000000000003,158.982,9.074,13.952,106.57929999999999,2023,193,109.42666666666666,68.68
2023-07-13,90.3579,16.199,6.0827,3.5268,157.269,7.407,25.76,112.6396,2023,194,106.17458333333333,54.27999999999999
2023-07-14,103.2638,13.236799999999999,9.945200000000002,8.3325,146.37210000000002,11.531,13.844,126.4458,2023,195,95.09249999999999,62.91000000000001
2023-07-15,85.382,9.2934,1.9107,17.0362,126.6524,16.477,30.413,96.58610000000002,2023,196,34.11833333333333,89.11999999999999
2023-07-16,77.6057,8.453100000000001,9.6313,23.6388,122.11210000000001,14.886,19.818,95.6901,2023,197,40.35333333333333,118.99000000000001
2023-07-17,78.4182,12.5144,8.7947,1.2024000000000001,156.3198,11.194,14.862,99.7273,2023,198,101.57249999999999,55.91
2023-07-18,80.1936,14.2157,13.729700000000001,0.0773,156.7612,11.929,14.1,108.13900000000001,2023,199,108.75791666666667,108.53000000000002
2023-07-19,84.7594,19.3052,12.054,0.0,159.49329999999998,11.539,12.539,116.1186,2023,200,98.93041666666666,45.84
2023-07-20,87.2802,18.6802,14.0064,0.453,155.5671,12.295,16.578,119.96679999999999,2023,201,99.64291666666666,63.150000000000006
2023-07-21,88.277,19.5974,13.6636,0.0,151.09320000000002,7.578,7.578,121.53800000000001,2023,202,106.30041666666666,51.95
2023-07-22,90.49789999999999,13.4554,5.9779,8.344299999999999,126.93560000000001,11.814,17.742,109.93119999999999,2023,203,77.17666666666666,95.72
2023-07-23,80.9635,9.914299999999999,1.5351,17.8655,115.8657,16.406,15.081,92.4129,2023,204,33.129583333333336,112.57
2023-07-24,79.64,17.8186,13.684,1.3622,151.5223,10.311,24.061,111.1426,2023,205,91.60208333333333,51.10000000000001
2023-07-25,86.0416,22.332900000000002,26.2142,0.0,154.0081,7.862,10.65,134.58870000000002,2023,206,102.71708333333333,61.260000000000005
2023-07-26,97.2357,19.59,19.1494,0.1717,148.9942,9.082,56.704,135.9751,2023,207,95.82833333333333,44.5
2023-07-27,102.122,17.547,13.5385,5.9269,143.1425,12.806,20.249,133.2075,2023,208,94.02666666666666,47.879999999999995
2023-07-28,95.2945,17.7551,21.4067,0.0241,141.1532,11.972,15.75,134.4563,2023,209,93.71041666666667,37.33999999999999
2023-07-29,93.30069999999999,13.9776,6.2811,8.039399999999999,123.7351,13.793,14.727,113.55939999999998,2023,210,78.175,83.68
2023-07-30,96.5156,10.0924,1.3827,18.5708,116.20989999999999,9.651,11.674,107.9907,2023,211,39.305416666666666,111.86999999999999
2023-07-31,94.984,12.3605,7.743399999999999,13.140600000000001,136.6215,12.074,16.748,115.08789999999999,2023,212,72.205,74.0
2023-08-01,92.69439999999999,14.7575,19.2675,1.6662000000000001,151.6132,5.854,7.77,126.7194,2023,213,81.26708333333333,51.730000000000004
2023-08-02,109.1793,14.97,9.7696,9.2736,141.7859,12.139,36.253,133.9189,2023,214,67.12375,78.33
2023-08-03,103.35790000000001,14.8886,14.857899999999999,8.4136,150.3363,5.663,14.323,133.1044,2023,215,51.315,101.0
2023-08-04,107.8416,23.1822,40.601099999999995,0.0,144.2612,7.224,4.674,171.6249,2023,216,93.26791666666666,53.24000000000001
2023-08-05,118.91669999999999,20.2539,13.0571,3.7678000000000003,131.2621,2.37,37.168,152.22769999999997,2023,217,87.70041666666667,63.29
2023-08-06,118.8043,11.252799999999999,2.5256999999999996,18.1803,118.81389999999999,7.385,60.331,132.5828,2023,218,43.31125,81.71
2023-08-07,121.9699,9.1845,0.4571,23.8786,144.8849,6.45,63.518,131.6115,2023,219,21.64916666666667,72.22
2023-08-08,124.8519,9.9299,14.9309,12.2941,139.3522,10.688,19.768,149.7127,2023,220,17.729166666666668,107.77000000000001
2023-08-09,122.914,19.8287,36.444300000000005,0.0,149.8656,8.605,6.964,179.187,2023,221,89.11666666666667,78.0
2023-08-10,134.5305,19.4912,17.011400000000002,3.8824,142.3802,10.083,4.777,171.0331,2023,222,89.34291666666667,86.53
2023-08-11,127.6357,17.1124,20.6154,8.2229,137.3353,12.725,2.728,165.3635,2023,223,88.42291666666667,115.13
2023-08-12,113.99910000000001,11.2439,9.5107,17.0755,122.96889999999999,15.283,12.437,134.7537,2023,224,73.95083333333334,106.28
2023-08-13,105.1795,11.7403,10.591,23.5182,117.2893,14.598,14.946,127.5108,2023,225,60.88166666666666,118.54
2023-08-14,101.1177,15.786299999999999,20.0149,3.8621,136.5782,12.86,33.137,136.9189,2023,226,96.06833333333333,98.07999999999998
2023-08-15,97.2017,16.1266,12.792399999999999,11.9963,123.8995,14.666,22.863,126.1207,2023,227,86.27666666666666,116.46000000000001
2023-08-16,105.42280000000001,19.1717,20.994400000000002,0.0259,151.9271,10.351,3.633,145.58890000000002,2023,228,109.68874999999998,71.88
2023-08-17,102.44319999999999,21.3077,30.0396,0.0,153.3469,10.933,1.469,153.79049999999998,2023,229,109.15666666666665,57.499999999999986
2023-08-18,102.1015,19.4434,20.4954,0.7884,150.63879999999997,10.499,1.06,142.0403,2023,230,108.11708333333333,70.24000000000001
2023-08-19,94.77,16.4419,15.4152,9.7835,129.5276,13.921,0.421,126.6271,2023,231,83.26666666666667,119.81
2023-08-20,89.107,15.5875,13.9884,11.569600000000001,121.1394,14.501,0.809,118.6829,2023,232,90.14791666666667,126.72
2023-08-21,86.9983,21.801299999999998,27.0401,0.0615,158.4303,11.51,1.324,135.8397,2023,233,120.89791666666667,102.92999999999999
2023-08-22,84.16,22.328799999999998,23.526799999999998,0.0,163.16420000000002,11.479,4.936,130.0156,2023,234,123.55708333333332,108.02
2023-08-23,80.50019999999999,20.899099999999997,24.8214,0.2097,167.985,10.351,7.727,126.22069999999998,2023,235,150.33958333333334,183.02
2023-08-24,79.4185,20.068900000000003,17.7287,0.8383999999999999,162.994,12.366,4.856,117.2161,2023,236,145.33374999999998,158.95000000000002
2023-08-25,79.7656,15.540799999999999,17.4882,1.6287,159.92260000000002,11.742,15.157,112.7946,2023,237,123.33125,89.13000000000001
2023-08-26,78.1572,12.728,6.3333,8.6299,136.17589999999998,12.939,8.469,97.21849999999999,2023,238,103.52125000000001,58.989999999999995
2023-08-27,79.74589999999999,13.040299999999998,4.315600000000001,5.3004,126.1537,12.707,22.445,97.1018,2023,239,100.10958333333333,54.46000000000001
2023-08-28,86.5853,14.1443,5.4023,4.4277,163.8221,7.061,27.567,106.1319,2023,240,117.40125,92.77000000000001
2023-08-29,93.21719999999999,17.399099999999997,13.561399999999999,0.13770000000000002,164.2476,4.324,26.203,124.17769999999999,2023,241,119.65249999999999,67.14999999999999
2023-08-30,105.9519,23.6412,12.209100000000001,0.14780000000000001,159.4054,5.851,27.951,141.8022,2023,242,115.46375,70.48
2023-08-31,111.6807,24.9378,8.5328,2.7505,155.1695,9.821,20.485,145.15130000000002,2023,243,106.25291666666668,52.83999999999999
2024-06-01,120.6528,16.0467,2.6668,13.248700000000001,133.0845,22.491,10.969,139.3663,2024,153,60.54125,90.14999999999999
2024-06-02,110.2496,13.619399999999999,5.5862,20.1629,119.0985,29.437,15.663,129.4552,2024,154,26.3425,124.16000000000001
2024-06-03,108.7122,21.38,25.227,0.0,159.5755,20.316,6.043,155.3192,2024,155,116.95625,144.29
2024-06-04,89.98339999999999,19.576,16.9384,2.9048000000000003,154.386,25.621,26.279,126.49779999999998,2024,156,104.44583333333333,170.24
2024-06-05,97.8085,18.982400000000002,13.204600000000001,6.8202,152.7505,31.223,3.512,129.9955,2024,157,88.7075,136.75
2024-06-06,107.22930000000001,18.7195,13.4455,11.030700000000001,154.1393,28.614,5.98,139.39430000000002,2024,158,85.68124999999999,130.0
2024-06-07,110.35210000000001,19.7112,17.264400000000002,11.8195,152.39589999999998,27.178,8.76,147.3277,2024,159,82.08,115.5
2024-06-08,112.3571,16.643900000000002,5.5294,18.990299999999998,130.0516,30.923,7.857,134.53040000000001,2024,160,41.42541666666667,134.82999999999998
2024-06-09,104.5753,16.703,6.3307,24.7528,123.0302,26.336,10.847,127.60900000000001,2024,161,23.450416666666666,145.28
2024-06-10,103.1053,23.286099999999998,11.9821,0.8777,160.717,19.53,7.653,138.3735,2024,162,88.98875,105.58999999999999
2024-06-11,102.20989999999999,18.2415,7.4352,9.0228,161.40810000000002,21.471,23.606,127.88659999999999,2024,163,67.79291666666667,65.57000000000001
2024-06-12,108.5942,18.9466,12.9249,6.0184,158.44629999999998,20.61,21.599,140.4657,2024,164,85.60708333333334,107.71
2024-06-13,114.9233,18.782400000000003,15.9554,6.3644,157.3614,23.316,11.009,149.6611,2024,165,82.84291666666667,80.34
2024-06-14,121.1918,16.0414,22.7462,2.3354,148.8346,27.286,6.692,159.9794,2024,166,72.43916666666667,69.54
2024-06-15,117.14,11.121799999999999,4.4938,21.5837,130.6338,29.597,24.081,132.7556,2024,167,9.074583333333333,163.61
2024-06-16,114.4325,12.0029,7.760800000000001,25.0018,120.41510000000001,28.63,12.234,134.1962,2024,168,17.431250000000002,122.4
2024-06-17,121.1478,18.0015,16.3779,4.8615,150.2675,31.055,3.524,155.52720000000002,2024,169,75.53041666666667,133.41000000000003
2024-06-18,119.9422,20.313599999999997,26.115,3.6832999999999996,153.65439999999998,34.867,14.776,166.3708,2024,170,81.18166666666666,116.49000000000001
2024-06-19,119.281,21.0438,19.8212,5.5134,158.73229999999998,34.003,14.893,160.14600000000002,2024,171,77.50791666666667,85.75999999999999
2024-06-20,114.6688,20.4252,23.101599999999998,0.0782,161.812,28.697,16.664,158.19559999999998,2024,172,77.09791666666666,60.029999999999994
2024-06-21,113.8793,24.8079,20.4662,0.0,161.046,28.726,14.609,159.15339999999998,2024,173,87.53875,62.370000000000005
2024-06-22,109.5455,15.5226,4.6276,21.9994,134.2699,29.518,29.189,129.6957,2024,174,36.12,94.02999999999999
2024-06-23,115.38380000000001,14.863100000000001,7.3138000000000005,22.4492,122.3028,25.602,24.863,137.5607,2024,175,43.6475,110.22999999999999
2024-06-24,112.7307,17.6676,14.596200000000001,9.7681,151.3175,30.525,23.057,144.99450000000002,2024,176,76.6575,79.49
2024-06-25,112.3514,20.289,21.2189,11.0282,156.4023,29.406,6.341,153.8593,2024,177,75.59833333333333,136.74
2024-06-26,111.9189,22.6504,31.0162,0.0,159.82520000000002,25.303,12.931,165.5855,2024,178,236.27874999999997,2030.6
2024-06-27,113.7605,20.944599999999998,22.322200000000002,1.907,162.3021,23.394,1.637,157.0273,2024,179,85.63416666666666,72.88999999999999
2024-06-28,114.1689,17.9447,18.3436,11.8207,155.7353,29.358,6.511,150.4572,2024,180,64.30458333333333,124.38
2024-06-29,114.38719999999999,19.7435,24.909,14.088899999999999,135.8554,32.172,15.642,159.03969999999998,2024,181,61.940416666666664,105.45
2024-06-30,103.6195,16.2563,9.9356,23.2325,127.1943,30.886,56.323,129.8114,2024,182,39.635,99.03
2024-07-01,107.09519999999999,22.258,25.1114,0.0,161.7909,24.748,31.63,154.4646,2024,183,86.64458333333333,54.400000000000006
2024-07-02,118.1655,20.6668,17.54,0.0,155.8257,22.457,48.161,156.3723,2024,184,80.52374999999999,47.06
2024-07-03,112.0632,22.3614,30.5965,0.0,157.4336,23.232,10.965,165.0211,2024,185,80.65625,46.44
2024-07-04,111.321,14.4294,8.365,16.9486,153.89270000000002,28.426,24.843,134.1154,2024,186,52.41291666666667,98.91
2024-07-05,113.0564,13.0927,10.3221,20.0996,148.1166,24.483,20.673,136.4712,2024,187,33.61208333333334,86.9
2024-07-06,102.43039999999999,10.9939,1.8285,25.3418,129.9463,26.622,41.5,115.2528,2024,188,3.68625,146.37
2024-07-07,102.1267,12.5676,9.665899999999999,21.7067,126.6478,19.28,13.526,124.36019999999999,2024,189,22.282083333333333,121.29
2024-07-08,103.4496,21.3049,21.9173,0.6339,155.56879999999998,24.391,8.109,146.67180000000002,2024,190,77.56208333333333,57.349999999999994
2024-07-09,102.848,19.0403,17.1498,1.8337999999999999,157.6855,29.893,4.654,139.0381,2024,191,61.99,101.67
2024-07-10,101.5453,17.6334,13.3744,1.0555999999999999,163.4421,29.163,16.429,132.5531,2024,192,64.44208333333333,49.3
2024-07-11,104.5337,20.5405,17.554299999999998,0.1989,161.84810000000002,27.576,10.581,142.62849999999997,2024,193,71.11541666666666,57.9
2024-07-12,103.6823,21.4012,16.154,0.7303,159.95929999999998,26.707,11.313,141.2375,2024,194,69.4325,71.31
2024-07-13,108.6723,18.7926,5.4167,17.3614,132.4296,25.694,13.028,132.8816,2024,195,25.907083333333333,80.4
2024-07-14,98.56819999999999,12.4909,10.4329,14.4173,121.8176,31.935,10.161,121.49199999999999,2024,196,18.317916666666665,182.34
2024-07-15,101.88419999999999,20.1025,23.076900000000002,0.8416,156.03779999999998,32.414,4.429,145.06359999999998,2024,197,72.49791666666667,100.03
2024-07-16,101.8575,18.0463,14.9794,4.2475,161.4147,29.396,15.933,134.88320000000002,2024,198,62.8725,74.51
2024-07-17,105.9086,17.8037,15.733,1.37,162.1215,19.749,36.753,139.4453,2024,199,69.80583333333333,56.64
2024-07-18,105.8931,19.9617,21.279,3.4240999999999997,156.0975,32.438,16.437,147.1338,2024,200,80.26,102.69
2024-07-19,104.4842,19.5916,27.3292,3.4166,153.4394,30.998,10.662,151.405,2024,201,78.24541666666666,66.87
2024-07-20,109.17869999999999,20.0533,20.6844,8.649899999999999,136.19639999999998,18.801,3.782,149.9164,2024,202,68.08041666666666,66.22
2024-07-21,99.4876,17.494,16.796200000000002,14.122399999999999,120.6537,36.045,1.782,133.7778,2024,203,45.56666666666666,97.58000000000001
2024-07-22,101.00619999999999,19.3782,26.1606,1.0162,156.7312,24.927,28.405,146.545,2024,204,89.72125,111.79000000000002
2024-07-23,103.47,21.151400000000002,23.2394,0.9708,155.6738,25.068,21.459,147.86079999999998,2024,205,77.96583333333334,49.89
2024-07-24,104.15960000000001,20.8182,20.0304,8.463,153.4303,27.502,29.142,145.00820000000002,2024,206,71.125,129.58
2024-07-25,101.4471,22.3598,25.1605,8.0886,148.92270000000002,29.62,8.97,148.9674,2024,207,79.2775,142.45
2024-07-26,95.97489999999999,20.561,21.8349,5.216600000000001,143.144,32.921,3.298,138.3708,2024,208,86.66958333333334,76.46000000000001
2024-07-27,93.072,16.128,6.54,12.8219,127.90939999999999,32.442,23.263,115.74000000000001,2024,209,72.73666666666666,83.18
2024-07-28,83.1228,13.6665,4.835,17.2045,124.85119999999999,24.087,29.956,101.62429999999999,2024,210,46.312916666666666,139.89999999999998
2024-07-29,83.8517,13.981200000000001,14.3495,14.9839,142.4352,30.669,12.679,112.1824,2024,211,64.67083333333333,161.91
2024-07-30,84.2446,16.9848,18.5104,10.338,144.04829999999998,32.989,5.135,119.7398,2024,212,71.70791666666666,136.32
2024-07-31,82.2164,18.435299999999998,20.147599999999997,6.1849,147.8645,31.126,5.993,120.79929999999999,2024,213,79.15958333333333,124.55000000000001
2024-08-01,82.8656,22.6833,24.004900000000003,0.19569999999999999,153.7816,24.945,5.844,129.5538,2024,214,90.68708333333332,68.38
2024-08-02,88.9323,19.4874,19.233400000000003,3.3606,149.0705,24.398,27.694,127.65310000000001,2024,215,88.46041666666667,54.63000000000001
2024-08-03,86.90639999999999,17.9705,15.9502,14.8017,126.52489999999999,29.457,33.578,120.82709999999999,2024,216,66.97833333333334,120.67999999999999
2024-08-04,82.6015,16.3395,13.7317,17.3617,118.5495,26.032,5.913,112.6727,2024,217,57.767500000000005,127.62
2024-08-05,83.17439999999999,18.981,27.4151,0.0,145.454,19.577,11.123,129.57049999999998,2024,218,97.74541666666666,136.51999999999998
2024-08-06,80.8094,15.9396,14.137,6.3354,140.7477,31.082,3.006,110.886,2024,219,84.86749999999999,208.82
2024-08-07,80.69760000000001,18.1051,17.4458,2.1134,147.6157,27.073,3.947,116.2485,2024,220,83.36958333333332,84.32
2024-08-08,81.53689999999999,19.870099999999997,23.2192,3.2950999999999997,151.0343,25.062,12.05,124.62619999999998,2024,221,90.22333333333334,119.22999999999999
2024-08-09,77.6358,13.3978,14.172799999999999,15.9295,145.36860000000001,30.02,6.936,105.2064,2024,222,67.38291666666667,102.53999999999999
2024-08-10,69.1616,12.9517,8.993799999999998,14.5286,129.4151,30.681,6.136,91.1071,2024,223,56.04416666666666,158.51
2024-08-11,65.4034,12.883899999999999,13.0214,16.2877,122.0856,32.495,3.578,91.3087,2024,224,52.27333333333333,186.67
2024-08-12,67.44439999999999,16.9222,20.2802,7.581600000000001,152.9153,28.308,8.702,104.64679999999998,2024,225,93.1175,186.69
2024-08-13,71.925,13.7689,17.993,5.5831,157.4184,27.733,7.067,103.6869,2024,226,98.1125,83.09
2024-08-14,74.5522,13.4946,19.1863,2.3405,154.9659,26.861,11.68,107.23310000000001,2024,227,101.25916666666666,61.370000000000005
2024-08-15,73.27380000000001,11.1664,7.9269,13.889899999999999,129.5347,32.189,7.187,92.36710000000001,2024,228,80.67375,114.38
2024-08-16,69.7928,13.0504,19.372,6.6793000000000005,143.46370000000002,27.356,3.248,102.2152,2024,229,99.64875,108.60000000000001
2024-08-17,71.8401,12.0167,5.0007,8.390799999999999,133.6359,25.514,4.972,88.8575,2024,230,95.01916666666666,72.92
2024-08-18,77.3281,9.6206,4.2494,10.5246,126.1284,25.282,9.761,91.1981,2024,231,82.17666666666666,94.75999999999999
2024-08-19,89.54910000000001,13.905700000000001,13.9236,2.0007,159.4812,15.388,34.828,117.3784,2024,232,95.89041666666667,67.74999999999999
2024-08-20,90.6645,12.4631,10.350700000000002,5.9358,157.5574,24.591,18.309,113.4783,2024,233,99.01333333333334,78.07000000000001
2024-08-21,88.08330000000001,12.424700000000001,5.445600000000001,12.3935,161.823,18.629,37.865,105.95360000000001,2024,234,81.17625,92.25
2024-08-22,86.0326,12.8638,14.010200000000001,3.3430999999999997,156.0516,25.718,9.201,112.9066,2024,235,94.67416666666666,57.94999999999999
2024-08-23,76.0778,10.863700000000001,10.19,14.1591,152.6911,28.799,6.053,97.13149999999999,2024,236,73.5175,94.75999999999999
2024-08-24,70.9292,12.1241,7.5028999999999995,17.5057,133.5552,30.601,12.539,90.55619999999999,2024,237,58.27625,134.72
2024-08-25,64.368,6.6917,2.5051,22.1799,130.0215,21.777,41.364,73.56479999999999,2024,238,29.004166666666666,122.13
2024-08-26,76.5502,13.7377,15.379299999999999,5.2297,159.0599,18.482,41.272,105.66720000000001,2024,239,101.04708333333333,135.69
2024-08-27,74.26089999999999,15.8548,14.9419,3.7164,159.7372,24.203,24.916,105.0576,2024,240,99.55666666666667,148.3
2024-08-28,72.5662,15.805,15.561399999999999,0.6389,160.9215,25.527,3.019,103.93259999999998,2024,241,106.40666666666668,79.49000000000001
2024-08-29,68.6605,18.9473,16.3536,1.9327,164.259,24.618,3.921,103.9614,2024,242,111.15583333333332,120.32
2024-08-30,67.1628,19.9204,17.6631,0.5258999999999999,159.11870000000002,25.828,1.651,104.7463,2024,243,113.28625,91.50000000000001
2024-08-31,62.0862,14.7915,6.9264,11.6145,138.75420000000003,26.642,9.789,83.8041,2024,244,89.63708333333334,139.16
2025-06-01,89.87689999999999,11.301,4.4803999999999995,21.2911,119.7855,27.907,12.361,105.6583,2025,152,39.446666666666665,129.35
2025-06-02,96.089,14.9131,10.06,5.071,155.3648,21.322,11.476,121.0621,2025,153,83.43666666666667,200.25
2025-06-03,104.32130000000001,17.521099999999997,8.8615,10.268,156.4712,20.262,7.524,130.7039,2025,154,81.98416666666667,180.25
2025-06-04,112.8858,16.8432,2.1458000000000004,13.789100000000001,154.8615,30.013,30.845,131.87480000000002,2025,155,64.58708333333333,115.78
2025-06-05,109.9647,16.275100000000002,16.4083,7.0925,156.6567,25.452,24.853,142.6481,2025,156,73.26541666666667,104.86000000000001
2025-06-06,105.1014,13.570799999999998,12.0589,14.159600000000001,150.8407,29.368,5.724,130.7311,2025,157,50.464166666666664,144.41
2025-06-07,100.4575,14.718200000000001,11.6906,6.9434,133.2883,19.348,15.169,126.8663,2025,158,53.04541666666666,90.58
2025-06-08,101.7225,11.8233,5.0207,15.547,125.5425,12.359,15.825,118.5665,2025,159,39.432916666666664,130.0
2025-06-09,104.3468,11.7698,8.9813,32.9766,116.9429,30.897,24.807,125.09790000000001,2025,160,36.89458333333334,154.32999999999998
2025-06-10,94.3786,12.5395,8.537,10.451,144.6558,34.078,34.902,115.45510000000002,2025,161,60.83416666666667,131.94
2025-06-11,90.4535,15.614,10.7793,9.354700000000001,152.0601,30.156,29.912,116.8468,2025,162,70.64958333333333,212.23000000000002
2025-06-12,81.38080000000001,15.731,14.372399999999999,12.1688,151.8676,35.025,5.612,111.4842,2025,163,64.115,208.47
2025-06-13,82.43289999999999,14.7083,13.467600000000001,9.7161,147.826,35.966,13.727,110.60879999999999,2025,164,60.32125,159.54999999999998
2025-06-14,78.4457,13.140600000000001,11.0474,15.2225,127.31439999999999,36.043,3.507,102.6337,2025,165,46.88166666666667,201.99
2025-06-15,79.42160000000001,13.7868,12.406,14.789100000000001,119.7862,33.528,3.41,105.61440000000002,2025,166,59.66916666666666,148.03
2025-06-16,91.0885,14.1238,7.5714,9.4026,159.9171,10.449,53.744,112.7837,2025,167,85.88916666666667,168.7
2025-06-17,89.6071,14.4375,11.897,8.8857,150.305,29.616,33.328,115.94160000000001,2025,168,83.68291666666666,241.72
2025-06-18,80.26339999999999,14.5229,20.0059,9.394200000000001,149.21929999999998,34.994,4.612,114.79219999999998,2025,169,77.36583333333333,169.89
2025-06-19,74.4867,12.995899999999999,15.144,13.8877,125.29860000000001,31.061,21.518,102.6266,2025,170,59.55125,222.22000000000003
2025-06-20,70.8648,14.255700000000001,22.3127,15.427,133.7344,34.651,19.517,107.4332,2025,171,84.25041666666667,200.58999999999997
2025-06-21,66.35810000000001,13.9619,22.682299999999998,18.5326,121.2098,36.95,3.635,103.0023,2025,172,69.45083333333334,223.07
2025-06-22,63.0349,10.3542,13.8218,21.165599999999998,115.66489999999999,36.291,4.134,87.2109,2025,173,44.482499999999995,222.07
2025-06-23,62.3759,12.072,16.78,10.1605,155.07029999999997,25.431,18.227,91.2279,2025,174,57.07416666666666,144.26
2025-06-24,64.908,11.1582,15.101799999999999,8.4777,154.6044,31.627,27.674,91.168,2025,175,60.04666666666666,133.49
2025-06-25,63.789199999999994,10.6076,22.841900000000003,13.506200000000002,157.7825,33.526,24.874,97.2387,2025,176,85.78625,219.38
2025-06-26,65.0897,15.4505,30.484599999999997,3.7425,165.95329999999998,26.654,13.258,111.0248,2025,177,101.20166666666667,82.68
2025-06-27,70.7531,11.588299999999998,14.149,8.7192,156.7909,23.564,45.778,96.49040000000001,2025,178,89.46333333333332,82.66
2025-06-28,67.2115,8.786,5.8797,21.810299999999998,132.3215,27.931,33.4,81.8772,2025,179,56.12416666666667,125.03999999999999
2025-06-29,58.541599999999995,9.838700000000001,9.4689,16.729599999999998,123.04639999999999,32.024,11.043,77.8492,2025,180,57.280833333333334,132.10999999999999
2025-06-30,58.9401,13.0224,17.6176,8.9236,157.047,30.702,21.014,89.5801,2025,181,97.06208333333335,286.66999999999996
2025-07-01,60.8022,11.837299999999999,17.041,9.4806,155.2151,32.753,7.152,89.6805,2025,182,131.07958333333332,438.05
2025-07-02,59.7543,12.7389,17.7811,9.2769,156.7481,33.771,14.949,90.2743,2025,183,99.30708333333332,164.02999999999997
2025-07-03,60.6058,14.8086,16.36,5.5831,162.9924,26.205,28.877,91.7744,2025,184,93.19416666666666,120.53
2025-07-04,66.4767,15.3379,13.3345,7.8448,155.5695,17.59,28.454,95.1491,2025,185,97.26958333333333,96.56
2025-07-05,61.499199999999995,12.479899999999999,10.851799999999999,15.821399999999999,127.4459,32.834,7.757,84.83089999999999,2025,186,59.28375,123.07
2025-07-06,64.72630000000001,14.1324,13.0446,14.8773,121.794,23.716,14.184,91.90330000000002,2025,187,74.27833333333334,116.79
2025-07-07,84.3666,19.5311,14.0261,5.6293999999999995,152.629,13.539,11.778,117.9238,2025,188,109.44625,57.66
2025-07-08,112.29339999999999,20.185599999999997,4.4461,7.3886,159.44420000000002,7.574,43.08,136.9251,2025,189,93.23,47.519999999999996
2025-07-09,111.3509,18.388,13.9696,10.915,151.5806,18.908,75.07,143.70850000000002,2025,190,87.24458333333332,95.47
2025-07-10,99.43010000000001,14.414,11.9565,10.377,151.34720000000002,20.068,54.827,125.80060000000002,2025,191,88.80125,93.69
2025-07-11,95.4502,12.948799999999999,10.0513,13.3319,147.1489,21.88,21.859,118.4503,2025,192,85.64666666666666,78.91
2025-07-12,94.17989999999999,10.4863,6.5229,17.554,123.8347,23.335,9.977,111.1891,2025,193,70.93333333333334,124.03
2025-07-13,84.2035,10.3734,5.545100000000001,19.6327,116.3992,30.472,12.379,100.12200000000001,2025,194,68.61125,126.94
2025-07-14,81.9729,12.1271,9.627799999999999,6.2412,152.1027,23.211,22.951,103.72779999999999,2025,195,98.77208333333334,78.14000000000001
2025-07-15,82.3683,12.1096,4.5308,8.382,154.0346,25.168,35.181,99.0087,2025,196,94.4425,76.5
2025-07-16,86.3388,13.1784,9.596200000000001,7.4963999999999995,155.5093,15.422,21.417,109.1134,2025,197,96.73333333333333,50.849999999999994
2025-07-17,103.24539999999999,15.1815,9.8484,12.0356,150.7205,21.251,36.741,128.2753,2025,198,94.58166666666666,79.32
2025-07-18,103.6104,15.8154,12.2295,7.360399999999999,145.3504,22.119,14.404,131.65529999999998,2025,199,98.67833333333334,68.3
2025-07-19,87.2476,13.0477,5.2973,15.6205,124.7373,33.1,3.943,105.5926,2025,200,66.63208333333334,105.99000000000001
2025-07-20,84.5532,13.6182,4.6282,18.099700000000002,118.596,31.483,5.725,102.7996,2025,201,66.73666666666666,107.94000000000001
2025-07-21,84.94619999999999,16.574900000000003,6.2386,2.6639,154.6225,20.203,31.484,107.7597,2025,202,88.73583333333333,37.95
2025-07-22,89.849,15.847700000000001,12.6856,10.546899999999999,150.3727,26.127,24.962,118.38230000000001,2025,203,79.13958333333333,109.21
2025-07-23,87.17660000000001,13.703100000000001,12.050600000000001,9.1394,152.72910000000002,22.81,8.121,112.93030000000002,2025,204,90.12458333333332,51.48
2025-07-24,87.9713,18.2223,16.791,0.858,157.35629999999998,17.601,11.001,122.9846,2025,205,100.07916666666667,39.59
2025-07-25,93.6808,19.647599999999997,16.0656,2.4899,149.6615,17.238,12.098,129.394,2025,206,95.81458333333335,33.91
2025-07-26,107.0455,17.6737,4.1677,10.6124,133.5506,9.558,7.567,128.8869,2025,207,91.60083333333334,46.8
2025-07-27,122.34410000000001,16.985400000000002,1.9722,18.1318,119.7728,11.905,42.193,141.3017,2025,208,70.55,89.18
2025-07-28,123.3569,17.1926,5.7945,6.6066,146.244,14.434,46.158,146.344,2025,209,93.295,43.2
2025-07-29,112.3631,18.4603,11.7947,12.4761,149.05120000000002,13.026,51.461,142.6181,2025,210,80.81750000000001,96.22
2025-07-30,115.698,17.8481,13.0574,12.271600000000001,142.658,25.291,18.56,146.6035,2025,211,75.41833333333334,100.13
2025-07-31,119.3325,17.3543,16.0992,6.6777,143.0968,23.247,23.112,152.786,2025,212,84.79125,94.09
2025-08-01,114.75280000000001,16.8257,16.0118,7.6728000000000005,155.33370000000002,18.798,13.536,147.5903,2025,213,88.12625000000001,57.92
2025-08-02,115.7597,15.3207,10.9209,13.2224,135.7875,11.129,8.472,142.0013,2025,214,65.23625,104.11
2025-08-03,126.7231,14.4263,6.149,21.7464,123.3165,14.809,26.802,147.29840000000002,2025,215,40.8125,106.08
2025-08-04,116.3186,14.4435,8.6126,10.7979,151.55089999999998,18.48,36.343,139.37470000000002,2025,216,64.01958333333333,99.11
2025-08-05,107.7384,14.1296,12.114700000000001,12.042399999999999,153.1047,31.709,8.417,133.9827,2025,217,43.87625,125.63999999999999
2025-08-06,100.998,15.1524,19.3229,11.485700000000001,147.67610000000002,29.759,27.605,135.4733,2025,218,60.98541666666667,180.07000000000002
2025-08-07,98.1362,17.3163,27.2483,14.045200000000001,145.47310000000002,33.592,15.629,142.70080000000002,2025,219,65.65375,138.62
2025-08-08,93.3677,19.015900000000002,23.319200000000002,12.6541,145.2279,34.021,9.562,135.7028,2025,220,68.61958333333334,148.17
2025-08-09,86.9445,16.854200000000002,24.2055,14.6014,123.10910000000001,33.029,3.167,128.00420000000003,2025,221,61.175000000000004,141.81
2025-08-10,79.2235,14.4774,13.4798,17.372,116.5473,29.604,16.055,107.1807,2025,222,45.215,174.71
2025-08-11,78.36710000000001,18.436700000000002,23.5792,10.5575,147.847,31.558,13.826,120.38300000000001,2025,223,80.91916666666667,196.88
2025-08-12,76.4178,19.5433,20.876900000000003,7.8378000000000005,146.4074,33.358,8.624,116.83800000000001,2025,224,79.71958333333333,151.93
2025-08-13,74.6455,19.3233,21.390099999999997,9.1144,151.33970000000002,30.977,20.187,115.3589,2025,225,91.98666666666666,200.20000000000002
2025-08-14,70.6034,19.646900000000002,18.7055,6.6738,152.8425,31.109,7.849,108.9558,2025,226,102.40958333333333,228.17
2025-08-15,69.6858,17.215400000000002,10.3366,11.7247,124.526,31.544,3.722,97.23780000000001,2025,227,71.55458333333333,119.87
2025-08-16,68.5857,16.3648,7.2096,11.9647,128.6069,24.897,20.526,92.1601,2025,228,63.28333333333333,100.96000000000001
2025-08-17,68.8165,15.7231,13.566799999999999,9.985299999999999,123.26089999999999,19.823,31.749,98.10640000000001,2025,229,61.43875,111.28
2025-08-18,68.61189999999999,18.3676,18.5657,9.1578,149.0231,31.102,18.518,105.5452,2025,230,90.07125,186.24
2025-08-19,65.94619999999999,18.6727,18.6993,10.043299999999999,147.74220000000003,31.833,5.017,103.31819999999999,2025,231,86.65541666666667,127.71
2025-08-20,65.5815,19.344900000000003,17.607200000000002,5.8677,153.39329999999998,25.3,3.844,102.5336,2025,232,89.42958333333333,96.03999999999999
2025-08-21,74.0306,16.8637,20.022599999999997,0.353,159.1174,8.317,7.011,110.91690000000001,2025,233,96.53541666666666,53.03999999999999
2025-08-22,93.8895,14.699,16.038899999999998,8.7256,148.6894,24.238,39.195,124.6274,2025,234,72.15958333333333,109.36999999999999
2025-08-23,92.0005,11.9732,11.3364,12.019200000000001,132.2885,16.513,22.047,115.3101,2025,235,68.55041666666666,122.16
2025-08-24,76.6343,10.0699,8.090300000000001,17.606900000000003,122.2177,28.261,12.939,94.7945,2025,236,62.85125,124.45
2025-08-25,73.1904,13.2612,22.4955,10.0446,152.1207,30.189,5.593,108.9471,2025,237,87.39208333333333,209.60999999999999
2025-08-26,66.88260000000001,13.302200000000001,23.385099999999998,8.1527,153.23870000000002,30.371,6.359,103.5699,2025,238,97.955,158.64
2025-08-27,66.8836,13.5308,23.095299999999998,5.5892,157.71470000000002,21.881,7.762,103.5097,2025,239,102.55916666666667,161.57
2025-08-28,61.0963,15.0706,15.598799999999999,9.8829,161.2919,22.295,55.072,91.7657,2025,240,69.6725,186.45999999999998
2025-08-29,75.8578,16.7853,11.0991,7.7281,157.2619,15.776,34.947,103.7422,2025,241,96.02166666666666,86.49000000000001
2025-08-30,79.8857,14.943200000000001,13.284,5.099,134.1774,13.785,13.938,108.11290000000001,2025,242,72.0625,124.81
2025-08-31,71.4321,10.3756,8.894200000000001,19.503400000000003,121.8238,24.669,32.472,90.70190000000001,2025,243,56.050000000000004,128.25
2026-06-01,78.8064,12.8245,18.284200000000002,6.006600000000001,152.5564,21.169,44.863,109.9151,2026,152,146.90083333333334,272.8
2026-06-02,81.2098,11.8753,10.97,10.4785,151.8075,36.852,14.965,104.0551,2026,153,121.67135416666667,110.0
2026-06-03,83.0081,12.780100000000001,7.1084,8.0269,159.5661,13.73,39.393,102.8966,2026,154,115.54479166666665,115.39000000000001
2026-06-04,87.9807,8.2508,2.6195,20.1966,123.7705,42.617,13.884,98.851,2026,155,70.2946875,139.16
2026-06-05,79.90660000000001,12.0855,12.1405,8.5244,140.11270000000002,15.362,27.926,104.13260000000001,2026,156,103.573125,156.37
2026-06-06,79.0587,10.9073,4.9012,16.9902,120.4916,36.771,1.677,94.86720000000001,2026,157,82.02010416666667,155.01999999999998
2026-06-07,70.0082,8.5915,4.3214,20.964299999999998,114.7285,34.069,11.365,82.9211,2026,158,45.16260416666666,194.20999999999998
2026-06-08,70.876,11.740200000000002,12.6597,10.585700000000001,146.0724,40.212,4.023,95.27590000000001,2026,159,109.74208333333333,158.45
2026-06-09,74.227,12.682799999999999,9.959700000000002,5.1082,159.28539999999998,19.456,19.857,96.8695,2026,160,113.45145833333333,145.61
2026-06-10,93.4358,14.251,12.1041,6.4436,166.61339999999998,10.601,24.191,119.79090000000001,2026,161,126.671875,137.64999999999998
2026-06-11,111.4609,11.957799999999999,7.8114,8.328899999999999,154.21439999999998,34.375,55.342,131.2301,2026,162,87.55020833333333,162.46
2026-06-12,113.5465,10.574399999999999,10.5721,5.7512,154.9652,21.918,26.864,134.69299999999998,2026,163,102.76822916666667,99.04
2026-06-13,111.656,8.1142,2.8987,20.9058,128.0685,34.088,17.308,122.66890000000001,2026,164,32.24916666666667,167.55
2026-06-14,107.617,7.1752,6.0013000000000005,22.3908,119.1613,30.289,21.073,120.79350000000001,2026,165,26.6521875,157.49
2026-06-15,101.717,10.597100000000001,16.7286,11.0313,146.8225,36.917,21.183,129.0427,2026,166,76.67947916666667,169.38
2026-06-16,91.57130000000001,11.3794,18.935299999999998,9.1488,152.2107,34.767,11.84,121.88600000000001,2026,167,100.49802083333333,205.83
2026-06-17,86.68839999999999,11.491100000000001,16.3869,4.697,155.2685,32.866,13.876,114.56639999999999,2026,168,116.4853125,134.06
2026-06-18,83.8863,11.9728,15.8291,8.6746,155.2381,37.634,3.725,111.68820000000001,2026,169,131.7821875,452.7
2026-06-19,82.078,12.0551,12.068299999999999,12.298200000000001,152.39079999999998,41.564,5.96,106.20139999999999,2026,170,104.97927083333333,190.95999999999998
2026-06-20,78.3755,11.1651,11.2666,14.111,133.4508,36.468,10.057,100.8072,2026,171,85.80510416666668,174.06
2026-06-21,79.56039999999999,12.3209,7.2465,15.255,124.1521,38.975,9.294,99.12779999999998,2026,172,81.89989583333333,160.93
2026-06-22,74.9213,13.5678,15.116100000000001,7.5543000000000005,157.6653,35.08,11.679,103.60520000000001,2026,173,124.47458333333333,286.01
2026-06-23,73.658,15.9105,24.2898,5.964899999999999,159.39620000000002,35.883,11.919,113.8583,2026,174,169.45677083333334,481.67999999999995
2026-06-24,73.775,14.2219,18.9273,10.8855,159.7227,40.172,8.204,106.92420000000001,2026,175,192.31458333333333,613.62
2026-06-25,71.4114,13.3414,17.8475,9.9966,160.65820000000002,41.127,4.337,102.6003,2026,176,132.95135416666668,296.33
2026-06-26,66.366,12.0194,13.0819,12.069700000000001,157.9452,40.885,1.005,91.46730000000001,2026,177,132.10875000000001,357.72
2026-06-27,64.2516,11.9725,10.199399999999999,14.5383,138.0023,41.299,5.83,86.42349999999999,2026,178,95.620625,203.38
2026-06-28,59.3784,9.0572,6.4361999999999995,18.3669,130.3795,38.768,19.124,74.8718,2026,179,83.98697916666667,157.6
2026-06-29,64.5048,14.0473,19.625799999999998,7.677899999999999,164.50220000000002,36.073,12.787,98.1779,2026,180,133.73322916666666,203.51
2026-06-30,71.1913,13.3137,21.645599999999998,7.416399999999999,165.1267,36.268,19.042,106.1506,2026,181,154.4696875,299.16999999999996
2026-07-01,70.7818,14.3628,14.5867,0.31860000000000005,167.9837,24.27,33.893,99.7313,2026,182,154.23010416666668,138.56
2026-07-02,72.9254,10.586799999999998,5.3002,15.4089,156.2483,36.286,52.048,88.8124,2026,183,94.6359375,179.27
2026-07-03,66.0631,10.3397,11.7371,15.3768,153.1217,33.524,46.928,88.13990000000001,2026,184,75.9903125,158.82000000000002
2026-07-04,59.8453,7.9799,9.2084,19.983400000000003,127.593,40.176,29.495,77.03359999999999,2026,185,66.57708333333333,155.37
2026-07-05,53.2606,6.8789,4.8197,15.884300000000001,123.08030000000001,25.327,19.527,64.9592,2026,186,66.41489583333333,151.46
2026-07-06,54.347699999999996,10.1139,6.777399999999999,8.3261,156.41660000000002,23.679,27.133,71.23899999999999,2026,187,112.35000000000001,130.04000000000002
2026-07-07,54.461800000000004,10.7146,9.817,5.728,159.6262,30.825,35.764,74.99340000000001,2026,188,100.36135416666667,156.31
2026-07-08,53.3741,12.610100000000001,12.7806,3.5362,166.6839,17.777,43.866,78.76480000000001,2026,189,122.23656249999999,112.95000000000002
2026-07-09,52.716800000000006,10.5049,13.269800000000002,11.8727,157.4354,31.65,38.953,76.4915,2026,190,123.04,197.69
2026-07-10,53.167300000000004,11.1228,17.4227,9.5398,149.9654,41.091,6.949,81.71280000000002,2026,191,123.3303125,158.73
2026-07-11,50.0559,9.1848,10.3141,13.978299999999999,131.5939,39.07,9.167,69.5548,2026,192,95.06489583333332,160.31
2026-07-12,44.926,7.105300000000001,5.1437,17.315,123.3015,34.142,29.67,57.175000000000004,2026,193,80.28145833333333,149.81
2026-07-13,44.6939,9.662700000000001,15.414200000000001,10.451,152.3872,37.997,16.398,69.77080000000001,2026,194,128.92729166666666,137.11
2026-07-14,48.9125,11.2787,15.290299999999998,5.5678,160.44420000000002,27.532,5.436,75.4815,2026,195,135.72395833333334,135.76
2026-07-15,52.8911,12.2026,14.813799999999999,7.4818999999999996,160.327,30.472,6.366,79.9075,2026,196,146.83364583333335,109.77
2026-07-16,56.3975,10.7243,13.777700000000001,9.994200000000001,159.23870000000002,32.699,3.343,80.8995,2026,197,161.011875,236.41000000000003
2026-07-17,54.1634,9.425,8.661299999999999,8.0505,155.2724,28.31,12.19,72.2497,2026,198,144.78510416666666,90.85999999999999
2026-07-18,53.813199999999995,7.994,10.177100000000001,13.6335,133.1764,29.723,20.221,71.98429999999999,2026,199,96.42302083333334,173.41
2026-07-19,51.6532,7.2075,7.4479,15.256200000000002,123.0116,25.484,18.918,66.3086,2026,200,84.52927083333334,173.53
2026-07-20,50.4855,8.9037,11.315700000000001,11.8581,145.2252,36.646,6.912,70.70490000000001,2026,201,128.97677083333335,169.1
2026-07-21,47.7749,8.7928,12.6578,7.8762,148.7066,30.137,13.803,69.2255,2026,202,138.31197916666667,142.3
2026-07-22,45.9898,7.4416,7.5432,9.73,146.2931,32.903,14.117,60.9746,2026,203,134.16010416666668,169.95
2026-07-23,42.539199999999994,8.0634,7.5232,9.7456,148.9518,30.643,30.147,58.1258,2026,204,138.205625,158.22
2026-07-24,41.7021,7.1265,5.7907,14.0168,140.44129999999998,35.685,30.134,54.6193,2026,205,133.28520833333332,199.27
2026-07-25,39.2864,4.1091999999999995,2.6388000000000003,16.671799999999998,123.8311,40.717,16.241,46.034400000000005,2026,206,95.70468749999999,194.64
2026-07-26,36.3233,4.5551,0.9325,18.2619,123.2623,23.77,19.782,41.810900000000004,2026,207,96.38375,199.14999999999998
2026-07-27,37.9471,5.5448,6.306,14.8701,147.9868,22.161,48.553,49.7979,2026,208,101.61270833333333,181.35000000000002
2026-07-28,40.859300000000005,5.3407,12.5146,14.464799999999999,144.89010000000002,36.7,9.89,58.714600000000004,2026,209,126.76718749999999,231.33
2026-07-29,41.0749,5.8133,15.116800000000001,12.1153,147.4036,37.151,15.289,62.004999999999995,2026,210,137.97979166666667,318.64
2026-07-30,41.2632,6.589300000000001,16.3782,9.5897,152.01139999999998,35.645,22.974,64.2307,2026,211,134.125,228.5
2026-07-31,41.927,6.6202,17.5507,10.3159,150.3212,34.144,20.579,66.0979,2026,212,155.61083333333332,167.6
2026-08-01,42.631699999999995,6.583600000000001,7.9002,9.4125,131.7346,28.957,13.537,57.1155,2026,213,133.44177083333332,193.79
2026-08-02,41.4347,7.1244,6.5251,14.808200000000001,121.9609,31.714,18.812,55.0842,2026,214,116.1646875,196.21
2026-08-03,44.019800000000004,7.7513000000000005,10.2606,11.4855,148.26829999999998,34.934,17.597,62.0317,2026,215,155.45104166666667,223.03999999999996
2026-08-04,43.838699999999996,9.325299999999999,13.5967,8.3928,153.20170000000002,35.202,28.546,66.7607,2026,216,159.37177083333333,212.91999999999996
2026-08-05,42.895,10.9869,17.5905,7.2795,156.4919,33.959,17.9,71.4724,2026,217,162.3321875,253.61
2026-08-06,48.1496,11.413799999999998,15.1727,4.2822,158.9614,26.251,19.992,74.73610000000001,2026,218,174.155,175.01
2026-08-07,54.2233,10.601700000000001,6.7856000000000005,10.3932,151.4888,24.248,31.592,71.6106,2026,219,152.01645833333333,143.51999999999998
2026-08-08,53.788199999999996,7.4189,5.3426,17.7318,128.4811,34.994,10.425,66.5497,2026,220,111.32947916666666,190.63
2026-08-09,45.929199999999994,6.4734,5.3443000000000005,17.7773,120.8341,38.174,9.742,57.7469,2026,221,98.99572916666666,202.9
2026-08-10,45.345699999999994,8.2481,11.248299999999999,9.832,152.4845,29.861,10.583,64.84209999999999,2026,222,153.52802083333333,202.24
2026-08-11,47.4252,8.450700000000001,11.9482,7.775600000000001,156.5203,29.543,27.009,67.8241,2026,223,143.28708333333333,223.28
2026-08-12,44.9891,7.3341,7.7373,11.963899999999999,149.558,36.216,19.034,60.0605,2026,224,146.38947916666666,439.29
2026-08-13,42.4405,7.7643,13.318200000000001,9.6053,147.9471,37.295,9.488,63.522999999999996,2026,225,161.54885416666667,421.55
2026-08-14,42.513400000000004,8.1163,11.9231,11.626700000000001,144.41170000000002,37.25,3.594,62.552800000000005,2026,226,143.24989583333334,278.41
2026-08-15,41.3045,7.1711,10.7477,14.1799,121.89269999999999,36.231,17.78,59.2233,2026,227,117.05635416666667,197.85
2026-08-16,37.9204,8.203299999999999,14.495899999999999,11.8277,123.8461,25.753,22.845,60.6196,2026,228,137.8446875,192.14999999999998
2026-08-17,44.6196,13.6053,25.9017,0.4831,158.7566,12.317,25.54,84.1266,2026,229,181.45947916666668,83.13999999999999
2026-08-18,45.821400000000004,15.545300000000001,16.6929,1.1567,159.41979999999998,13.15,20.519,78.05960000000002,2026,230,166.07802083333334,83.68
2026-08-19,56.549699999999994,14.435799999999999,16.633599999999998,4.5473,155.7425,26.401,15.27,87.61909999999999,2026,231,167.20624999999998,98.5
2026-08-20,53.3187,12.4526,12.1919,5.048100000000001,162.50320000000002,20.729,16.375,77.9632,2026,232,165.16322916666667,116.30000000000001
2026-08-21,58.5571,11.796299999999999,6.0015,3.4748,157.2395,16.271,21.154,76.35489999999999,2026,233,173.41979166666667,86.59
2026-08-22,58.3799,8.7272,3.3685,14.6111,129.0911,24.157,44.169,70.4756,2026,234,115.89322916666667,186.31
2026-08-23,53.188,7.3976999999999995,3.6471,18.5232,119.2718,29.644,6.863,64.2328,2026,235,101.30375,204.75
2026-08-24,49.6232,10.6288,12.1912,10.8331,147.6406,30.159,5.957,72.44319999999999,2026,236,167.19468750000001,147.55
2026-08-25,46.3235,11.3598,14.0241,0.9127000000000001,159.4086,15.656,22.445,71.7074,2026,237,177.640625,121.7
2026-08-26,51.2966,12.1675,15.4284,6.4568,155.6116,27.344,6.032,78.8925,2026,238,178.18739583333334,131.64999999999998
2026-08-27,48.6222,10.402299999999999,12.5082,7.1011999999999995,156.6769,30.32,16.553,71.53269999999999,2026,239,164.97645833333334,167.32
2026-08-28,45.8885,9.011,5.2757,9.924700000000001,157.37720000000002,25.472,52.026,60.175200000000004,2026,240,146.054375,157.94
2026-08-29,47.9084,7.5337,7.0095,17.4882,131.9278,22.98,25.138,62.4516,2026,241,121.75802083333333,214.03
2026-08-30,45.368300000000005,9.864600000000001,11.351899999999999,14.0879,121.88069999999999,31.154,2.366,66.5848,2026,242,119.4584375,225.56
2026-08-31,45.4207,11.332600000000001,16.8128,8.9424,157.1535,22.389,15.44,73.56609999999999,2026,243,177.9928125,195.41
